"Name","Parent","Depth","FullName"
"21","L:\","0","L:\21"
"4M","L:\","0","L:\4M"
"5S","L:\","0","L:\5S"
"Accounts","L:\","0","L:\Accounts"
"Accounts-2","L:\","0","L:\Accounts-2"
"Accounts-3","L:\","0","L:\Accounts-3"
"Accounts-Audit","L:\","0","L:\Accounts-Audit"
"Admin","L:\","0","L:\Admin"
"Administration","L:\","0","L:\Administration"
"Application","L:\","0","L:\Application"
"Application_Assembly","L:\","0","L:\Application_Assembly"
"AP_TP_TBCR","L:\","0","L:\AP_TP_TBCR"
"Assembly Procedure-IED","L:\","0","L:\Assembly Procedure-IED"
"Backup","L:\","0","L:\Backup"
"Catalogue","L:\","0","L:\Catalogue"
"CBE2","L:\","0","L:\CBE2"
"CC","L:\","0","L:\CC"
"Central Purchase","L:\","0","L:\Central Purchase"
"CI Projects backup","L:\","0","L:\CI Projects backup"
"CMM","L:\","0","L:\CMM"
"CMT","L:\","0","L:\CMT"
"CMT_Commercial","L:\","0","L:\CMT_Commercial"
"CMT_Contract management","L:\","0","L:\CMT_Contract management"
"CNC PROGRAM","L:\","0","L:\CNC PROGRAM"
"Common2","L:\","0","L:\Common2"
"Corp-Plan Marketing","L:\","0","L:\Corp-Plan Marketing"
"Corporate-Admin","L:\","0","L:\Corporate-Admin"
"Corp_Planing","L:\","0","L:\Corp_Planing"
"Costing","L:\","0","L:\Costing"
"DAM","L:\","0","L:\DAM"
"Desgin","L:\","0","L:\Desgin"
"Development","L:\","0","L:\Development"
"Digital QP","L:\","0","L:\Digital QP"
"E-Commerce","L:\","0","L:\E-Commerce"
"ED Office","L:\","0","L:\ED Office"
"EDP","L:\","0","L:\EDP"
"Electrical Actuators","L:\","0","L:\Electrical Actuators"
"ESNK","L:\","0","L:\ESNK"
"Ex_Emp_bkp","L:\","0","L:\Ex_Emp_bkp"
"F","L:\","0","L:\F"
"Flow-meter","L:\","0","L:\Flow-meter"
"Global","L:\","0","L:\Global"
"GST","L:\","0","L:\GST"
"HR","L:\","0","L:\HR"
"HR-2","L:\","0","L:\HR-2"
"I17 Assign","L:\","0","L:\I17 Assign"
"ICAT","L:\","0","L:\ICAT"
"IED & JandF","L:\","0","L:\IED & JandF"
"Industrial Relations","L:\","0","L:\Industrial Relations"
"Inward","L:\","0","L:\Inward"
"Inward_Audit","L:\","0","L:\Inward_Audit"
"ISO","L:\","0","L:\ISO"
"ISO KMD sheets","L:\","0","L:\ISO KMD sheets"
"ISO-MR","L:\","0","L:\ISO-MR"
"Janatics","L:\","0","L:\Janatics"
"karthiacc","L:\","0","L:\karthiacc"
"Knowledge sharing","L:\","0","L:\Knowledge sharing"
"LAM-RRA Audit","L:\","0","L:\LAM-RRA Audit"
"Learning","L:\","0","L:\Learning"
"Machine shop","L:\","0","L:\Machine shop"
"Maintenance","L:\","0","L:\Maintenance"
"Marketing","L:\","0","L:\Marketing"
"Marketing-Dubai","L:\","0","L:\Marketing-Dubai"
"Materials","L:\","0","L:\Materials"
"MKTG_Projects","L:\","0","L:\MKTG_Projects"
"NON-MOVING","L:\","0","L:\NON-MOVING"
"NPD","L:\","0","L:\NPD"
"Official","L:\","0","L:\Official"
"OFL","L:\","0","L:\OFL"
"Operations","L:\","0","L:\Operations"
"Operations-Unit7","L:\","0","L:\Operations-Unit7"
"Oracle_Report","L:\","0","L:\Oracle_Report"
"photos","L:\","0","L:\photos"
"Pilot Batch","L:\","0","L:\Pilot Batch"
"PIM","L:\","0","L:\PIM"
"PLM_Project","L:\","0","L:\PLM_Project"
"Polymers","L:\","0","L:\Polymers"
"Pre Production","L:\","0","L:\Pre Production"
"Product Management","L:\","0","L:\Product Management"
"Production","L:\","0","L:\Production"
"Production Requirement","L:\","0","L:\Production Requirement"
"QC","L:\","0","L:\QC"
"RAJU","L:\","0","L:\RAJU"
"RandD","L:\","0","L:\RandD"
"Reception","L:\","0","L:\Reception"
"RM Price","L:\","0","L:\RM Price"
"RM_SHEET","L:\","0","L:\RM_SHEET"
"S.Source","L:\","0","L:\S.Source"
"Safety","L:\","0","L:\Safety"
"Sales","L:\","0","L:\Sales"
"Sales-Logistics","L:\","0","L:\Sales-Logistics"
"SCM-Project","L:\","0","L:\SCM-Project"
"SDT","L:\","0","L:\SDT"
"Security","L:\","0","L:\Security"
"Service","L:\","0","L:\Service"
"Skyfast","L:\","0","L:\Skyfast"
"Skyfast-HR","L:\","0","L:\Skyfast-HR"
"Skyfast-Maintenance","L:\","0","L:\Skyfast-Maintenance"
"SPM","L:\","0","L:\SPM"
"Sticker Files","L:\","0","L:\Sticker Files"
"Stores","L:\","0","L:\Stores"
"STR-PROJ","L:\","0","L:\STR-PROJ"
"Talent Acquisition","L:\","0","L:\Talent Acquisition"
"Tally","L:\","0","L:\Tally"
"TEXTILE","L:\","0","L:\TEXTILE"
"Toms","L:\","0","L:\Toms"
"Tool Design","L:\","0","L:\Tool Design"
"Tool Room","L:\","0","L:\Tool Room"
"Training Center","L:\","0","L:\Training Center"
"UAUC","L:\","0","L:\UAUC"
"Unit 5 & 6","L:\","0","L:\Unit 5 & 6"
"Users","L:\","0","L:\Users"
"VIP MEETING","L:\","0","L:\VIP MEETING"
"WP","L:\","0","L:\WP"
"4M & 5S AWARD FUNCTION JAN 2026","4M","1","L:\4M\4M & 5S AWARD FUNCTION JAN 2026"
"4M Display old Metric","4M","1","L:\4M\4M Display old Metric"
"4M UNIT 7","4M","1","L:\4M\4M UNIT 7"
"FORMAT","4M","1","L:\4M\FORMAT"
"New folder","4M","1","L:\4M\New folder"
"New folder (1)","4M","1","L:\4M\New folder (1)"
"New folder (2)","4M","1","L:\4M\New folder (2)"
"Packing","4M","1","L:\4M\Packing"
"PS","4M","1","L:\4M\PS"
"Server group AV","4M","1","L:\4M\Server group AV"
"FUNCTION PHOTOS-20260223T060821Z-1-001","4M & 5S AWARD FUNCTION JAN 2026","2","L:\4M\4M & 5S AWARD FUNCTION JAN 2026\FUNCTION PHOTOS-20260223T060821Z-1-001"
"FUNCTION PHOTOS","FUNCTION PHOTOS-20260223T060821Z-1-001","3","L:\4M\4M & 5S AWARD FUNCTION JAN 2026\FUNCTION PHOTOS-20260223T060821Z-1-001\FUNCTION PHOTOS"
"1) Production - Vertical 1","4M Display old Metric","2","L:\4M\4M Display old Metric\1) Production - Vertical 1"
"2) Delivery - Vertical 2","4M Display old Metric","2","L:\4M\4M Display old Metric\2) Delivery - Vertical 2"
"3) Quality - Vertical 3","4M Display old Metric","2","L:\4M\4M Display old Metric\3) Quality - Vertical 3"
"4) Improvements - Vertical 4","4M Display old Metric","2","L:\4M\4M Display old Metric\4) Improvements - Vertical 4"
"5) 5S - Vertical 5","4M Display old Metric","2","L:\4M\4M Display old Metric\5) 5S - Vertical 5"
"data","4M Display old Metric","2","L:\4M\4M Display old Metric\data"
"Kaizen Corner","4M Display old Metric","2","L:\4M\4M Display old Metric\Kaizen Corner"
"Morale Corner","4M Display old Metric","2","L:\4M\4M Display old Metric\Morale Corner"
"16.7.20","4M UNIT 7","2","L:\4M\4M UNIT 7\16.7.20"
"18.11.20","4M UNIT 7","2","L:\4M\4M UNIT 7\18.11.20"
"27.07.20","4M UNIT 7","2","L:\4M\4M UNIT 7\27.07.20"
"4M","4M UNIT 7","2","L:\4M\4M UNIT 7\4M"
"4M Corner Meet","4M UNIT 7","2","L:\4M\4M UNIT 7\4M Corner Meet"
"4M corner review","4M UNIT 7","2","L:\4M\4M UNIT 7\4M corner review"
"4M corner updated format","4M UNIT 7","2","L:\4M\4M UNIT 7\4M corner updated format"
"4M Corners","4M UNIT 7","2","L:\4M\4M UNIT 7\4M Corners"
"4M trend chart","4M UNIT 7","2","L:\4M\4M UNIT 7\4M trend chart"
"6.11.19 ok","4M UNIT 7","2","L:\4M\4M UNIT 7\6.11.19 ok"
"ARUL 00","4M UNIT 7","2","L:\4M\4M UNIT 7\ARUL 00"
"Carrom Board 00","4M UNIT 7","2","L:\4M\4M UNIT 7\Carrom Board 00"
"Corp-plan","4M UNIT 7","2","L:\4M\4M UNIT 7\Corp-plan"
"DRAWINGS 00","4M UNIT 7","2","L:\4M\4M UNIT 7\DRAWINGS 00"
"IED I23 Performance testing 3.4.23","4M UNIT 7","2","L:\4M\4M UNIT 7\IED I23 Performance testing 3.4.23"
"INVENTORY - 9-2-2021","4M UNIT 7","2","L:\4M\4M UNIT 7\INVENTORY - 9-2-2021"
"MANUAL","4M UNIT 7","2","L:\4M\4M UNIT 7\MANUAL"
"MC Shop","4M UNIT 7","2","L:\4M\4M UNIT 7\MC Shop"
"MINITAB_SOFTWARE_DOWNLOAD","4M UNIT 7","2","L:\4M\4M UNIT 7\MINITAB_SOFTWARE_DOWNLOAD"
"MOP","4M UNIT 7","2","L:\4M\4M UNIT 7\MOP"
"New folder (3)","4M UNIT 7","2","L:\4M\4M UNIT 7\New folder (3)"
"NEW METHOD WORKINGS-16-9-19","4M UNIT 7","2","L:\4M\4M UNIT 7\NEW METHOD WORKINGS-16-9-19"
"photos_11.04.23","4M UNIT 7","2","L:\4M\4M UNIT 7\photos_11.04.23"
"PRATHAP","4M UNIT 7","2","L:\4M\4M UNIT 7\PRATHAP"
"print","4M UNIT 7","2","L:\4M\4M UNIT 7\print"
"Production","4M UNIT 7","2","L:\4M\4M UNIT 7\Production"
"PTC Machine shop","4M UNIT 7","2","L:\4M\4M UNIT 7\PTC Machine shop"
"Quality department files","4M UNIT 7","2","L:\4M\4M UNIT 7\Quality department files"
"SCM DATA","4M UNIT 7","2","L:\4M\4M UNIT 7\SCM DATA"
"Skyfast","4M UNIT 7","2","L:\4M\4M UNIT 7\Skyfast"
"th","4M UNIT 7","2","L:\4M\4M UNIT 7\th"
"THURSDAY MEETING REVIEW-18-08-2020","4M UNIT 7","2","L:\4M\4M UNIT 7\THURSDAY MEETING REVIEW-18-08-2020"
"Training photos","4M UNIT 7","2","L:\4M\4M UNIT 7\Training photos"
"UNIT-4","4M UNIT 7","2","L:\4M\4M UNIT 7\UNIT-4"
"New folder","16.7.20","3","L:\4M\4M UNIT 7\16.7.20\New folder"
"Assembly","4M","3","L:\4M\4M UNIT 7\4M\Assembly"
"4M by aug'17","4M Corner Meet","3","L:\4M\4M UNIT 7\4M Corner Meet\4M by aug'17"
"Ashok Lyland","4M Corner Meet","3","L:\4M\4M UNIT 7\4M Corner Meet\Ashok Lyland"
"Board review related","4M Corner Meet","3","L:\4M\4M UNIT 7\4M Corner Meet\Board review related"
"Corner Establishment","4M Corner Meet","3","L:\4M\4M UNIT 7\4M Corner Meet\Corner Establishment"
"Kaizen and Improvement","4M Corner Meet","3","L:\4M\4M UNIT 7\4M Corner Meet\Kaizen and Improvement"
"MD KARTHICK Sir","4M Corner Meet","3","L:\4M\4M UNIT 7\4M Corner Meet\MD KARTHICK Sir"
"Payment","4M Corner Meet","3","L:\4M\4M UNIT 7\4M Corner Meet\Payment"
"Photo","4M Corner Meet","3","L:\4M\4M UNIT 7\4M Corner Meet\Photo"
"Presentation slides Model","4M Corner Meet","3","L:\4M\4M UNIT 7\4M Corner Meet\Presentation slides Model"
"Quaterly Review","4M Corner Meet","3","L:\4M\4M UNIT 7\4M Corner Meet\Quaterly Review"
"Supplier End implementation","4M Corner Meet","3","L:\4M\4M UNIT 7\4M Corner Meet\Supplier End implementation"
"Training Related","4M Corner Meet","3","L:\4M\4M UNIT 7\4M Corner Meet\Training Related"
"trend chart","4M Corner Meet","3","L:\4M\4M UNIT 7\4M Corner Meet\trend chart"
"Nov'20","Board review related","4","L:\4M\4M UNIT 7\4M Corner Meet\Board review related\Nov'20"
"Products","Corner Establishment","4","L:\4M\4M UNIT 7\4M Corner Meet\Corner Establishment\Products"
"Proposal from Gayathri 04 10 17","Corner Establishment","4","L:\4M\4M UNIT 7\4M Corner Meet\Corner Establishment\Proposal from Gayathri 04 10 17"
"Proposal from Gayathri 11 10 17","Corner Establishment","4","L:\4M\4M UNIT 7\4M Corner Meet\Corner Establishment\Proposal from Gayathri 11 10 17"
"Propsal from Gayathri 09 09 17","Corner Establishment","4","L:\4M\4M UNIT 7\4M Corner Meet\Corner Establishment\Propsal from Gayathri 09 09 17"
"4 M  CORNER MEMBER LIST","trend chart","4","L:\4M\4M UNIT 7\4M Corner Meet\trend chart\4 M  CORNER MEMBER LIST"
"4M CORNER -SIGN BOARD","trend chart","4","L:\4M\4M UNIT 7\4M Corner Meet\trend chart\4M CORNER -SIGN BOARD"
"4M Revised","trend chart","4","L:\4M\4M UNIT 7\4M Corner Meet\trend chart\4M Revised"
"ASSY LINE REWORK","trend chart","4","L:\4M\4M UNIT 7\4M Corner Meet\trend chart\ASSY LINE REWORK"
"4 M  CORNER MEMBER LIST","4M trend chart","3","L:\4M\4M UNIT 7\4M trend chart\4 M  CORNER MEMBER LIST"
"4M CORNER -SIGN BOARD","4M trend chart","3","L:\4M\4M UNIT 7\4M trend chart\4M CORNER -SIGN BOARD"
"4M Revised","4M trend chart","3","L:\4M\4M UNIT 7\4M trend chart\4M Revised"
"ASSY LINE REWORK","4M trend chart","3","L:\4M\4M UNIT 7\4M trend chart\ASSY LINE REWORK"
"MACHINING","DRAWINGS 00","3","L:\4M\4M UNIT 7\DRAWINGS 00\MACHINING"
"Priya Inv","NEW METHOD WORKINGS-16-9-19","3","L:\4M\4M UNIT 7\NEW METHOD WORKINGS-16-9-19\Priya Inv"
"VP Inv","NEW METHOD WORKINGS-16-9-19","3","L:\4M\4M UNIT 7\NEW METHOD WORKINGS-16-9-19\VP Inv"
"Print","print","3","L:\4M\4M UNIT 7\print\Print"
"4M Corner Consolidate","Production","3","L:\4M\4M UNIT 7\Production\4M Corner Consolidate"
"cancel","Production","3","L:\4M\4M UNIT 7\Production\cancel"
"I21","Production","3","L:\4M\4M UNIT 7\Production\I21"
"I22","Production","3","L:\4M\4M UNIT 7\Production\I22"
"I23","Production","3","L:\4M\4M UNIT 7\Production\I23"
"I24","Production","3","L:\4M\4M UNIT 7\Production\I24"
"I25","Production","3","L:\4M\4M UNIT 7\Production\I25"
"I26","Production","3","L:\4M\4M UNIT 7\Production\I26"
"si","Production","3","L:\4M\4M UNIT 7\Production\si"
"The Hunters","Production","3","L:\4M\4M UNIT 7\Production\The Hunters"
"4 M Jan'20","4M Corner Consolidate","4","L:\4M\4M UNIT 7\Production\4M Corner Consolidate\4 M Jan'20"
"4M - Feb19","4M Corner Consolidate","4","L:\4M\4M UNIT 7\Production\4M Corner Consolidate\4M - Feb19"
"4M - Jan 2018","4M Corner Consolidate","4","L:\4M\4M UNIT 7\Production\4M Corner Consolidate\4M - Jan 2018"
"4M APR'18","4M Corner Consolidate","4","L:\4M\4M UNIT 7\Production\4M Corner Consolidate\4M APR'18"
"4M APR'18 - Copy","4M Corner Consolidate","4","L:\4M\4M UNIT 7\Production\4M Corner Consolidate\4M APR'18 - Copy"
"4M April 21","4M Corner Consolidate","4","L:\4M\4M UNIT 7\Production\4M Corner Consolidate\4M April 21"
"4M Aug -19","4M Corner Consolidate","4","L:\4M\4M UNIT 7\Production\4M Corner Consolidate\4M Aug -19"
"4M aUG 19","4M Corner Consolidate","4","L:\4M\4M UNIT 7\Production\4M Corner Consolidate\4M aUG 19"
"4M DEC-20","4M Corner Consolidate","4","L:\4M\4M UNIT 7\Production\4M Corner Consolidate\4M DEC-20"
"4M Feb 21","4M Corner Consolidate","4","L:\4M\4M UNIT 7\Production\4M Corner Consolidate\4M Feb 21"
"4m jan 2021","4M Corner Consolidate","4","L:\4M\4M UNIT 7\Production\4M Corner Consolidate\4m jan 2021"
"4M JULY 19","4M Corner Consolidate","4","L:\4M\4M UNIT 7\Production\4M Corner Consolidate\4M JULY 19"
"4M July-18","4M Corner Consolidate","4","L:\4M\4M UNIT 7\Production\4M Corner Consolidate\4M July-18"
"4M June 20","4M Corner Consolidate","4","L:\4M\4M UNIT 7\Production\4M Corner Consolidate\4M June 20"
"4m JUNE-19","4M Corner Consolidate","4","L:\4M\4M UNIT 7\Production\4M Corner Consolidate\4m JUNE-19"
"4M Mar 2021","4M Corner Consolidate","4","L:\4M\4M UNIT 7\Production\4M Corner Consolidate\4M Mar 2021"
"4M Mar 21","4M Corner Consolidate","4","L:\4M\4M UNIT 7\Production\4M Corner Consolidate\4M Mar 21"
"4M May'18","4M Corner Consolidate","4","L:\4M\4M UNIT 7\Production\4M Corner Consolidate\4M May'18"
"4M NOV 2020","4M Corner Consolidate","4","L:\4M\4M UNIT 7\Production\4M Corner Consolidate\4M NOV 2020"
"4M NOV'18","4M Corner Consolidate","4","L:\4M\4M UNIT 7\Production\4M Corner Consolidate\4M NOV'18"
"4M Nov'19","4M Corner Consolidate","4","L:\4M\4M UNIT 7\Production\4M Corner Consolidate\4M Nov'19"
"4M Oct'19","4M Corner Consolidate","4","L:\4M\4M UNIT 7\Production\4M Corner Consolidate\4M Oct'19"
"4M Sep'19","4M Corner Consolidate","4","L:\4M\4M UNIT 7\Production\4M Corner Consolidate\4M Sep'19"
"4M- Jan20","4M Corner Consolidate","4","L:\4M\4M UNIT 7\Production\4M Corner Consolidate\4M- Jan20"
"4M-Apr'19","4M Corner Consolidate","4","L:\4M\4M UNIT 7\Production\4M Corner Consolidate\4M-Apr'19"
"4M-Aug-20","4M Corner Consolidate","4","L:\4M\4M UNIT 7\Production\4M Corner Consolidate\4M-Aug-20"
"4M-AUG-21","4M Corner Consolidate","4","L:\4M\4M UNIT 7\Production\4M Corner Consolidate\4M-AUG-21"
"4M-DEC","4M Corner Consolidate","4","L:\4M\4M UNIT 7\Production\4M Corner Consolidate\4M-DEC"
"4M-Dec'18","4M Corner Consolidate","4","L:\4M\4M UNIT 7\Production\4M Corner Consolidate\4M-Dec'18"
"4M-Dec'19","4M Corner Consolidate","4","L:\4M\4M UNIT 7\Production\4M Corner Consolidate\4M-Dec'19"
"4M-Feb'19","4M Corner Consolidate","4","L:\4M\4M UNIT 7\Production\4M Corner Consolidate\4M-Feb'19"
"4M-FEB-20","4M Corner Consolidate","4","L:\4M\4M UNIT 7\Production\4M Corner Consolidate\4M-FEB-20"
"4M-Jan'19","4M Corner Consolidate","4","L:\4M\4M UNIT 7\Production\4M Corner Consolidate\4M-Jan'19"
"4M-July-20","4M Corner Consolidate","4","L:\4M\4M UNIT 7\Production\4M Corner Consolidate\4M-July-20"
"4M-Mar'18","4M Corner Consolidate","4","L:\4M\4M UNIT 7\Production\4M Corner Consolidate\4M-Mar'18"
"4M-Mar'19","4M Corner Consolidate","4","L:\4M\4M UNIT 7\Production\4M Corner Consolidate\4M-Mar'19"
"4M-Mar'20","4M Corner Consolidate","4","L:\4M\4M UNIT 7\Production\4M Corner Consolidate\4M-Mar'20"
"4M-May'19","4M Corner Consolidate","4","L:\4M\4M UNIT 7\Production\4M Corner Consolidate\4M-May'19"
"4M-MAY-21","4M Corner Consolidate","4","L:\4M\4M UNIT 7\Production\4M Corner Consolidate\4M-MAY-21"
"4M-OCT-19","4M Corner Consolidate","4","L:\4M\4M UNIT 7\Production\4M Corner Consolidate\4M-OCT-19"
"4m-OCT-20","4M Corner Consolidate","4","L:\4M\4M UNIT 7\Production\4M Corner Consolidate\4m-OCT-20"
"4m-sep-20","4M Corner Consolidate","4","L:\4M\4M UNIT 7\Production\4M Corner Consolidate\4m-sep-20"
"Aravinth","4M Corner Consolidate","4","L:\4M\4M UNIT 7\Production\4M Corner Consolidate\Aravinth"
"mani","4M Corner Consolidate","4","L:\4M\4M UNIT 7\Production\4M Corner Consolidate\mani"
"Sep21-i23","4M Corner Consolidate","4","L:\4M\4M UNIT 7\Production\4M Corner Consolidate\Sep21-i23"
"I21","4M aUG 19","5","L:\4M\4M UNIT 7\Production\4M Corner Consolidate\4M aUG 19\I21"
"New folder","4M NOV'18","5","L:\4M\4M UNIT 7\Production\4M Corner Consolidate\4M NOV'18\New folder"
"New folder (2)","4M NOV'18","5","L:\4M\4M UNIT 7\Production\4M Corner Consolidate\4M NOV'18\New folder (2)"
"FRL-tp","Aravinth","5","L:\4M\4M UNIT 7\Production\4M Corner Consolidate\Aravinth\FRL-tp"
"Product list - 2","Aravinth","5","L:\4M\4M UNIT 7\Production\4M Corner Consolidate\Aravinth\Product list - 2"
"4M-Aug'20","I22","4","L:\4M\4M UNIT 7\Production\I22\4M-Aug'20"
"4M-JULY'20","I22","4","L:\4M\4M UNIT 7\Production\I22\4M-JULY'20"
"4M-Mar'20","I22","4","L:\4M\4M UNIT 7\Production\I22\4M-Mar'20"
"FRL","I22","4","L:\4M\4M UNIT 7\Production\I22\FRL"
"PURCHASE","I22","4","L:\4M\4M UNIT 7\Production\I22\PURCHASE"
"DS","PURCHASE","5","L:\4M\4M UNIT 7\Production\I22\PURCHASE\DS"
"MARCH PENDING STATUS","PURCHASE","5","L:\4M\4M UNIT 7\Production\I22\PURCHASE\MARCH PENDING STATUS"
"March, apr po","PURCHASE","5","L:\4M\4M UNIT 7\Production\I22\PURCHASE\March, apr po"
"NEW VENDOR STATUS","PURCHASE","5","L:\4M\4M UNIT 7\Production\I22\PURCHASE\NEW VENDOR STATUS"
"planning data -from edp","PURCHASE","5","L:\4M\4M UNIT 7\Production\I22\PURCHASE\planning data -from edp"
"vendor status","PURCHASE","5","L:\4M\4M UNIT 7\Production\I22\PURCHASE\vendor status"
"4M - I25","I25","4","L:\4M\4M UNIT 7\Production\I25\4M - I25"
"KAIZEN - IED","I25","4","L:\4M\4M UNIT 7\Production\I25\KAIZEN - IED"
"KAIZEN -SPM","I25","4","L:\4M\4M UNIT 7\Production\I25\KAIZEN -SPM"
"4m -monthly-data-BOARD UPDATION","I26","4","L:\4M\4M UNIT 7\Production\I26\4m -monthly-data-BOARD UPDATION"
"4M MONTHLY DATA","I26","4","L:\4M\4M UNIT 7\Production\I26\4M MONTHLY DATA"
"4M-I26 PRESENTATION-FINAL-JAN-MAR-2019","I26","4","L:\4M\4M UNIT 7\Production\I26\4M-I26 PRESENTATION-FINAL-JAN-MAR-2019"
"I26 QUALITY CIRCLE","I26","4","L:\4M\4M UNIT 7\Production\I26\I26 QUALITY CIRCLE"
"JAN 2020","I26","4","L:\4M\4M UNIT 7\Production\I26\JAN 2020"
"JPS","I26","4","L:\4M\4M UNIT 7\Production\I26\JPS"
"OLD DATA","I26","4","L:\4M\4M UNIT 7\Production\I26\OLD DATA"
"OTHER DATA","I26","4","L:\4M\4M UNIT 7\Production\I26\OTHER DATA"
"4M-5S PRESENTATION-JUN-22","4M MONTHLY DATA","5","L:\4M\4M UNIT 7\Production\I26\4M MONTHLY DATA\4M-5S PRESENTATION-JUN-22"
"MONTHLY DATA","4M MONTHLY DATA","5","L:\4M\4M UNIT 7\Production\I26\4M MONTHLY DATA\MONTHLY DATA"
"photos","I26 QUALITY CIRCLE","5","L:\4M\4M UNIT 7\Production\I26\I26 QUALITY CIRCLE\photos"
"updated","I26 QUALITY CIRCLE","5","L:\4M\4M UNIT 7\Production\I26\I26 QUALITY CIRCLE\updated"
"Fwd RegJPS1437","JPS","5","L:\4M\4M UNIT 7\Production\I26\JPS\Fwd RegJPS1437"
"PHOTOS AS ON DEC2018","OLD DATA","5","L:\4M\4M UNIT 7\Production\I26\OLD DATA\PHOTOS AS ON DEC2018"
"CAPACITY","The Hunters","4","L:\4M\4M UNIT 7\Production\The Hunters\CAPACITY"
"Corp-Plan","The Hunters","4","L:\4M\4M UNIT 7\Production\The Hunters\Corp-Plan"
"Intra Dept","The Hunters","4","L:\4M\4M UNIT 7\Production\The Hunters\Intra Dept"
"Inward & QC","The Hunters","4","L:\4M\4M UNIT 7\Production\The Hunters\Inward & QC"
"Materials","The Hunters","4","L:\4M\4M UNIT 7\Production\The Hunters\Materials"
"PRESENTATION","The Hunters","4","L:\4M\4M UNIT 7\Production\The Hunters\PRESENTATION"
"Production","The Hunters","4","L:\4M\4M UNIT 7\Production\The Hunters\Production"
"SSD","The Hunters","4","L:\4M\4M UNIT 7\Production\The Hunters\SSD"
"BUY","Materials","5","L:\4M\4M UNIT 7\Production\The Hunters\Materials\BUY"
"CAPACITY STUDY","PRESENTATION","5","L:\4M\4M UNIT 7\Production\The Hunters\PRESENTATION\CAPACITY STUDY"
"SUPPLIER LIST","PRESENTATION","5","L:\4M\4M UNIT 7\Production\The Hunters\PRESENTATION\SUPPLIER LIST"
"IMAGE","PTC Machine shop","3","L:\4M\4M UNIT 7\PTC Machine shop\IMAGE"
"Production","THURSDAY MEETING REVIEW-18-08-2020","3","L:\4M\4M UNIT 7\THURSDAY MEETING REVIEW-18-08-2020\Production"
"PTC_RM","THURSDAY MEETING REVIEW-18-08-2020","3","L:\4M\4M UNIT 7\THURSDAY MEETING REVIEW-18-08-2020\PTC_RM"
"QED","THURSDAY MEETING REVIEW-18-08-2020","3","L:\4M\4M UNIT 7\THURSDAY MEETING REVIEW-18-08-2020\QED"
"RAJI","THURSDAY MEETING REVIEW-18-08-2020","3","L:\4M\4M UNIT 7\THURSDAY MEETING REVIEW-18-08-2020\RAJI"
"SCP","THURSDAY MEETING REVIEW-18-08-2020","3","L:\4M\4M UNIT 7\THURSDAY MEETING REVIEW-18-08-2020\SCP"
"Old","PTC_RM","4","L:\4M\4M UNIT 7\THURSDAY MEETING REVIEW-18-08-2020\PTC_RM\Old"
"RM IMPORT","PTC_RM","4","L:\4M\4M UNIT 7\THURSDAY MEETING REVIEW-18-08-2020\PTC_RM\RM IMPORT"
"safety photos","Training photos","3","L:\4M\4M UNIT 7\Training photos\safety photos"
"4M NEW","UNIT-4","3","L:\4M\4M UNIT 7\UNIT-4\4M NEW"
"4M pRINT","UNIT-4","3","L:\4M\4M UNIT 7\UNIT-4\4M pRINT"
"New folder","UNIT-4","3","L:\4M\4M UNIT 7\UNIT-4\New folder"
"New folder (2)","UNIT-4","3","L:\4M\4M UNIT 7\UNIT-4\New folder (2)"
"UP DATED 4M","UNIT-4","3","L:\4M\4M UNIT 7\UNIT-4\UP DATED 4M"
"New folder","New folder","4","L:\4M\4M UNIT 7\UNIT-4\New folder\New folder"
"2D","New folder","2","L:\4M\New folder\2D"
"SAFETY CROSS","New folder","2","L:\4M\New folder\SAFETY CROSS"
"Supplier Files","New folder","2","L:\4M\New folder\Supplier Files"
"Shock absorber","New folder (2)","2","L:\4M\New folder (2)\Shock absorber"
"3D Models - Shock Absorber","Shock absorber","3","L:\4M\New folder (2)\Shock absorber\3D Models - Shock Absorber"
"Budget proposal","Shock absorber","3","L:\4M\New folder (2)\Shock absorber\Budget proposal"
"SA TEST panel","Shock absorber","3","L:\4M\New folder (2)\Shock absorber\SA TEST panel"
"Testing rig","Shock absorber","3","L:\4M\New folder (2)\Shock absorber\Testing rig"
"Testing station","Shock absorber","3","L:\4M\New folder (2)\Shock absorber\Testing station"
"Validation report","Shock absorber","3","L:\4M\New folder (2)\Shock absorber\Validation report"
"3D Models - Shock Absorber","3D Models - Shock Absorber","4","L:\4M\New folder (2)\Shock absorber\3D Models - Shock Absorber\3D Models - Shock Absorber"
"Reg - 3D Models of Shock Absorber","3D Models - Shock Absorber","5","L:\4M\New folder (2)\Shock absorber\3D Models - Shock Absorber\3D Models - Shock Absorber\Reg - 3D Models of Shock Absorber"
"LM Guide","Testing rig","4","L:\4M\New folder (2)\Shock absorber\Testing rig\LM Guide"
"M10X1","Testing rig","4","L:\4M\New folder (2)\Shock absorber\Testing rig\M10X1"
"M14x1.5","Testing rig","4","L:\4M\New folder (2)\Shock absorber\Testing rig\M14x1.5"
"M20","Testing rig","4","L:\4M\New folder (2)\Shock absorber\Testing rig\M20"
"M25","Testing rig","4","L:\4M\New folder (2)\Shock absorber\Testing rig\M25"
"M6X0.75","Testing rig","4","L:\4M\New folder (2)\Shock absorber\Testing rig\M6X0.75"
"SA TR pdf","Testing rig","4","L:\4M\New folder (2)\Shock absorber\Testing rig\SA TR pdf"
"M10 pdf","M10X1","5","L:\4M\New folder (2)\Shock absorber\Testing rig\M10X1\M10 pdf"
"M14 Pdf","M14x1.5","5","L:\4M\New folder (2)\Shock absorber\Testing rig\M14x1.5\M14 Pdf"
"M20 pdf","M20","5","L:\4M\New folder (2)\Shock absorber\Testing rig\M20\M20 pdf"
"M6 Pdf","M6X0.75","5","L:\4M\New folder (2)\Shock absorber\Testing rig\M6X0.75\M6 Pdf"
"5S FG","Packing","2","L:\4M\Packing\5S FG"
"TVS-packing","Packing","2","L:\4M\Packing\TVS-packing"
"5s","5S FG","3","L:\4M\Packing\5S FG\5s"
"5s photos","5s","4","L:\4M\Packing\5S FG\5s\5s photos"
"4M   ACTION PLAN","TVS-packing","3","L:\4M\Packing\TVS-packing\4M   ACTION PLAN"
"deepa-P&D","TVS-packing","3","L:\4M\Packing\TVS-packing\deepa-P&D"
"FG STORE","TVS-packing","3","L:\4M\Packing\TVS-packing\FG STORE"
"4 M FG","deepa-P&D","4","L:\4M\Packing\TVS-packing\deepa-P&D\4 M FG"
"4m PRINT","deepa-P&D","4","L:\4M\Packing\TVS-packing\deepa-P&D\4m PRINT"
"PDF","4m PRINT","5","L:\4M\Packing\TVS-packing\deepa-P&D\4m PRINT\PDF"
"5S AUTOMATION COIL UNIT 1","5S","1","L:\5S\5S AUTOMATION COIL UNIT 1"
"5S AUTOMATION UNIT 2","5S","1","L:\5S\5S AUTOMATION UNIT 2"
"5S HO","5S","1","L:\5S\5S HO"
"5S POLYMER","5S","1","L:\5S\5S POLYMER"
"5S SKYFAST","5S","1","L:\5S\5S SKYFAST"
"5S UNIT 7","5S","1","L:\5S\5S UNIT 7"
"5S-Head Office","5S","1","L:\5S\5S-Head Office"
"Janatics 5S common Folder","5S","1","L:\5S\Janatics 5S common Folder"
"Operation","5S","1","L:\5S\Operation"
"ARCHIVE","5S AUTOMATION COIL UNIT 1","2","L:\5S\5S AUTOMATION COIL UNIT 1\ARCHIVE"
"Forms and Templates","5S AUTOMATION COIL UNIT 1","2","L:\5S\5S AUTOMATION COIL UNIT 1\Forms and Templates"
"MoM","5S AUTOMATION COIL UNIT 1","2","L:\5S\5S AUTOMATION COIL UNIT 1\MoM"
"NS","5S AUTOMATION COIL UNIT 1","2","L:\5S\5S AUTOMATION COIL UNIT 1\NS"
"ZONES DATA","5S AUTOMATION COIL UNIT 1","2","L:\5S\5S AUTOMATION COIL UNIT 1\ZONES DATA"
"1_Thomas","ARCHIVE","3","L:\5S\5S AUTOMATION COIL UNIT 1\ARCHIVE\1_Thomas"
"2_Joseph","ARCHIVE","3","L:\5S\5S AUTOMATION COIL UNIT 1\ARCHIVE\2_Joseph"
"3_James","ARCHIVE","3","L:\5S\5S AUTOMATION COIL UNIT 1\ARCHIVE\3_James"
"4_Heinrich","ARCHIVE","3","L:\5S\5S AUTOMATION COIL UNIT 1\ARCHIVE\4_Heinrich"
"5_Marie","ARCHIVE","3","L:\5S\5S AUTOMATION COIL UNIT 1\ARCHIVE\5_Marie"
"6_Carl","ARCHIVE","3","L:\5S\5S AUTOMATION COIL UNIT 1\ARCHIVE\6_Carl"
"7_George","ARCHIVE","3","L:\5S\5S AUTOMATION COIL UNIT 1\ARCHIVE\7_George"
"8_Nikola","ARCHIVE","3","L:\5S\5S AUTOMATION COIL UNIT 1\ARCHIVE\8_Nikola"
"9_Michael","ARCHIVE","3","L:\5S\5S AUTOMATION COIL UNIT 1\ARCHIVE\9_Michael"
"Alva","ARCHIVE","3","L:\5S\5S AUTOMATION COIL UNIT 1\ARCHIVE\Alva"
"Ampere-IL-Mr.M.Satheesh","ARCHIVE","3","L:\5S\5S AUTOMATION COIL UNIT 1\ARCHIVE\Ampere-IL-Mr.M.Satheesh"
"Clerk","ARCHIVE","3","L:\5S\5S AUTOMATION COIL UNIT 1\ARCHIVE\Clerk"
"Edison-IL-Mr.A.Sakthi","ARCHIVE","3","L:\5S\5S AUTOMATION COIL UNIT 1\ARCHIVE\Edison-IL-Mr.A.Sakthi"
"Faraday-IL-Mr.L.Gowtham","ARCHIVE","3","L:\5S\5S AUTOMATION COIL UNIT 1\ARCHIVE\Faraday-IL-Mr.L.Gowtham"
"Friedrich","ARCHIVE","3","L:\5S\5S AUTOMATION COIL UNIT 1\ARCHIVE\Friedrich"
"Gauss-IL-Mr.V.Buvanesh","ARCHIVE","3","L:\5S\5S AUTOMATION COIL UNIT 1\ARCHIVE\Gauss-IL-Mr.V.Buvanesh"
"Henry-IL-Mr.V.Naveen","ARCHIVE","3","L:\5S\5S AUTOMATION COIL UNIT 1\ARCHIVE\Henry-IL-Mr.V.Naveen"
"Hertz-IL-Mr.R.V.Selvakumar","ARCHIVE","3","L:\5S\5S AUTOMATION COIL UNIT 1\ARCHIVE\Hertz-IL-Mr.R.V.Selvakumar"
"Kannan","ARCHIVE","3","L:\5S\5S AUTOMATION COIL UNIT 1\ARCHIVE\Kannan"
"kumar","ARCHIVE","3","L:\5S\5S AUTOMATION COIL UNIT 1\ARCHIVE\kumar"
"Maxwell-IL-Mr.J.Daraneesh","ARCHIVE","3","L:\5S\5S AUTOMATION COIL UNIT 1\ARCHIVE\Maxwell-IL-Mr.J.Daraneesh"
"Ohm-IL-Mr.S.Dhanush","ARCHIVE","3","L:\5S\5S AUTOMATION COIL UNIT 1\ARCHIVE\Ohm-IL-Mr.S.Dhanush"
"Simon","ARCHIVE","3","L:\5S\5S AUTOMATION COIL UNIT 1\ARCHIVE\Simon"
"Tesla-IL-Mr.J.Ashok","ARCHIVE","3","L:\5S\5S AUTOMATION COIL UNIT 1\ARCHIVE\Tesla-IL-Mr.J.Ashok"
"Zone","ARCHIVE","3","L:\5S\5S AUTOMATION COIL UNIT 1\ARCHIVE\Zone"
"1S Necessary-item-list","Forms and Templates","3","L:\5S\5S AUTOMATION COIL UNIT 1\Forms and Templates\1S Necessary-item-list"
"3S Check sheet","Forms and Templates","3","L:\5S\5S AUTOMATION COIL UNIT 1\Forms and Templates\3S Check sheet"
"4M Corner","Forms and Templates","3","L:\5S\5S AUTOMATION COIL UNIT 1\Forms and Templates\4M Corner"
"5S Appreciate Certificate Format & SOP","Forms and Templates","3","L:\5S\5S AUTOMATION COIL UNIT 1\Forms and Templates\5S Appreciate Certificate Format & SOP"
"5S Audit Observation & Action Status Format","Forms and Templates","3","L:\5S\5S AUTOMATION COIL UNIT 1\Forms and Templates\5S Audit Observation & Action Status Format"
"5S Audit Sheet & SOP","Forms and Templates","3","L:\5S\5S AUTOMATION COIL UNIT 1\Forms and Templates\5S Audit Sheet & SOP"
"5S Audit Sheet -Final","Forms and Templates","3","L:\5S\5S AUTOMATION COIL UNIT 1\Forms and Templates\5S Audit Sheet -Final"
"5S Company Vision & Policy","Forms and Templates","3","L:\5S\5S AUTOMATION COIL UNIT 1\Forms and Templates\5S Company Vision & Policy"
"5S Company Wide Organogram Chart","Forms and Templates","3","L:\5S\5S AUTOMATION COIL UNIT 1\Forms and Templates\5S Company Wide Organogram Chart"
"5S Display Board Format","Forms and Templates","3","L:\5S\5S AUTOMATION COIL UNIT 1\Forms and Templates\5S Display Board Format"
"5S Floor marking SOP","Forms and Templates","3","L:\5S\5S AUTOMATION COIL UNIT 1\Forms and Templates\5S Floor marking SOP"
"5S Gemba Observation Log","Forms and Templates","3","L:\5S\5S AUTOMATION COIL UNIT 1\Forms and Templates\5S Gemba Observation Log"
"5S Pledge & SOP","Forms and Templates","3","L:\5S\5S AUTOMATION COIL UNIT 1\Forms and Templates\5S Pledge & SOP"
"5S REDTAG Area format & SOP","Forms and Templates","3","L:\5S\5S AUTOMATION COIL UNIT 1\Forms and Templates\5S REDTAG Area format & SOP"
"5S Roles & Responsbility SOP","Forms and Templates","3","L:\5S\5S AUTOMATION COIL UNIT 1\Forms and Templates\5S Roles & Responsbility SOP"
"5S SOP's","Forms and Templates","3","L:\5S\5S AUTOMATION COIL UNIT 1\Forms and Templates\5S SOP's"
"5S Team Structure format","Forms and Templates","3","L:\5S\5S AUTOMATION COIL UNIT 1\Forms and Templates\5S Team Structure format"
"5S Trend chart format & SOP","Forms and Templates","3","L:\5S\5S AUTOMATION COIL UNIT 1\Forms and Templates\5S Trend chart format & SOP"
"Gemba Observation Log","Forms and Templates","3","L:\5S\5S AUTOMATION COIL UNIT 1\Forms and Templates\Gemba Observation Log"
"OPL Format","Forms and Templates","3","L:\5S\5S AUTOMATION COIL UNIT 1\Forms and Templates\OPL Format"
"5S Team Members Photos","5S Team Structure format","4","L:\5S\5S AUTOMATION COIL UNIT 1\Forms and Templates\5S Team Structure format\5S Team Members Photos"
"5S Teams Logos","5S Team Structure format","4","L:\5S\5S AUTOMATION COIL UNIT 1\Forms and Templates\5S Team Structure format\5S Teams Logos"
"Zone1_Thomas_Alva_Edison-IL-Mr.A.Sakthi_Kannan","NS","3","L:\5S\5S AUTOMATION COIL UNIT 1\NS\Zone1_Thomas_Alva_Edison-IL-Mr.A.Sakthi_Kannan"
"Zone2_Joseph_Henry-IL-Mr.V.Naveen_kumar","NS","3","L:\5S\5S AUTOMATION COIL UNIT 1\NS\Zone2_Joseph_Henry-IL-Mr.V.Naveen_kumar"
"Zone3_James_Clerk_Maxwell-IL-Mr.J.Daraneesh","NS","3","L:\5S\5S AUTOMATION COIL UNIT 1\NS\Zone3_James_Clerk_Maxwell-IL-Mr.J.Daraneesh"
"Zone4_Heinrich_Hertz-IL-Mr.R.V.Selvakumar","NS","3","L:\5S\5S AUTOMATION COIL UNIT 1\NS\Zone4_Heinrich_Hertz-IL-Mr.R.V.Selvakumar"
"Zone5_Marie_Ampere-IL-Mr.M.Satheesh","NS","3","L:\5S\5S AUTOMATION COIL UNIT 1\NS\Zone5_Marie_Ampere-IL-Mr.M.Satheesh"
"Zone6_Carl_Friedrich_Gauss-IL-Mr.V.Buvanesh_kumar","NS","3","L:\5S\5S AUTOMATION COIL UNIT 1\NS\Zone6_Carl_Friedrich_Gauss-IL-Mr.V.Buvanesh_kumar"
"Zone7_George_Simon_Ohm-IL-Mr.S.Dhanush","NS","3","L:\5S\5S AUTOMATION COIL UNIT 1\NS\Zone7_George_Simon_Ohm-IL-Mr.S.Dhanush"
"Zone8_Nikola_Tesla-IL-Mr.J.Ashok_kumar","NS","3","L:\5S\5S AUTOMATION COIL UNIT 1\NS\Zone8_Nikola_Tesla-IL-Mr.J.Ashok_kumar"
"Zone9_Michael_Faraday-IL-Mr.L.Gowtham","NS","3","L:\5S\5S AUTOMATION COIL UNIT 1\NS\Zone9_Michael_Faraday-IL-Mr.L.Gowtham"
"FORMS AND TEMPLATES","5S AUTOMATION UNIT 2","2","L:\5S\5S AUTOMATION UNIT 2\FORMS AND TEMPLATES"
"MOM","5S AUTOMATION UNIT 2","2","L:\5S\5S AUTOMATION UNIT 2\MOM"
"4M Corner Implementation","FORMS AND TEMPLATES","3","L:\5S\5S AUTOMATION UNIT 2\FORMS AND TEMPLATES\4M Corner Implementation"
"5S Audit Score details","FORMS AND TEMPLATES","3","L:\5S\5S AUTOMATION UNIT 2\FORMS AND TEMPLATES\5S Audit Score details"
"5S Audit Sheet -Final","FORMS AND TEMPLATES","3","L:\5S\5S AUTOMATION UNIT 2\FORMS AND TEMPLATES\5S Audit Sheet -Final"
"5S Company Vision & Policy","FORMS AND TEMPLATES","3","L:\5S\5S AUTOMATION UNIT 2\FORMS AND TEMPLATES\5S Company Vision & Policy"
"5S Company Wide Organogram Chart","FORMS AND TEMPLATES","3","L:\5S\5S AUTOMATION UNIT 2\FORMS AND TEMPLATES\5S Company Wide Organogram Chart"
"5S Pledge & SOP","FORMS AND TEMPLATES","3","L:\5S\5S AUTOMATION UNIT 2\FORMS AND TEMPLATES\5S Pledge & SOP"
"5S SOP's","FORMS AND TEMPLATES","3","L:\5S\5S AUTOMATION UNIT 2\FORMS AND TEMPLATES\5S SOP's"
"5S Weekly Meeting MoM @ Automation Unit 2","FORMS AND TEMPLATES","3","L:\5S\5S AUTOMATION UNIT 2\FORMS AND TEMPLATES\5S Weekly Meeting MoM @ Automation Unit 2"
"5S ?????????","FORMS AND TEMPLATES","3","L:\5S\5S AUTOMATION UNIT 2\FORMS AND TEMPLATES\5S ?????????"
"REDTAG Area Implimentation","FORMS AND TEMPLATES","3","L:\5S\5S AUTOMATION UNIT 2\FORMS AND TEMPLATES\REDTAG Area Implimentation"
"1_List of Documents","5S HO","2","L:\5S\5S HO\1_List of Documents"
"2_List of Forms","5S HO","2","L:\5S\5S HO\2_List of Forms"
"5S HO File","5S HO","2","L:\5S\5S HO\5S HO File"
"5S Red-tag Items Holding Folder","5S HO","2","L:\5S\5S HO\5S Red-tag Items Holding Folder"
"All folders before 2024","5S HO","2","L:\5S\5S HO\All folders before 2024"
"D&D","5S HO","2","L:\5S\5S HO\D&D"
"Gemba audit Before Photos","5S HO","2","L:\5S\5S HO\Gemba audit Before Photos"
"HP","5S HO","2","L:\5S\5S HO\HP"
"MOM_Records","5S HO","2","L:\5S\5S HO\MOM_Records"
"Photos","5S HO","2","L:\5S\5S HO\Photos"
"STORES AND SCRAP STORE","5S HO","2","L:\5S\5S HO\STORES AND SCRAP STORE"
"TRAINING FILES","5S HO","2","L:\5S\5S HO\TRAINING FILES"
"VSM","5S HO","2","L:\5S\5S HO\VSM"
"Zone 9","5S HO","2","L:\5S\5S HO\Zone 9"
"Documents","1_List of Documents","3","L:\5S\5S HO\1_List of Documents\Documents"
"Doubts","Documents","4","L:\5S\5S HO\1_List of Documents\Documents\Doubts"
"Modified","Documents","4","L:\5S\5S HO\1_List of Documents\Documents\Modified"
"Obselete","Documents","4","L:\5S\5S HO\1_List of Documents\Documents\Obselete"
"Obselete","2_List of Forms","3","L:\5S\5S HO\2_List of Forms\Obselete"
"1_List of Documents","All folders before 2024","3","L:\5S\5S HO\All folders before 2024\1_List of Documents"
"2_List of Forms","All folders before 2024","3","L:\5S\5S HO\All folders before 2024\2_List of Forms"
"5s organisation structure In coreldraw","All folders before 2024","3","L:\5S\5S HO\All folders before 2024\5s organisation structure In coreldraw"
"5s standardisation","All folders before 2024","3","L:\5S\5S HO\All folders before 2024\5s standardisation"
"Audits","All folders before 2024","3","L:\5S\5S HO\All folders before 2024\Audits"
"FILE STICKER","All folders before 2024","3","L:\5S\5S HO\All folders before 2024\FILE STICKER"
"MOM records - 2020","All folders before 2024","3","L:\5S\5S HO\All folders before 2024\MOM records - 2020"
"MOM records - 2021","All folders before 2024","3","L:\5S\5S HO\All folders before 2024\MOM records - 2021"
"MOM records - 2022","All folders before 2024","3","L:\5S\5S HO\All folders before 2024\MOM records - 2022"
"New Territories I L , Z L & Coordinators","All folders before 2024","3","L:\5S\5S HO\All folders before 2024\New Territories I L , Z L & Coordinators"
"OLD 16.03.21","All folders before 2024","3","L:\5S\5S HO\All folders before 2024\OLD 16.03.21"
"Sticker  Requirements","All folders before 2024","3","L:\5S\5S HO\All folders before 2024\Sticker  Requirements"
"Tamil","All folders before 2024","3","L:\5S\5S HO\All folders before 2024\Tamil"
"Documents","1_List of Documents","4","L:\5S\5S HO\All folders before 2024\1_List of Documents\Documents"
"Doubts","Documents","5","L:\5S\5S HO\All folders before 2024\1_List of Documents\Documents\Doubts"
"Modified","Documents","5","L:\5S\5S HO\All folders before 2024\1_List of Documents\Documents\Modified"
"Obselete","Documents","5","L:\5S\5S HO\All folders before 2024\1_List of Documents\Documents\Obselete"
"Obselete","2_List of Forms","4","L:\5S\5S HO\All folders before 2024\2_List of Forms\Obselete"
"5S STICKER REQUIREMENT to PRABHU","5s standardisation","4","L:\5S\5S HO\All folders before 2024\5s standardisation\5S STICKER REQUIREMENT to PRABHU"
"1_ZONE  (M.Tamilselvi)","5S STICKER REQUIREMENT to PRABHU","5","L:\5S\5S HO\All folders before 2024\5s standardisation\5S STICKER REQUIREMENT to PRABHU\1_ZONE  (M.Tamilselvi)"
"20_12_2018","5S STICKER REQUIREMENT to PRABHU","5","L:\5S\5S HO\All folders before 2024\5s standardisation\5S STICKER REQUIREMENT to PRABHU\20_12_2018"
"27_06_18","5S STICKER REQUIREMENT to PRABHU","5","L:\5S\5S HO\All folders before 2024\5s standardisation\5S STICKER REQUIREMENT to PRABHU\27_06_18"
"2_Zone (VKS.Sangeetha)","5S STICKER REQUIREMENT to PRABHU","5","L:\5S\5S HO\All folders before 2024\5s standardisation\5S STICKER REQUIREMENT to PRABHU\2_Zone (VKS.Sangeetha)"
"3_Zone (Mr.V.Ramkumar)","5S STICKER REQUIREMENT to PRABHU","5","L:\5S\5S HO\All folders before 2024\5s standardisation\5S STICKER REQUIREMENT to PRABHU\3_Zone (Mr.V.Ramkumar)"
"4_Zone (Mr.Prakash)","5S STICKER REQUIREMENT to PRABHU","5","L:\5S\5S HO\All folders before 2024\5s standardisation\5S STICKER REQUIREMENT to PRABHU\4_Zone (Mr.Prakash)"
"5_6_Zone (Mr.L.S.R_Mr.T.S.A)","5S STICKER REQUIREMENT to PRABHU","5","L:\5S\5S HO\All folders before 2024\5s standardisation\5S STICKER REQUIREMENT to PRABHU\5_6_Zone (Mr.L.S.R_Mr.T.S.A)"
"7_Zone No(Mr.P.Vinod)","5S STICKER REQUIREMENT to PRABHU","5","L:\5S\5S HO\All folders before 2024\5s standardisation\5S STICKER REQUIREMENT to PRABHU\7_Zone No(Mr.P.Vinod)"
"8_Zone__xl","5S STICKER REQUIREMENT to PRABHU","5","L:\5S\5S HO\All folders before 2024\5s standardisation\5S STICKER REQUIREMENT to PRABHU\8_Zone__xl"
"9_zone_xl","5S STICKER REQUIREMENT to PRABHU","5","L:\5S\5S HO\All folders before 2024\5s standardisation\5S STICKER REQUIREMENT to PRABHU\9_zone_xl"
"additional","5S STICKER REQUIREMENT to PRABHU","5","L:\5S\5S HO\All folders before 2024\5s standardisation\5S STICKER REQUIREMENT to PRABHU\additional"
"Missed file","5S STICKER REQUIREMENT to PRABHU","5","L:\5S\5S HO\All folders before 2024\5s standardisation\5S STICKER REQUIREMENT to PRABHU\Missed file"
"Zone 12","5S STICKER REQUIREMENT to PRABHU","5","L:\5S\5S HO\All folders before 2024\5s standardisation\5S STICKER REQUIREMENT to PRABHU\Zone 12"
"ZONE-08-TOOL ROOM","5S STICKER REQUIREMENT to PRABHU","5","L:\5S\5S HO\All folders before 2024\5s standardisation\5S STICKER REQUIREMENT to PRABHU\ZONE-08-TOOL ROOM"
"ZONE_11","5S STICKER REQUIREMENT to PRABHU","5","L:\5S\5S HO\All folders before 2024\5s standardisation\5S STICKER REQUIREMENT to PRABHU\ZONE_11"
"Zone_9","5S STICKER REQUIREMENT to PRABHU","5","L:\5S\5S HO\All folders before 2024\5s standardisation\5S STICKER REQUIREMENT to PRABHU\Zone_9"
"boopathy","27_06_18","6","L:\5S\5S HO\All folders before 2024\5s standardisation\5S STICKER REQUIREMENT to PRABHU\27_06_18\boopathy"
"Rajesh","27_06_18","6","L:\5S\5S HO\All folders before 2024\5s standardisation\5S STICKER REQUIREMENT to PRABHU\27_06_18\Rajesh"
"Rosario","27_06_18","6","L:\5S\5S HO\All folders before 2024\5s standardisation\5S STICKER REQUIREMENT to PRABHU\27_06_18\Rosario"
"Zone_3","27_06_18","6","L:\5S\5S HO\All folders before 2024\5s standardisation\5S STICKER REQUIREMENT to PRABHU\27_06_18\Zone_3"
"xl_format","ZONE_11","6","L:\5S\5S HO\All folders before 2024\5s standardisation\5S STICKER REQUIREMENT to PRABHU\ZONE_11\xl_format"
"5s List of form","FILE STICKER","4","L:\5S\5S HO\All folders before 2024\FILE STICKER\5s List of form"
"Gangway","OLD 16.03.21","4","L:\5S\5S HO\All folders before 2024\OLD 16.03.21\Gangway"
"kaizen","OLD 16.03.21","4","L:\5S\5S HO\All folders before 2024\OLD 16.03.21\kaizen"
"old files","OLD 16.03.21","4","L:\5S\5S HO\All folders before 2024\OLD 16.03.21\old files"
"Stickers_Lights_Fans","OLD 16.03.21","4","L:\5S\5S HO\All folders before 2024\OLD 16.03.21\Stickers_Lights_Fans"
"Zone 11","OLD 16.03.21","4","L:\5S\5S HO\All folders before 2024\OLD 16.03.21\Zone 11"
"ZONE-4","OLD 16.03.21","4","L:\5S\5S HO\All folders before 2024\OLD 16.03.21\ZONE-4"
"5S ORGANISATION LAYOUT - HO","old files","5","L:\5S\5S HO\All folders before 2024\OLD 16.03.21\old files\5S ORGANISATION LAYOUT - HO"
"5s Slogan","old files","5","L:\5S\5S HO\All folders before 2024\OLD 16.03.21\old files\5s Slogan"
"5S_Stickers - HO","old files","5","L:\5S\5S HO\All folders before 2024\OLD 16.03.21\old files\5S_Stickers - HO"
"AUDIT CHECK LISTS - HO","old files","5","L:\5S\5S HO\All folders before 2024\OLD 16.03.21\old files\AUDIT CHECK LISTS - HO"
"Bills","old files","5","L:\5S\5S HO\All folders before 2024\OLD 16.03.21\old files\Bills"
"Findings and complaints","old files","5","L:\5S\5S HO\All folders before 2024\OLD 16.03.21\old files\Findings and complaints"
"Lean Management systems","old files","5","L:\5S\5S HO\All folders before 2024\OLD 16.03.21\old files\Lean Management systems"
"Loose Paper NC and Not NC clarification photos","old files","5","L:\5S\5S HO\All folders before 2024\OLD 16.03.21\old files\Loose Paper NC and Not NC clarification photos"
"MOM_Records","old files","5","L:\5S\5S HO\All folders before 2024\OLD 16.03.21\old files\MOM_Records"
"ORGANISATION STRUCTURE","old files","5","L:\5S\5S HO\All folders before 2024\OLD 16.03.21\old files\ORGANISATION STRUCTURE"
"Presentation","old files","5","L:\5S\5S HO\All folders before 2024\OLD 16.03.21\old files\Presentation"
"Reference","old files","5","L:\5S\5S HO\All folders before 2024\OLD 16.03.21\old files\Reference"
"Safety","old files","5","L:\5S\5S HO\All folders before 2024\OLD 16.03.21\old files\Safety"
"TRAINING","old files","5","L:\5S\5S HO\All folders before 2024\OLD 16.03.21\old files\TRAINING"
"Nomenclature","5S ORGANISATION LAYOUT - HO","6","L:\5S\5S HO\All folders before 2024\OLD 16.03.21\old files\5S ORGANISATION LAYOUT - HO\Nomenclature"
"Organisation Layout-26_04_2019","5S ORGANISATION LAYOUT - HO","6","L:\5S\5S HO\All folders before 2024\OLD 16.03.21\old files\5S ORGANISATION LAYOUT - HO\Organisation Layout-26_04_2019"
"Samples","5S ORGANISATION LAYOUT - HO","6","L:\5S\5S HO\All folders before 2024\OLD 16.03.21\old files\5S ORGANISATION LAYOUT - HO\Samples"
"STANDARDISATION","5S ORGANISATION LAYOUT - HO","6","L:\5S\5S HO\All folders before 2024\OLD 16.03.21\old files\5S ORGANISATION LAYOUT - HO\STANDARDISATION"
"Template","5S ORGANISATION LAYOUT - HO","6","L:\5S\5S HO\All folders before 2024\OLD 16.03.21\old files\5S ORGANISATION LAYOUT - HO\Template"
"ZONE LAYOUTS","5S ORGANISATION LAYOUT - HO","6","L:\5S\5S HO\All folders before 2024\OLD 16.03.21\old files\5S ORGANISATION LAYOUT - HO\ZONE LAYOUTS"
"cancelled","ZONE LAYOUTS","7","L:\5S\5S HO\All folders before 2024\OLD 16.03.21\old files\5S ORGANISATION LAYOUT - HO\ZONE LAYOUTS\cancelled"
"New folder","ZONE LAYOUTS","7","L:\5S\5S HO\All folders before 2024\OLD 16.03.21\old files\5S ORGANISATION LAYOUT - HO\ZONE LAYOUTS\New folder"
"Approved","5s Slogan","6","L:\5S\5S HO\All folders before 2024\OLD 16.03.21\old files\5s Slogan\Approved"
"02_02_2018","5S_Stickers - HO","6","L:\5S\5S HO\All folders before 2024\OLD 16.03.21\old files\5S_Stickers - HO\02_02_2018"
"1.5.2019 sticker requirements","5S_Stickers - HO","6","L:\5S\5S HO\All folders before 2024\OLD 16.03.21\old files\5S_Stickers - HO\1.5.2019 sticker requirements"
"14_11_2017","5S_Stickers - HO","6","L:\5S\5S HO\All folders before 2024\OLD 16.03.21\old files\5S_Stickers - HO\14_11_2017"
"15_06_19","5S_Stickers - HO","6","L:\5S\5S HO\All folders before 2024\OLD 16.03.21\old files\5S_Stickers - HO\15_06_19"
"17_02_2018","5S_Stickers - HO","6","L:\5S\5S HO\All folders before 2024\OLD 16.03.21\old files\5S_Stickers - HO\17_02_2018"
"19_09_19","5S_Stickers - HO","6","L:\5S\5S HO\All folders before 2024\OLD 16.03.21\old files\5S_Stickers - HO\19_09_19"
"20_01_2018","5S_Stickers - HO","6","L:\5S\5S HO\All folders before 2024\OLD 16.03.21\old files\5S_Stickers - HO\20_01_2018"
"22_06_20","5S_Stickers - HO","6","L:\5S\5S HO\All folders before 2024\OLD 16.03.21\old files\5S_Stickers - HO\22_06_20"
"22_10_20","5S_Stickers - HO","6","L:\5S\5S HO\All folders before 2024\OLD 16.03.21\old files\5S_Stickers - HO\22_10_20"
"26_06_20","5S_Stickers - HO","6","L:\5S\5S HO\All folders before 2024\OLD 16.03.21\old files\5S_Stickers - HO\26_06_20"
"28_12_20","5S_Stickers - HO","6","L:\5S\5S HO\All folders before 2024\OLD 16.03.21\old files\5S_Stickers - HO\28_12_20"
"29_12_2017","5S_Stickers - HO","6","L:\5S\5S HO\All folders before 2024\OLD 16.03.21\old files\5S_Stickers - HO\29_12_2017"
"31_12_19","5S_Stickers - HO","6","L:\5S\5S HO\All folders before 2024\OLD 16.03.21\old files\5S_Stickers - HO\31_12_19"
"M-S  PLAT FORM","5S_Stickers - HO","6","L:\5S\5S HO\All folders before 2024\OLD 16.03.21\old files\5S_Stickers - HO\M-S  PLAT FORM"
"Pallet photos","5S_Stickers - HO","6","L:\5S\5S HO\All folders before 2024\OLD 16.03.21\old files\5S_Stickers - HO\Pallet photos"
"SRIKUMAR","5S_Stickers - HO","6","L:\5S\5S HO\All folders before 2024\OLD 16.03.21\old files\5S_Stickers - HO\SRIKUMAR"
"Pending","02_02_2018","7","L:\5S\5S HO\All folders before 2024\OLD 16.03.21\old files\5S_Stickers - HO\02_02_2018\Pending"
"ZONE_01","14_11_2017","7","L:\5S\5S HO\All folders before 2024\OLD 16.03.21\old files\5S_Stickers - HO\14_11_2017\ZONE_01"
"ZONE_02","14_11_2017","7","L:\5S\5S HO\All folders before 2024\OLD 16.03.21\old files\5S_Stickers - HO\14_11_2017\ZONE_02"
"ZONE_03","14_11_2017","7","L:\5S\5S HO\All folders before 2024\OLD 16.03.21\old files\5S_Stickers - HO\14_11_2017\ZONE_03"
"ZONE_04","14_11_2017","7","L:\5S\5S HO\All folders before 2024\OLD 16.03.21\old files\5S_Stickers - HO\14_11_2017\ZONE_04"
"ZONE_05","14_11_2017","7","L:\5S\5S HO\All folders before 2024\OLD 16.03.21\old files\5S_Stickers - HO\14_11_2017\ZONE_05"
"ZONE_06","14_11_2017","7","L:\5S\5S HO\All folders before 2024\OLD 16.03.21\old files\5S_Stickers - HO\14_11_2017\ZONE_06"
"ZONE_07","14_11_2017","7","L:\5S\5S HO\All folders before 2024\OLD 16.03.21\old files\5S_Stickers - HO\14_11_2017\ZONE_07"
"ZONE_08","14_11_2017","7","L:\5S\5S HO\All folders before 2024\OLD 16.03.21\old files\5S_Stickers - HO\14_11_2017\ZONE_08"
"ZONE_09","14_11_2017","7","L:\5S\5S HO\All folders before 2024\OLD 16.03.21\old files\5S_Stickers - HO\14_11_2017\ZONE_09"
"ZONE_10","14_11_2017","7","L:\5S\5S HO\All folders before 2024\OLD 16.03.21\old files\5S_Stickers - HO\14_11_2017\ZONE_10"
"ZONE_11","14_11_2017","7","L:\5S\5S HO\All folders before 2024\OLD 16.03.21\old files\5S_Stickers - HO\14_11_2017\ZONE_11"
"ZONE_12","14_11_2017","7","L:\5S\5S HO\All folders before 2024\OLD 16.03.21\old files\5S_Stickers - HO\14_11_2017\ZONE_12"
"private","ZONE_06","8","L:\5S\5S HO\All folders before 2024\OLD 16.03.21\old files\5S_Stickers - HO\14_11_2017\ZONE_06\private"
"RnD","15_06_19","7","L:\5S\5S HO\All folders before 2024\OLD 16.03.21\old files\5S_Stickers - HO\15_06_19\RnD"
"set_2","15_06_19","7","L:\5S\5S HO\All folders before 2024\OLD 16.03.21\old files\5S_Stickers - HO\15_06_19\set_2"
"Pending","19_09_19","7","L:\5S\5S HO\All folders before 2024\OLD 16.03.21\old files\5S_Stickers - HO\19_09_19\Pending"
"Zone_11","29_12_2017","7","L:\5S\5S HO\All folders before 2024\OLD 16.03.21\old files\5S_Stickers - HO\29_12_2017\Zone_11"
"Zone_2","29_12_2017","7","L:\5S\5S HO\All folders before 2024\OLD 16.03.21\old files\5S_Stickers - HO\29_12_2017\Zone_2"
"Zone_4","29_12_2017","7","L:\5S\5S HO\All folders before 2024\OLD 16.03.21\old files\5S_Stickers - HO\29_12_2017\Zone_4"
"Zone_5","29_12_2017","7","L:\5S\5S HO\All folders before 2024\OLD 16.03.21\old files\5S_Stickers - HO\29_12_2017\Zone_5"
"Zone_6","29_12_2017","7","L:\5S\5S HO\All folders before 2024\OLD 16.03.21\old files\5S_Stickers - HO\29_12_2017\Zone_6"
"Zone_7","29_12_2017","7","L:\5S\5S HO\All folders before 2024\OLD 16.03.21\old files\5S_Stickers - HO\29_12_2017\Zone_7"
"Seby","Zone_6","8","L:\5S\5S HO\All folders before 2024\OLD 16.03.21\old files\5S_Stickers - HO\29_12_2017\Zone_6\Seby"
"M_S","M-S  PLAT FORM","7","L:\5S\5S HO\All folders before 2024\OLD 16.03.21\old files\5S_Stickers - HO\M-S  PLAT FORM\M_S"
"1","SRIKUMAR","7","L:\5S\5S HO\All folders before 2024\OLD 16.03.21\old files\5S_Stickers - HO\SRIKUMAR\1"
"5S PHOTOS-FOR STICKER STANDARDISATION","SRIKUMAR","7","L:\5S\5S HO\All folders before 2024\OLD 16.03.21\old files\5S_Stickers - HO\SRIKUMAR\5S PHOTOS-FOR STICKER STANDARDISATION"
"photos","SRIKUMAR","7","L:\5S\5S HO\All folders before 2024\OLD 16.03.21\old files\5S_Stickers - HO\SRIKUMAR\photos"
"photos 15&16-03-18","photos","8","L:\5S\5S HO\All folders before 2024\OLD 16.03.21\old files\5S_Stickers - HO\SRIKUMAR\photos\photos 15&16-03-18"
"5S CHECKLIST-unit-7","AUDIT CHECK LISTS - HO","6","L:\5S\5S HO\All folders before 2024\OLD 16.03.21\old files\AUDIT CHECK LISTS - HO\5S CHECKLIST-unit-7"
"OSHA","AUDIT CHECK LISTS - HO","6","L:\5S\5S HO\All folders before 2024\OLD 16.03.21\old files\AUDIT CHECK LISTS - HO\OSHA"
"5S ACTIVITY","Lean Management systems","6","L:\5S\5S HO\All folders before 2024\OLD 16.03.21\old files\Lean Management systems\5S ACTIVITY"
"100NIKON","5S ACTIVITY","7","L:\5S\5S HO\All folders before 2024\OLD 16.03.21\old files\Lean Management systems\5S ACTIVITY\100NIKON"
"1S","5S ACTIVITY","7","L:\5S\5S HO\All folders before 2024\OLD 16.03.21\old files\Lean Management systems\5S ACTIVITY\1S"
"2S","5S ACTIVITY","7","L:\5S\5S HO\All folders before 2024\OLD 16.03.21\old files\Lean Management systems\5S ACTIVITY\2S"
"3S","5S ACTIVITY","7","L:\5S\5S HO\All folders before 2024\OLD 16.03.21\old files\Lean Management systems\5S ACTIVITY\3S"
"4S","5S ACTIVITY","7","L:\5S\5S HO\All folders before 2024\OLD 16.03.21\old files\Lean Management systems\5S ACTIVITY\4S"
"5S - Meeting Fixed Agenda","5S ACTIVITY","7","L:\5S\5S HO\All folders before 2024\OLD 16.03.21\old files\Lean Management systems\5S ACTIVITY\5S - Meeting Fixed Agenda"
"5S Activity - Ist floor-Janatics HO","5S ACTIVITY","7","L:\5S\5S HO\All folders before 2024\OLD 16.03.21\old files\Lean Management systems\5S ACTIVITY\5S Activity - Ist floor-Janatics HO"
"5S Award","5S ACTIVITY","7","L:\5S\5S HO\All folders before 2024\OLD 16.03.21\old files\Lean Management systems\5S ACTIVITY\5S Award"
"3s cleaning","3S","8","L:\5S\5S HO\All folders before 2024\OLD 16.03.21\old files\Lean Management systems\5S ACTIVITY\3S\3s cleaning"
"3s guide line new","3S","8","L:\5S\5S HO\All folders before 2024\OLD 16.03.21\old files\Lean Management systems\5S ACTIVITY\3S\3s guide line new"
"design & r&d","4S","8","L:\5S\5S HO\All folders before 2024\OLD 16.03.21\old files\Lean Management systems\5S ACTIVITY\4S\design & r&d"
"Floor Marking","4S","8","L:\5S\5S HO\All folders before 2024\OLD 16.03.21\old files\Lean Management systems\5S ACTIVITY\4S\Floor Marking"
"3S Cleaning responsibility-11-10-2016","5S Activity - Ist floor-Janatics HO","8","L:\5S\5S HO\All folders before 2024\OLD 16.03.21\old files\Lean Management systems\5S ACTIVITY\5S Activity - Ist floor-Janatics HO\3S Cleaning responsibility-11-10-2016"
"CHECKLIST","5S Activity - Ist floor-Janatics HO","8","L:\5S\5S HO\All folders before 2024\OLD 16.03.21\old files\Lean Management systems\5S ACTIVITY\5S Activity - Ist floor-Janatics HO\CHECKLIST"
"Files standardisation","5S Activity - Ist floor-Janatics HO","8","L:\5S\5S HO\All folders before 2024\OLD 16.03.21\old files\Lean Management systems\5S ACTIVITY\5S Activity - Ist floor-Janatics HO\Files standardisation"
"1. Roles & Responsibilities","5S Award","8","L:\5S\5S HO\All folders before 2024\OLD 16.03.21\old files\Lean Management systems\5S ACTIVITY\5S Award\1. Roles & Responsibilities"
"10. First Aid Training","5S Award","8","L:\5S\5S HO\All folders before 2024\OLD 16.03.21\old files\Lean Management systems\5S ACTIVITY\5S Award\10. First Aid Training"
"11. 5s Training classes","5S Award","8","L:\5S\5S HO\All folders before 2024\OLD 16.03.21\old files\Lean Management systems\5S ACTIVITY\5S Award\11. 5s Training classes"
"12. 5s presentations","5S Award","8","L:\5S\5S HO\All folders before 2024\OLD 16.03.21\old files\Lean Management systems\5S ACTIVITY\5S Award\12. 5s presentations"
"13. 5s meeting","5S Award","8","L:\5S\5S HO\All folders before 2024\OLD 16.03.21\old files\Lean Management systems\5S ACTIVITY\5S Award\13. 5s meeting"
"14. 5s Achievements","5S Award","8","L:\5S\5S HO\All folders before 2024\OLD 16.03.21\old files\Lean Management systems\5S ACTIVITY\5S Award\14. 5s Achievements"
"15. Standardisation","5S Award","8","L:\5S\5S HO\All folders before 2024\OLD 16.03.21\old files\Lean Management systems\5S ACTIVITY\5S Award\15. Standardisation"
"16. Improvements","5S Award","8","L:\5S\5S HO\All folders before 2024\OLD 16.03.21\old files\Lean Management systems\5S ACTIVITY\5S Award\16. Improvements"
"17. Benefits","5S Award","8","L:\5S\5S HO\All folders before 2024\OLD 16.03.21\old files\Lean Management systems\5S ACTIVITY\5S Award\17. Benefits"
"2. Organisation chart (photo)","5S Award","8","L:\5S\5S HO\All folders before 2024\OLD 16.03.21\old files\Lean Management systems\5S ACTIVITY\5S Award\2. Organisation chart (photo)"
"old photos dont use","2. Organisation chart (photo)","9","L:\5S\5S HO\All folders before 2024\OLD 16.03.21\old files\Lean Management systems\5S ACTIVITY\5S Award\2. Organisation chart (photo)\old photos dont use"
"Zone photos old 12x8 20082013","old photos dont use","10","L:\5S\5S HO\All folders before 2024\OLD 16.03.21\old files\Lean Management systems\5S ACTIVITY\5S Award\2. Organisation chart (photo)\old photos dont use\Zone photos old 12x8 20082013"
"photo","ORGANISATION STRUCTURE","6","L:\5S\5S HO\All folders before 2024\OLD 16.03.21\old files\ORGANISATION STRUCTURE\photo"
"ZONE 1","ORGANISATION STRUCTURE","6","L:\5S\5S HO\All folders before 2024\OLD 16.03.21\old files\ORGANISATION STRUCTURE\ZONE 1"
"ZONE 10","ORGANISATION STRUCTURE","6","L:\5S\5S HO\All folders before 2024\OLD 16.03.21\old files\ORGANISATION STRUCTURE\ZONE 10"
"ZONE 11","ORGANISATION STRUCTURE","6","L:\5S\5S HO\All folders before 2024\OLD 16.03.21\old files\ORGANISATION STRUCTURE\ZONE 11"
"ZONE 12","ORGANISATION STRUCTURE","6","L:\5S\5S HO\All folders before 2024\OLD 16.03.21\old files\ORGANISATION STRUCTURE\ZONE 12"
"ZONE 2","ORGANISATION STRUCTURE","6","L:\5S\5S HO\All folders before 2024\OLD 16.03.21\old files\ORGANISATION STRUCTURE\ZONE 2"
"ZONE 3","ORGANISATION STRUCTURE","6","L:\5S\5S HO\All folders before 2024\OLD 16.03.21\old files\ORGANISATION STRUCTURE\ZONE 3"
"ZONE 4","ORGANISATION STRUCTURE","6","L:\5S\5S HO\All folders before 2024\OLD 16.03.21\old files\ORGANISATION STRUCTURE\ZONE 4"
"ZONE 5","ORGANISATION STRUCTURE","6","L:\5S\5S HO\All folders before 2024\OLD 16.03.21\old files\ORGANISATION STRUCTURE\ZONE 5"
"ZONE 6","ORGANISATION STRUCTURE","6","L:\5S\5S HO\All folders before 2024\OLD 16.03.21\old files\ORGANISATION STRUCTURE\ZONE 6"
"ZONE 7","ORGANISATION STRUCTURE","6","L:\5S\5S HO\All folders before 2024\OLD 16.03.21\old files\ORGANISATION STRUCTURE\ZONE 7"
"ZONE 8","ORGANISATION STRUCTURE","6","L:\5S\5S HO\All folders before 2024\OLD 16.03.21\old files\ORGANISATION STRUCTURE\ZONE 8"
"ZONE 9","ORGANISATION STRUCTURE","6","L:\5S\5S HO\All folders before 2024\OLD 16.03.21\old files\ORGANISATION STRUCTURE\ZONE 9"
"5s_Photos","photo","7","L:\5S\5S HO\All folders before 2024\OLD 16.03.21\old files\ORGANISATION STRUCTURE\photo\5s_Photos"
"zONE3&4","5s_Photos","8","L:\5S\5S HO\All folders before 2024\OLD 16.03.21\old files\ORGANISATION STRUCTURE\photo\5s_Photos\zONE3&4"
"Zone_8","5s_Photos","8","L:\5S\5S HO\All folders before 2024\OLD 16.03.21\old files\ORGANISATION STRUCTURE\photo\5s_Photos\Zone_8"
"Photos","Reference","6","L:\5S\5S HO\All folders before 2024\OLD 16.03.21\old files\Reference\Photos"
"snap","Photos","7","L:\5S\5S HO\All folders before 2024\OLD 16.03.21\old files\Reference\Photos\snap"
"ERT presentation","TRAINING","6","L:\5S\5S HO\All folders before 2024\OLD 16.03.21\old files\TRAINING\ERT presentation"
"SUB ZONE LAYOUTS","ZONE-4","5","L:\5S\5S HO\All folders before 2024\OLD 16.03.21\ZONE-4\SUB ZONE LAYOUTS"
"07_09_21","Sticker  Requirements","4","L:\5S\5S HO\All folders before 2024\Sticker  Requirements\07_09_21"
"14_08_21","Sticker  Requirements","4","L:\5S\5S HO\All folders before 2024\Sticker  Requirements\14_08_21"
"22_09_21","Sticker  Requirements","4","L:\5S\5S HO\All folders before 2024\Sticker  Requirements\22_09_21"
"Accounds Dept","Gemba audit Before Photos","3","L:\5S\5S HO\Gemba audit Before Photos\Accounds Dept"
"Attachment Zip files","Gemba audit Before Photos","3","L:\5S\5S HO\Gemba audit Before Photos\Attachment Zip files"
"Design and Development","Gemba audit Before Photos","3","L:\5S\5S HO\Gemba audit Before Photos\Design and Development"
"HO - Marketing","Gemba audit Before Photos","3","L:\5S\5S HO\Gemba audit Before Photos\HO - Marketing"
"House keeping","Gemba audit Before Photos","3","L:\5S\5S HO\Gemba audit Before Photos\House keeping"
"IT Dept","Gemba audit Before Photos","3","L:\5S\5S HO\Gemba audit Before Photos\IT Dept"
"machine shop","Gemba audit Before Photos","3","L:\5S\5S HO\Gemba audit Before Photos\machine shop"
"Maintenance","Gemba audit Before Photos","3","L:\5S\5S HO\Gemba audit Before Photos\Maintenance"
"PLP","Gemba audit Before Photos","3","L:\5S\5S HO\Gemba audit Before Photos\PLP"
"Stores HO All floors","Gemba audit Before Photos","3","L:\5S\5S HO\Gemba audit Before Photos\Stores HO All floors"
"Tool room","Gemba audit Before Photos","3","L:\5S\5S HO\Gemba audit Before Photos\Tool room"
"1st floor","House keeping","4","L:\5S\5S HO\Gemba audit Before Photos\House keeping\1st floor"
"2nd floor","House keeping","4","L:\5S\5S HO\Gemba audit Before Photos\House keeping\2nd floor"
"3rd floor","House keeping","4","L:\5S\5S HO\Gemba audit Before Photos\House keeping\3rd floor"
"Ground floor","House keeping","4","L:\5S\5S HO\Gemba audit Before Photos\House keeping\Ground floor"
"HK 5S Gemba Audit Report","House keeping","4","L:\5S\5S HO\Gemba audit Before Photos\House keeping\HK 5S Gemba Audit Report"
"Improvement points","House keeping","4","L:\5S\5S HO\Gemba audit Before Photos\House keeping\Improvement points"
"attachments (3)","machine shop","4","L:\5S\5S HO\Gemba audit Before Photos\machine shop\attachments (3)"
"HP LaserJet Pro MFP M127-M128","HP","3","L:\5S\5S HO\HP\HP LaserJet Pro MFP M127-M128"
"5s photos -20180316T045126Z-001","Photos","3","L:\5S\5S HO\Photos\5s photos -20180316T045126Z-001"
"ZONE - 3","Photos","3","L:\5S\5S HO\Photos\ZONE - 3"
"5s photos","5s photos -20180316T045126Z-001","4","L:\5S\5S HO\Photos\5s photos -20180316T045126Z-001\5s photos"
"UPDATED","ZONE - 3","4","L:\5S\5S HO\Photos\ZONE - 3\UPDATED"
"5S Weekly Meeting MoM @ Polymers","5S POLYMER","2","L:\5S\5S POLYMER\5S Weekly Meeting MoM @ Polymers"
"FORMS AND TEMPLATES","5S POLYMER","2","L:\5S\5S POLYMER\FORMS AND TEMPLATES"
"ZONES DATA","5S POLYMER","2","L:\5S\5S POLYMER\ZONES DATA"
"New folder","5S Weekly Meeting MoM @ Polymers","3","L:\5S\5S POLYMER\5S Weekly Meeting MoM @ Polymers\New folder"
"1S Necessary-item-list","FORMS AND TEMPLATES","3","L:\5S\5S POLYMER\FORMS AND TEMPLATES\1S Necessary-item-list"
"3S Check sheet","FORMS AND TEMPLATES","3","L:\5S\5S POLYMER\FORMS AND TEMPLATES\3S Check sheet"
"5S Appreciate Certificate Format & SOP","FORMS AND TEMPLATES","3","L:\5S\5S POLYMER\FORMS AND TEMPLATES\5S Appreciate Certificate Format & SOP"
"5S Audit Observation & Action Status Format","FORMS AND TEMPLATES","3","L:\5S\5S POLYMER\FORMS AND TEMPLATES\5S Audit Observation & Action Status Format"
"5S Audit Score details","FORMS AND TEMPLATES","3","L:\5S\5S POLYMER\FORMS AND TEMPLATES\5S Audit Score details"
"5S Audit Sheet & SOP","FORMS AND TEMPLATES","3","L:\5S\5S POLYMER\FORMS AND TEMPLATES\5S Audit Sheet & SOP"
"5S Company Vision & Policy","FORMS AND TEMPLATES","3","L:\5S\5S POLYMER\FORMS AND TEMPLATES\5S Company Vision & Policy"
"5S Company Wide Organogram Chart","FORMS AND TEMPLATES","3","L:\5S\5S POLYMER\FORMS AND TEMPLATES\5S Company Wide Organogram Chart"
"5S Display Board Format","FORMS AND TEMPLATES","3","L:\5S\5S POLYMER\FORMS AND TEMPLATES\5S Display Board Format"
"5S Floor marking SOP","FORMS AND TEMPLATES","3","L:\5S\5S POLYMER\FORMS AND TEMPLATES\5S Floor marking SOP"
"5S Gemba Observation Log","FORMS AND TEMPLATES","3","L:\5S\5S POLYMER\FORMS AND TEMPLATES\5S Gemba Observation Log"
"5S Improvement Road Map","FORMS AND TEMPLATES","3","L:\5S\5S POLYMER\FORMS AND TEMPLATES\5S Improvement Road Map"
"5S Pledge & SOP","FORMS AND TEMPLATES","3","L:\5S\5S POLYMER\FORMS AND TEMPLATES\5S Pledge & SOP"
"5S REDTAG Area format & SOP","FORMS AND TEMPLATES","3","L:\5S\5S POLYMER\FORMS AND TEMPLATES\5S REDTAG Area format & SOP"
"5S Roles & Responsbility SOP","FORMS AND TEMPLATES","3","L:\5S\5S POLYMER\FORMS AND TEMPLATES\5S Roles & Responsbility SOP"
"5S SOPs & Organogram","FORMS AND TEMPLATES","3","L:\5S\5S POLYMER\FORMS AND TEMPLATES\5S SOPs & Organogram"
"5S Team Structure format & SOP","FORMS AND TEMPLATES","3","L:\5S\5S POLYMER\FORMS AND TEMPLATES\5S Team Structure format & SOP"
"5S Trend chart format & SOP","FORMS AND TEMPLATES","3","L:\5S\5S POLYMER\FORMS AND TEMPLATES\5S Trend chart format & SOP"
"Kaizen Dept tree","FORMS AND TEMPLATES","3","L:\5S\5S POLYMER\FORMS AND TEMPLATES\Kaizen Dept tree"
"Polymer Gemba audit","5S Audit Score details","4","L:\5S\5S POLYMER\FORMS AND TEMPLATES\5S Audit Score details\Polymer Gemba audit"
"5S Audit Sheet -PDF","5S Audit Sheet & SOP","4","L:\5S\5S POLYMER\FORMS AND TEMPLATES\5S Audit Sheet & SOP\5S Audit Sheet -PDF"
"1S Necessary-item-list","5S SOPs & Organogram","4","L:\5S\5S POLYMER\FORMS AND TEMPLATES\5S SOPs & Organogram\1S Necessary-item-list"
"5S Team Logo's","5S Team Structure format & SOP","4","L:\5S\5S POLYMER\FORMS AND TEMPLATES\5S Team Structure format & SOP\5S Team Logo's"
"5S Audit Observations","5S SKYFAST","2","L:\5S\5S SKYFAST\5S Audit Observations"
"5S Audit Sheet -Final","5S SKYFAST","2","L:\5S\5S SKYFAST\5S Audit Sheet -Final"
"5S Company Policy","5S SKYFAST","2","L:\5S\5S SKYFAST\5S Company Policy"
"5S Company Wide Organogram Chart","5S SKYFAST","2","L:\5S\5S SKYFAST\5S Company Wide Organogram Chart"
"5S SOP's","5S SKYFAST","2","L:\5S\5S SKYFAST\5S SOP's"
"5S ?????????","5S SKYFAST","2","L:\5S\5S SKYFAST\5S ?????????"
"MoM","5S SKYFAST","2","L:\5S\5S SKYFAST\MoM"
"REDTAG Area Implimentation","5S SKYFAST","2","L:\5S\5S SKYFAST\REDTAG Area Implimentation"
"Individual Responsibility","5S Company Wide Organogram Chart","3","L:\5S\5S SKYFAST\5S Company Wide Organogram Chart\Individual Responsibility"
"Zone or Dept  team structure","5S Company Wide Organogram Chart","3","L:\5S\5S SKYFAST\5S Company Wide Organogram Chart\Zone or Dept  team structure"
"4M Corner audits","5S UNIT 7","2","L:\5S\5S UNIT 7\4M Corner audits"
"ALL FORMS SOPs TEMPLATEs","5S UNIT 7","2","L:\5S\5S UNIT 7\ALL FORMS SOPs TEMPLATEs"
"Audit Observation","5S UNIT 7","2","L:\5S\5S UNIT 7\Audit Observation"
"AUDITING PHOTOS_18.2.26","5S UNIT 7","2","L:\5S\5S UNIT 7\AUDITING PHOTOS_18.2.26"
"Kaizentics-2026","5S UNIT 7","2","L:\5S\5S UNIT 7\Kaizentics-2026"
"MOM","5S UNIT 7","2","L:\5S\5S UNIT 7\MOM"
"Quarterly Review PPT file","5S UNIT 7","2","L:\5S\5S UNIT 7\Quarterly Review PPT file"
"Unit 7 5S ZONES DATA","5S UNIT 7","2","L:\5S\5S UNIT 7\Unit 7 5S ZONES DATA"
"WQM-Photos","5S UNIT 7","2","L:\5S\5S UNIT 7\WQM-Photos"
"5S Auding Sheet & Score card","ALL FORMS SOPs TEMPLATEs","3","L:\5S\5S UNIT 7\ALL FORMS SOPs TEMPLATEs\5S Auding Sheet & Score card"
"5S Company Vision & Policy","ALL FORMS SOPs TEMPLATEs","3","L:\5S\5S UNIT 7\ALL FORMS SOPs TEMPLATEs\5S Company Vision & Policy"
"5S Pledge & SOP","ALL FORMS SOPs TEMPLATEs","3","L:\5S\5S UNIT 7\ALL FORMS SOPs TEMPLATEs\5S Pledge & SOP"
"5S Posters","ALL FORMS SOPs TEMPLATEs","3","L:\5S\5S UNIT 7\ALL FORMS SOPs TEMPLATEs\5S Posters"
"FC Store 5S Audit findings 19_June_24","ALL FORMS SOPs TEMPLATEs","3","L:\5S\5S UNIT 7\ALL FORMS SOPs TEMPLATEs\FC Store 5S Audit findings 19_June_24"
"FORMATS","ALL FORMS SOPs TEMPLATEs","3","L:\5S\5S UNIT 7\ALL FORMS SOPs TEMPLATEs\FORMATS"
"Janatics U7 Identification Boards","ALL FORMS SOPs TEMPLATEs","3","L:\5S\5S UNIT 7\ALL FORMS SOPs TEMPLATEs\Janatics U7 Identification Boards"
"JIPL U7 Company wide ORGANOGRAM","ALL FORMS SOPs TEMPLATEs","3","L:\5S\5S UNIT 7\ALL FORMS SOPs TEMPLATEs\JIPL U7 Company wide ORGANOGRAM"
"JIPL U7 Identification Boards","ALL FORMS SOPs TEMPLATEs","3","L:\5S\5S UNIT 7\ALL FORMS SOPs TEMPLATEs\JIPL U7 Identification Boards"
"5S Audit Sheet PDF","5S Auding Sheet & Score card","4","L:\5S\5S UNIT 7\ALL FORMS SOPs TEMPLATEs\5S Auding Sheet & Score card\5S Audit Sheet PDF"
"5S Weekly Audit Score","5S Auding Sheet & Score card","4","L:\5S\5S UNIT 7\ALL FORMS SOPs TEMPLATEs\5S Auding Sheet & Score card\5S Weekly Audit Score"
"SOP","FORMATS","4","L:\5S\5S UNIT 7\ALL FORMS SOPs TEMPLATEs\FORMATS\SOP"
"Weekly Presantation","FORMATS","4","L:\5S\5S UNIT 7\ALL FORMS SOPs TEMPLATEs\FORMATS\Weekly Presantation"
"5S PHOTOS MOBILE TRANSFERED","AUDITING PHOTOS_18.2.26","3","L:\5S\5S UNIT 7\AUDITING PHOTOS_18.2.26\5S PHOTOS MOBILE TRANSFERED"
"4M","Kaizentics-2026","3","L:\5S\5S UNIT 7\Kaizentics-2026\4M"
"5S","Kaizentics-2026","3","L:\5S\5S UNIT 7\Kaizentics-2026\5S"
"Function Photos","Kaizentics-2026","3","L:\5S\5S UNIT 7\Kaizentics-2026\Function Photos"
"kaizen","Kaizentics-2026","3","L:\5S\5S UNIT 7\Kaizentics-2026\kaizen"
"Reference","Kaizentics-2026","3","L:\5S\5S UNIT 7\Kaizentics-2026\Reference"
"I25-4M","4M","4","L:\5S\5S UNIT 7\Kaizentics-2026\4M\I25-4M"
"I26-4M","4M","4","L:\5S\5S UNIT 7\Kaizentics-2026\4M\I26-4M"
"IED","4M","4","L:\5S\5S UNIT 7\Kaizentics-2026\4M\IED"
"5S MAY'25","5S","4","L:\5S\5S UNIT 7\Kaizentics-2026\5S\5S MAY'25"
"I24","5S","4","L:\5S\5S UNIT 7\Kaizentics-2026\5S\I24"
"I25 5S","5S","4","L:\5S\5S UNIT 7\Kaizentics-2026\5S\I25 5S"
"I24","I24","5","L:\5S\5S UNIT 7\Kaizentics-2026\5S\I24\I24"
"4M & 5S AWARD FUNCTION JAN 2026","Function Photos","4","L:\5S\5S UNIT 7\Kaizentics-2026\Function Photos\4M & 5S AWARD FUNCTION JAN 2026"
"FUNCTION PHOTOS-20260223T060821Z-1-001","4M & 5S AWARD FUNCTION JAN 2026","5","L:\5S\5S UNIT 7\Kaizentics-2026\Function Photos\4M & 5S AWARD FUNCTION JAN 2026\FUNCTION PHOTOS-20260223T060821Z-1-001"
"FUNCTION PHOTOS-20260223T060821Z-1-002","4M & 5S AWARD FUNCTION JAN 2026","5","L:\5S\5S UNIT 7\Kaizentics-2026\Function Photos\4M & 5S AWARD FUNCTION JAN 2026\FUNCTION PHOTOS-20260223T060821Z-1-002"
"FUNCTION PHOTOS","FUNCTION PHOTOS-20260223T060821Z-1-001","6","L:\5S\5S UNIT 7\Kaizentics-2026\Function Photos\4M & 5S AWARD FUNCTION JAN 2026\FUNCTION PHOTOS-20260223T060821Z-1-001\FUNCTION PHOTOS"
"FUNCTION PHOTOS","FUNCTION PHOTOS-20260223T060821Z-1-002","6","L:\5S\5S UNIT 7\Kaizentics-2026\Function Photos\4M & 5S AWARD FUNCTION JAN 2026\FUNCTION PHOTOS-20260223T060821Z-1-002\FUNCTION PHOTOS"
"Filter Kaizen","kaizen","4","L:\5S\5S UNIT 7\Kaizentics-2026\kaizen\Filter Kaizen"
"Best_Kaizen_FC_Stores__inward","Filter Kaizen","5","L:\5S\5S UNIT 7\Kaizentics-2026\kaizen\Filter Kaizen\Best_Kaizen_FC_Stores__inward"
"Best_Kaizen_of_maintenance_dept","Filter Kaizen","5","L:\5S\5S UNIT 7\Kaizentics-2026\kaizen\Filter Kaizen\Best_Kaizen_of_maintenance_dept"
"I26_best_kaizen","Filter Kaizen","5","L:\5S\5S UNIT 7\Kaizentics-2026\kaizen\Filter Kaizen\I26_best_kaizen"
"kaizen-ied","Filter Kaizen","5","L:\5S\5S UNIT 7\Kaizentics-2026\kaizen\Filter Kaizen\kaizen-ied"
"P.T.C._Machine_shop_Kaizen","Filter Kaizen","5","L:\5S\5S UNIT 7\Kaizentics-2026\kaizen\Filter Kaizen\P.T.C._Machine_shop_Kaizen"
"QED TEAM KAIZEN","Filter Kaizen","5","L:\5S\5S UNIT 7\Kaizentics-2026\kaizen\Filter Kaizen\QED TEAM KAIZEN"
"Best Kaizen - Stores _ inward","Best_Kaizen_FC_Stores__inward","6","L:\5S\5S UNIT 7\Kaizentics-2026\kaizen\Filter Kaizen\Best_Kaizen_FC_Stores__inward\Best Kaizen - Stores _ inward"
"Reg_ Best Kaizen of maintenance dept","Best_Kaizen_of_maintenance_dept","6","L:\5S\5S UNIT 7\Kaizentics-2026\kaizen\Filter Kaizen\Best_Kaizen_of_maintenance_dept\Reg_ Best Kaizen of maintenance dept"
"I26 best kaizen photos","I26_best_kaizen","6","L:\5S\5S UNIT 7\Kaizentics-2026\kaizen\Filter Kaizen\I26_best_kaizen\I26 best kaizen photos"
"P_T_C_ Machine shop Kaizen details","P.T.C._Machine_shop_Kaizen","6","L:\5S\5S UNIT 7\Kaizentics-2026\kaizen\Filter Kaizen\P.T.C._Machine_shop_Kaizen\P_T_C_ Machine shop Kaizen details"
"New folder (2)","QED TEAM KAIZEN","6","L:\5S\5S UNIT 7\Kaizentics-2026\kaizen\Filter Kaizen\QED TEAM KAIZEN\New folder (2)"
"1. Site Audit Criteria","Reference","4","L:\5S\5S UNIT 7\Kaizentics-2026\Reference\1. Site Audit Criteria"
"2. Presentation Criteria","Reference","4","L:\5S\5S UNIT 7\Kaizentics-2026\Reference\2. Presentation Criteria"
"Reference PPT Format","Reference","4","L:\5S\5S UNIT 7\Kaizentics-2026\Reference\Reference PPT Format"
"ref","2. Presentation Criteria","5","L:\5S\5S UNIT 7\Kaizentics-2026\Reference\2. Presentation Criteria\ref"
"2025","MOM","3","L:\5S\5S UNIT 7\MOM\2025"
"2026","MOM","3","L:\5S\5S UNIT 7\MOM\2026"
"Cross Audit Schedule","MOM","3","L:\5S\5S UNIT 7\MOM\Cross Audit Schedule"
"Presentation","MOM","3","L:\5S\5S UNIT 7\MOM\Presentation"
"Weekly Trend Chart","MOM","3","L:\5S\5S UNIT 7\MOM\Weekly Trend Chart"
"March 2026","Cross Audit Schedule","4","L:\5S\5S UNIT 7\MOM\Cross Audit Schedule\March 2026"
"1.Observation Points","March 2026","5","L:\5S\5S UNIT 7\MOM\Cross Audit Schedule\March 2026\1.Observation Points"
"2.Cross Audit Score","March 2026","5","L:\5S\5S UNIT 7\MOM\Cross Audit Schedule\March 2026\2.Cross Audit Score"
"Kaizen-WEEK-50","Presentation","4","L:\5S\5S UNIT 7\MOM\Presentation\Kaizen-WEEK-50"
"New folder","Presentation","4","L:\5S\5S UNIT 7\MOM\Presentation\New folder"
"5S & 4M Halfyearly Review 28_29_30 May 2025","Quarterly Review PPT file","3","L:\5S\5S UNIT 7\Quarterly Review PPT file\5S & 4M Halfyearly Review 28_29_30 May 2025"
"5S & 4M Quarterly Review 29_30 & 31 Aug 24","Quarterly Review PPT file","3","L:\5S\5S UNIT 7\Quarterly Review PPT file\5S & 4M Quarterly Review 29_30 & 31 Aug 24"
"Audit Findings","Quarterly Review PPT file","3","L:\5S\5S UNIT 7\Quarterly Review PPT file\Audit Findings"
"kaizen review May2025","Quarterly Review PPT file","3","L:\5S\5S UNIT 7\Quarterly Review PPT file\kaizen review May2025"
"Quarterly Audit Findings","Quarterly Review PPT file","3","L:\5S\5S UNIT 7\Quarterly Review PPT file\Quarterly Audit Findings"
"Quarterly Audit PPT DEC - 24","Quarterly Review PPT file","3","L:\5S\5S UNIT 7\Quarterly Review PPT file\Quarterly Audit PPT DEC - 24"
"Quarterly review 01&02 Aug19","Quarterly Review PPT file","3","L:\5S\5S UNIT 7\Quarterly Review PPT file\Quarterly review 01&02 Aug19"
"Quarterly review 11&12 Jan19","Quarterly Review PPT file","3","L:\5S\5S UNIT 7\Quarterly Review PPT file\Quarterly review 11&12 Jan19"
"Quarterly review 14th Dec19","Quarterly Review PPT file","3","L:\5S\5S UNIT 7\Quarterly Review PPT file\Quarterly review 14th Dec19"
"Quarterly review 15&16 June18","Quarterly Review PPT file","3","L:\5S\5S UNIT 7\Quarterly Review PPT file\Quarterly review 15&16 June18"
"Quarterly review 17 & 20 02 18","Quarterly Review PPT file","3","L:\5S\5S UNIT 7\Quarterly Review PPT file\Quarterly review 17 & 20 02 18"
"Quarterly review 30Apr19","Quarterly Review PPT file","3","L:\5S\5S UNIT 7\Quarterly Review PPT file\Quarterly review 30Apr19"
"Review 4M and 5S 09th & 10th June 22","Quarterly Review PPT file","3","L:\5S\5S UNIT 7\Quarterly Review PPT file\Review 4M and 5S 09th & 10th June 22"
"Review 4M and 5S 10th,11th & 12th Aug 23","Quarterly Review PPT file","3","L:\5S\5S UNIT 7\Quarterly Review PPT file\Review 4M and 5S 10th,11th & 12th Aug 23"
"Review 4M and 5S 5th,6th & 7th Jan 23","Quarterly Review PPT file","3","L:\5S\5S UNIT 7\Quarterly Review PPT file\Review 4M and 5S 5th,6th & 7th Jan 23"
"2025 photos","5S & 4M Halfyearly Review 28_29_30 May 2025","4","L:\5S\5S UNIT 7\Quarterly Review PPT file\5S & 4M Halfyearly Review 28_29_30 May 2025\2025 photos"
"function files","5S & 4M Halfyearly Review 28_29_30 May 2025","4","L:\5S\5S UNIT 7\Quarterly Review PPT file\5S & 4M Halfyearly Review 28_29_30 May 2025\function files"
"kaizen review May2025","5S & 4M Halfyearly Review 28_29_30 May 2025","4","L:\5S\5S UNIT 7\Quarterly Review PPT file\5S & 4M Halfyearly Review 28_29_30 May 2025\kaizen review May2025"
"May 2025 hfyrly presentation 5S & 4M","5S & 4M Halfyearly Review 28_29_30 May 2025","4","L:\5S\5S UNIT 7\Quarterly Review PPT file\5S & 4M Halfyearly Review 28_29_30 May 2025\May 2025 hfyrly presentation 5S & 4M"
"New folder","5S & 4M Halfyearly Review 28_29_30 May 2025","4","L:\5S\5S UNIT 7\Quarterly Review PPT file\5S & 4M Halfyearly Review 28_29_30 May 2025\New folder"
"30thMay2025","2025 photos","5","L:\5S\5S UNIT 7\Quarterly Review PPT file\5S & 4M Halfyearly Review 28_29_30 May 2025\2025 photos\30thMay2025"
"4M & 5S AGENDA","5S & 4M Quarterly Review 29_30 & 31 Aug 24","4","L:\5S\5S UNIT 7\Quarterly Review PPT file\5S & 4M Quarterly Review 29_30 & 31 Aug 24\4M & 5S AGENDA"
"4M Presentation AUG-24","5S & 4M Quarterly Review 29_30 & 31 Aug 24","4","L:\5S\5S UNIT 7\Quarterly Review PPT file\5S & 4M Quarterly Review 29_30 & 31 Aug 24\4M Presentation AUG-24"
"5S Presentation AUG-24","5S & 4M Quarterly Review 29_30 & 31 Aug 24","4","L:\5S\5S UNIT 7\Quarterly Review PPT file\5S & 4M Quarterly Review 29_30 & 31 Aug 24\5S Presentation AUG-24"
"4M Criteria","4M & 5S AGENDA","5","L:\5S\5S UNIT 7\Quarterly Review PPT file\5S & 4M Quarterly Review 29_30 & 31 Aug 24\4M & 5S AGENDA\4M Criteria"
"5S Criteria","4M & 5S AGENDA","5","L:\5S\5S UNIT 7\Quarterly Review PPT file\5S & 4M Quarterly Review 29_30 & 31 Aug 24\4M & 5S AGENDA\5S Criteria"
"Result","4M & 5S AGENDA","5","L:\5S\5S UNIT 7\Quarterly Review PPT file\5S & 4M Quarterly Review 29_30 & 31 Aug 24\4M & 5S AGENDA\Result"
"ENABLING DEPT","4M Criteria","6","L:\5S\5S UNIT 7\Quarterly Review PPT file\5S & 4M Quarterly Review 29_30 & 31 Aug 24\4M & 5S AGENDA\4M Criteria\ENABLING DEPT"
"PRODUCTION DEPT","4M Criteria","6","L:\5S\5S UNIT 7\Quarterly Review PPT file\5S & 4M Quarterly Review 29_30 & 31 Aug 24\4M & 5S AGENDA\4M Criteria\PRODUCTION DEPT"
"4M IED","4M Presentation AUG-24","5","L:\5S\5S UNIT 7\Quarterly Review PPT file\5S & 4M Quarterly Review 29_30 & 31 Aug 24\4M Presentation AUG-24\4M IED"
"gopal","4M IED","6","L:\5S\5S UNIT 7\Quarterly Review PPT file\5S & 4M Quarterly Review 29_30 & 31 Aug 24\4M Presentation AUG-24\4M IED\gopal"
"j&f","4M IED","6","L:\5S\5S UNIT 7\Quarterly Review PPT file\5S & 4M Quarterly Review 29_30 & 31 Aug 24\4M Presentation AUG-24\4M IED\j&f"
"jayen","4M IED","6","L:\5S\5S UNIT 7\Quarterly Review PPT file\5S & 4M Quarterly Review 29_30 & 31 Aug 24\4M Presentation AUG-24\4M IED\jayen"
"5S IED","5S Presentation AUG-24","5","L:\5S\5S UNIT 7\Quarterly Review PPT file\5S & 4M Quarterly Review 29_30 & 31 Aug 24\5S Presentation AUG-24\5S IED"
"Chemistry lab & Spectro lab","5S Presentation AUG-24","5","L:\5S\5S UNIT 7\Quarterly Review PPT file\5S & 4M Quarterly Review 29_30 & 31 Aug 24\5S Presentation AUG-24\Chemistry lab & Spectro lab"
"Quality -SQE","5S Presentation AUG-24","5","L:\5S\5S UNIT 7\Quarterly Review PPT file\5S & 4M Quarterly Review 29_30 & 31 Aug 24\5S Presentation AUG-24\Quality -SQE"
"GOKUL","5S IED","6","L:\5S\5S UNIT 7\Quarterly Review PPT file\5S & 4M Quarterly Review 29_30 & 31 Aug 24\5S Presentation AUG-24\5S IED\GOKUL"
"Jayen","5S IED","6","L:\5S\5S UNIT 7\Quarterly Review PPT file\5S & 4M Quarterly Review 29_30 & 31 Aug 24\5S Presentation AUG-24\5S IED\Jayen"
"Qualit","5S IED","6","L:\5S\5S UNIT 7\Quarterly Review PPT file\5S & 4M Quarterly Review 29_30 & 31 Aug 24\5S Presentation AUG-24\5S IED\Qualit"
"VIJAY","5S IED","6","L:\5S\5S UNIT 7\Quarterly Review PPT file\5S & 4M Quarterly Review 29_30 & 31 Aug 24\5S Presentation AUG-24\5S IED\VIJAY"
"Quatarly 5S Audit 2024 August","Quarterly Audit Findings","4","L:\5S\5S UNIT 7\Quarterly Review PPT file\Quarterly Audit Findings\Quatarly 5S Audit 2024 August"
"Quatarly 5S Audit 2024 December","Quarterly Audit Findings","4","L:\5S\5S UNIT 7\Quarterly Review PPT file\Quarterly Audit Findings\Quatarly 5S Audit 2024 December"
"4M - DEC 24","Quarterly Audit PPT DEC - 24","4","L:\5S\5S UNIT 7\Quarterly Review PPT file\Quarterly Audit PPT DEC - 24\4M - DEC 24"
"5S - DEC 24","Quarterly Audit PPT DEC - 24","4","L:\5S\5S UNIT 7\Quarterly Review PPT file\Quarterly Audit PPT DEC - 24\5S - DEC 24"
"Quaterly 4M & 5S Audit Result DEC 24","Quarterly Audit PPT DEC - 24","4","L:\5S\5S UNIT 7\Quarterly Review PPT file\Quarterly Audit PPT DEC - 24\Quaterly 4M & 5S Audit Result DEC 24"
"IED - Lean Legends","4M - DEC 24","5","L:\5S\5S UNIT 7\Quarterly Review PPT file\Quarterly Audit PPT DEC - 24\4M - DEC 24\IED - Lean Legends"
"Inward Quality","4M - DEC 24","5","L:\5S\5S UNIT 7\Quarterly Review PPT file\Quarterly Audit PPT DEC - 24\4M - DEC 24\Inward Quality"
"Inward RM FC Stores","4M - DEC 24","5","L:\5S\5S UNIT 7\Quarterly Review PPT file\Quarterly Audit PPT DEC - 24\4M - DEC 24\Inward RM FC Stores"
"Maintenance","4M - DEC 24","5","L:\5S\5S UNIT 7\Quarterly Review PPT file\Quarterly Audit PPT DEC - 24\4M - DEC 24\Maintenance"
"Materials","4M - DEC 24","5","L:\5S\5S UNIT 7\Quarterly Review PPT file\Quarterly Audit PPT DEC - 24\4M - DEC 24\Materials"
"Packing & FG Stores","4M - DEC 24","5","L:\5S\5S UNIT 7\Quarterly Review PPT file\Quarterly Audit PPT DEC - 24\4M - DEC 24\Packing & FG Stores"
"Production Assembly - I22","4M - DEC 24","5","L:\5S\5S UNIT 7\Quarterly Review PPT file\Quarterly Audit PPT DEC - 24\4M - DEC 24\Production Assembly - I22"
"Production Assembly - I23","4M - DEC 24","5","L:\5S\5S UNIT 7\Quarterly Review PPT file\Quarterly Audit PPT DEC - 24\4M - DEC 24\Production Assembly - I23"
"Production Assembly - I24","4M - DEC 24","5","L:\5S\5S UNIT 7\Quarterly Review PPT file\Quarterly Audit PPT DEC - 24\4M - DEC 24\Production Assembly - I24"
"Production Assembly - I25","4M - DEC 24","5","L:\5S\5S UNIT 7\Quarterly Review PPT file\Quarterly Audit PPT DEC - 24\4M - DEC 24\Production Assembly - I25"
"Production Assembly - I26","4M - DEC 24","5","L:\5S\5S UNIT 7\Quarterly Review PPT file\Quarterly Audit PPT DEC - 24\4M - DEC 24\Production Assembly - I26"
"Production MC - GEN","4M - DEC 24","5","L:\5S\5S UNIT 7\Quarterly Review PPT file\Quarterly Audit PPT DEC - 24\4M - DEC 24\Production MC - GEN"
"Production MC - PTC","4M - DEC 24","5","L:\5S\5S UNIT 7\Quarterly Review PPT file\Quarterly Audit PPT DEC - 24\4M - DEC 24\Production MC - PTC"
"FG Stores","5S - DEC 24","5","L:\5S\5S UNIT 7\Quarterly Review PPT file\Quarterly Audit PPT DEC - 24\5S - DEC 24\FG Stores"
"HRD & HK","5S - DEC 24","5","L:\5S\5S UNIT 7\Quarterly Review PPT file\Quarterly Audit PPT DEC - 24\5S - DEC 24\HRD & HK"
"IED - Blue Bird & Tech Zone","5S - DEC 24","5","L:\5S\5S UNIT 7\Quarterly Review PPT file\Quarterly Audit PPT DEC - 24\5S - DEC 24\IED - Blue Bird & Tech Zone"
"Maintenance Skylark","5S - DEC 24","5","L:\5S\5S UNIT 7\Quarterly Review PPT file\Quarterly Audit PPT DEC - 24\5S - DEC 24\Maintenance Skylark"
"Materials Office","5S - DEC 24","5","L:\5S\5S UNIT 7\Quarterly Review PPT file\Quarterly Audit PPT DEC - 24\5S - DEC 24\Materials Office"
"Packing & Despatch","5S - DEC 24","5","L:\5S\5S UNIT 7\Quarterly Review PPT file\Quarterly Audit PPT DEC - 24\5S - DEC 24\Packing & Despatch"
"Production Assembly - I22","5S - DEC 24","5","L:\5S\5S UNIT 7\Quarterly Review PPT file\Quarterly Audit PPT DEC - 24\5S - DEC 24\Production Assembly - I22"
"Production Assembly - I23","5S - DEC 24","5","L:\5S\5S UNIT 7\Quarterly Review PPT file\Quarterly Audit PPT DEC - 24\5S - DEC 24\Production Assembly - I23"
"Production Assembly - I24","5S - DEC 24","5","L:\5S\5S UNIT 7\Quarterly Review PPT file\Quarterly Audit PPT DEC - 24\5S - DEC 24\Production Assembly - I24"
"Production Assembly - I25","5S - DEC 24","5","L:\5S\5S UNIT 7\Quarterly Review PPT file\Quarterly Audit PPT DEC - 24\5S - DEC 24\Production Assembly - I25"
"Production Assembly - I26","5S - DEC 24","5","L:\5S\5S UNIT 7\Quarterly Review PPT file\Quarterly Audit PPT DEC - 24\5S - DEC 24\Production Assembly - I26"
"Production Assembly - I28","5S - DEC 24","5","L:\5S\5S UNIT 7\Quarterly Review PPT file\Quarterly Audit PPT DEC - 24\5S - DEC 24\Production Assembly - I28"
"Production MC - GEN","5S - DEC 24","5","L:\5S\5S UNIT 7\Quarterly Review PPT file\Quarterly Audit PPT DEC - 24\5S - DEC 24\Production MC - GEN"
"Production MC - PTC","5S - DEC 24","5","L:\5S\5S UNIT 7\Quarterly Review PPT file\Quarterly Audit PPT DEC - 24\5S - DEC 24\Production MC - PTC"
"Production Training cell","5S - DEC 24","5","L:\5S\5S UNIT 7\Quarterly Review PPT file\Quarterly Audit PPT DEC - 24\5S - DEC 24\Production Training cell"
"QC Chemisty & Spectro LAB","5S - DEC 24","5","L:\5S\5S UNIT 7\Quarterly Review PPT file\Quarterly Audit PPT DEC - 24\5S - DEC 24\QC Chemisty & Spectro LAB"
"QC Inward Inspection","5S - DEC 24","5","L:\5S\5S UNIT 7\Quarterly Review PPT file\Quarterly Audit PPT DEC - 24\5S - DEC 24\QC Inward Inspection"
"QC Metrology & CMM LAB","5S - DEC 24","5","L:\5S\5S UNIT 7\Quarterly Review PPT file\Quarterly Audit PPT DEC - 24\5S - DEC 24\QC Metrology & CMM LAB"
"QED Ostrich Office zone","5S - DEC 24","5","L:\5S\5S UNIT 7\Quarterly Review PPT file\Quarterly Audit PPT DEC - 24\5S - DEC 24\QED Ostrich Office zone"
"SCM Inward RM  FC  Stores","5S - DEC 24","5","L:\5S\5S UNIT 7\Quarterly Review PPT file\Quarterly Audit PPT DEC - 24\5S - DEC 24\SCM Inward RM  FC  Stores"
"Presentation","Quarterly review 01&02 Aug19","4","L:\5S\5S UNIT 7\Quarterly Review PPT file\Quarterly review 01&02 Aug19\Presentation"
"Scoring sheet","Quarterly review 01&02 Aug19","4","L:\5S\5S UNIT 7\Quarterly Review PPT file\Quarterly review 01&02 Aug19\Scoring sheet"
"4M","Presentation","5","L:\5S\5S UNIT 7\Quarterly Review PPT file\Quarterly review 01&02 Aug19\Presentation\4M"
"5S","Presentation","5","L:\5S\5S UNIT 7\Quarterly Review PPT file\Quarterly review 01&02 Aug19\Presentation\5S"
"I26-4M","4M","6","L:\5S\5S UNIT 7\Quarterly Review PPT file\Quarterly review 01&02 Aug19\Presentation\4M\I26-4M"
"Inward","4M","6","L:\5S\5S UNIT 7\Quarterly Review PPT file\Quarterly review 01&02 Aug19\Presentation\4M\Inward"
"SSD","4M","6","L:\5S\5S UNIT 7\Quarterly Review PPT file\Quarterly review 01&02 Aug19\Presentation\4M\SSD"
"Stores","4M","6","L:\5S\5S UNIT 7\Quarterly Review PPT file\Quarterly review 01&02 Aug19\Presentation\4M\Stores"
"HK 5s PPT","5S","6","L:\5S\5S UNIT 7\Quarterly Review PPT file\Quarterly review 01&02 Aug19\Presentation\5S\HK 5s PPT"
"Inward QE","5S","6","L:\5S\5S UNIT 7\Quarterly Review PPT file\Quarterly review 01&02 Aug19\Presentation\5S\Inward QE"
"Maintenance","5S","6","L:\5S\5S UNIT 7\Quarterly Review PPT file\Quarterly review 01&02 Aug19\Presentation\5S\Maintenance"
"Security 5s PPT","5S","6","L:\5S\5S UNIT 7\Quarterly Review PPT file\Quarterly review 01&02 Aug19\Presentation\5S\Security 5s PPT"
"SSD","5S","6","L:\5S\5S UNIT 7\Quarterly Review PPT file\Quarterly review 01&02 Aug19\Presentation\5S\SSD"
"STORES","5S","6","L:\5S\5S UNIT 7\Quarterly Review PPT file\Quarterly review 01&02 Aug19\Presentation\5S\STORES"
"Presentation","Quarterly review 14th Dec19","4","L:\5S\5S UNIT 7\Quarterly Review PPT file\Quarterly review 14th Dec19\Presentation"
"Scoring sheet","Quarterly review 14th Dec19","4","L:\5S\5S UNIT 7\Quarterly Review PPT file\Quarterly review 14th Dec19\Scoring sheet"
"4M corner review","Presentation","5","L:\5S\5S UNIT 7\Quarterly Review PPT file\Quarterly review 14th Dec19\Presentation\4M corner review"
"5S","Presentation","5","L:\5S\5S UNIT 7\Quarterly Review PPT file\Quarterly review 14th Dec19\Presentation\5S"
"2.FRL Breaking Barriers","4M corner review","6","L:\5S\5S UNIT 7\Quarterly Review PPT file\Quarterly review 14th Dec19\Presentation\4M corner review\2.FRL Breaking Barriers"
"2.FRL Breaking Barriers - Copy","4M corner review","6","L:\5S\5S UNIT 7\Quarterly Review PPT file\Quarterly review 14th Dec19\Presentation\4M corner review\2.FRL Breaking Barriers - Copy"
"4. SMART","4M corner review","6","L:\5S\5S UNIT 7\Quarterly Review PPT file\Quarterly review 14th Dec19\Presentation\4M corner review\4. SMART"
"4. SMART - Copy","4M corner review","6","L:\5S\5S UNIT 7\Quarterly Review PPT file\Quarterly review 14th Dec19\Presentation\4M corner review\4. SMART - Copy"
"5.OTF Production Ants","4M corner review","6","L:\5S\5S UNIT 7\Quarterly Review PPT file\Quarterly review 14th Dec19\Presentation\4M corner review\5.OTF Production Ants"
"5.OTF Production Ants - Copy","4M corner review","6","L:\5S\5S UNIT 7\Quarterly Review PPT file\Quarterly review 14th Dec19\Presentation\4M corner review\5.OTF Production Ants - Copy"
"Security 5s PPT","5S","6","L:\5S\5S UNIT 7\Quarterly Review PPT file\Quarterly review 14th Dec19\Presentation\5S\Security 5s PPT"
"4M PRESENTATION","Quarterly review 30Apr19","4","L:\5S\5S UNIT 7\Quarterly Review PPT file\Quarterly review 30Apr19\4M PRESENTATION"
"Score sheet","Quarterly review 30Apr19","4","L:\5S\5S UNIT 7\Quarterly Review PPT file\Quarterly review 30Apr19\Score sheet"
"4M Inward","4M PRESENTATION","5","L:\5S\5S UNIT 7\Quarterly Review PPT file\Quarterly review 30Apr19\4M PRESENTATION\4M Inward"
"4M-I26 PRESENTATION-FINAL-JAN-MAR-2019","4M PRESENTATION","5","L:\5S\5S UNIT 7\Quarterly Review PPT file\Quarterly review 30Apr19\4M PRESENTATION\4M-I26 PRESENTATION-FINAL-JAN-MAR-2019"
"Machine shop u7","4M PRESENTATION","5","L:\5S\5S UNIT 7\Quarterly Review PPT file\Quarterly review 30Apr19\4M PRESENTATION\Machine shop u7"
"Packing and Dispatch","4M PRESENTATION","5","L:\5S\5S UNIT 7\Quarterly Review PPT file\Quarterly review 30Apr19\4M PRESENTATION\Packing and Dispatch"
"SMART - I24 (Open office doc)","4M PRESENTATION","5","L:\5S\5S UNIT 7\Quarterly Review PPT file\Quarterly review 30Apr19\4M PRESENTATION\SMART - I24 (Open office doc)"
"Store 4m presentation","4M PRESENTATION","5","L:\5S\5S UNIT 7\Quarterly Review PPT file\Quarterly review 30Apr19\4M PRESENTATION\Store 4m presentation"
"Target Achevier","4M PRESENTATION","5","L:\5S\5S UNIT 7\Quarterly Review PPT file\Quarterly review 30Apr19\4M PRESENTATION\Target Achevier"
"Target Strickers","4M PRESENTATION","5","L:\5S\5S UNIT 7\Quarterly Review PPT file\Quarterly review 30Apr19\4M PRESENTATION\Target Strickers"
"New Folder","4M-I26 PRESENTATION-FINAL-JAN-MAR-2019","6","L:\5S\5S UNIT 7\Quarterly Review PPT file\Quarterly review 30Apr19\4M PRESENTATION\4M-I26 PRESENTATION-FINAL-JAN-MAR-2019\New Folder"
"OTHER DATA","4M-I26 PRESENTATION-FINAL-JAN-MAR-2019","6","L:\5S\5S UNIT 7\Quarterly Review PPT file\Quarterly review 30Apr19\4M PRESENTATION\4M-I26 PRESENTATION-FINAL-JAN-MAR-2019\OTHER DATA"
"Copy of OTHER DATA-1","New Folder","7","L:\5S\5S UNIT 7\Quarterly Review PPT file\Quarterly review 30Apr19\4M PRESENTATION\4M-I26 PRESENTATION-FINAL-JAN-MAR-2019\New Folder\Copy of OTHER DATA-1"
"OTHER DATA-1","New Folder","7","L:\5S\5S UNIT 7\Quarterly Review PPT file\Quarterly review 30Apr19\4M PRESENTATION\4M-I26 PRESENTATION-FINAL-JAN-MAR-2019\New Folder\OTHER DATA-1"
"4M Presentation","Review 4M and 5S 09th & 10th June 22","4","L:\5S\5S UNIT 7\Quarterly Review PPT file\Review 4M and 5S 09th & 10th June 22\4M Presentation"
"5S Presentation","Review 4M and 5S 09th & 10th June 22","4","L:\5S\5S UNIT 7\Quarterly Review PPT file\Review 4M and 5S 09th & 10th June 22\5S Presentation"
"presentation template","Review 4M and 5S 09th & 10th June 22","4","L:\5S\5S UNIT 7\Quarterly Review PPT file\Review 4M and 5S 09th & 10th June 22\presentation template"
"SMART","4M Presentation","5","L:\5S\5S UNIT 7\Quarterly Review PPT file\Review 4M and 5S 09th & 10th June 22\4M Presentation\SMART"
"SSD","4M Presentation","5","L:\5S\5S UNIT 7\Quarterly Review PPT file\Review 4M and 5S 09th & 10th June 22\4M Presentation\SSD"
"Videos","4M Presentation","5","L:\5S\5S UNIT 7\Quarterly Review PPT file\Review 4M and 5S 09th & 10th June 22\4M Presentation\Videos"
"Eagle","5S Presentation","5","L:\5S\5S UNIT 7\Quarterly Review PPT file\Review 4M and 5S 09th & 10th June 22\5S Presentation\Eagle"
"METROLOGY","5S Presentation","5","L:\5S\5S UNIT 7\Quarterly Review PPT file\Review 4M and 5S 09th & 10th June 22\5S Presentation\METROLOGY"
"4M Criteria updated","Review 4M and 5S 10th,11th & 12th Aug 23","4","L:\5S\5S UNIT 7\Quarterly Review PPT file\Review 4M and 5S 10th,11th & 12th Aug 23\4M Criteria updated"
"4M Presentation AUG-23","Review 4M and 5S 10th,11th & 12th Aug 23","4","L:\5S\5S UNIT 7\Quarterly Review PPT file\Review 4M and 5S 10th,11th & 12th Aug 23\4M Presentation AUG-23"
"5s Criteria","Review 4M and 5S 10th,11th & 12th Aug 23","4","L:\5S\5S UNIT 7\Quarterly Review PPT file\Review 4M and 5S 10th,11th & 12th Aug 23\5s Criteria"
"5S Presentation AUG-23","Review 4M and 5S 10th,11th & 12th Aug 23","4","L:\5S\5S UNIT 7\Quarterly Review PPT file\Review 4M and 5S 10th,11th & 12th Aug 23\5S Presentation AUG-23"
"5S&4M certificate & trophies details","Review 4M and 5S 10th,11th & 12th Aug 23","4","L:\5S\5S UNIT 7\Quarterly Review PPT file\Review 4M and 5S 10th,11th & 12th Aug 23\5S&4M certificate & trophies details"
"5s&4m pay ments aug 23","Review 4M and 5S 10th,11th & 12th Aug 23","4","L:\5S\5S UNIT 7\Quarterly Review PPT file\Review 4M and 5S 10th,11th & 12th Aug 23\5s&4m pay ments aug 23"
"IED","5S Presentation AUG-23","5","L:\5S\5S UNIT 7\Quarterly Review PPT file\Review 4M and 5S 10th,11th & 12th Aug 23\5S Presentation AUG-23\IED"
"4M Criteria updated","Review 4M and 5S 5th,6th & 7th Jan 23","4","L:\5S\5S UNIT 7\Quarterly Review PPT file\Review 4M and 5S 5th,6th & 7th Jan 23\4M Criteria updated"
"4M Presentation","Review 4M and 5S 5th,6th & 7th Jan 23","4","L:\5S\5S UNIT 7\Quarterly Review PPT file\Review 4M and 5S 5th,6th & 7th Jan 23\4M Presentation"
"5S Presentation","Review 4M and 5S 5th,6th & 7th Jan 23","4","L:\5S\5S UNIT 7\Quarterly Review PPT file\Review 4M and 5S 5th,6th & 7th Jan 23\5S Presentation"
"Desktop","4M Presentation","5","L:\5S\5S UNIT 7\Quarterly Review PPT file\Review 4M and 5S 5th,6th & 7th Jan 23\4M Presentation\Desktop"
"SMART 4M","4M Presentation","5","L:\5S\5S UNIT 7\Quarterly Review PPT file\Review 4M and 5S 5th,6th & 7th Jan 23\4M Presentation\SMART 4M"
"5s presentation-23","Desktop","6","L:\5S\5S UNIT 7\Quarterly Review PPT file\Review 4M and 5S 5th,6th & 7th Jan 23\4M Presentation\Desktop\5s presentation-23"
"Desktop","5S Presentation","5","L:\5S\5S UNIT 7\Quarterly Review PPT file\Review 4M and 5S 5th,6th & 7th Jan 23\5S Presentation\Desktop"
"Stores","5S Presentation","5","L:\5S\5S UNIT 7\Quarterly Review PPT file\Review 4M and 5S 5th,6th & 7th Jan 23\5S Presentation\Stores"
"10_Sparrow-IL- M.Sundarrajan","Unit 7 5S ZONES DATA","3","L:\5S\5S UNIT 7\Unit 7 5S ZONES DATA\10_Sparrow-IL- M.Sundarrajan"
"11_Ostrich-IL- B.Prabhu","Unit 7 5S ZONES DATA","3","L:\5S\5S UNIT 7\Unit 7 5S ZONES DATA\11_Ostrich-IL- B.Prabhu"
"12_Pigeon-IL- Ayyasamy M","Unit 7 5S ZONES DATA","3","L:\5S\5S UNIT 7\Unit 7 5S ZONES DATA\12_Pigeon-IL- Ayyasamy M"
"13_Honey bee-IL-Ayyasamy M","Unit 7 5S ZONES DATA","3","L:\5S\5S UNIT 7\Unit 7 5S ZONES DATA\13_Honey bee-IL-Ayyasamy M"
"14_Eagle-IL-V.K.Suresh","Unit 7 5S ZONES DATA","3","L:\5S\5S UNIT 7\Unit 7 5S ZONES DATA\14_Eagle-IL-V.K.Suresh"
"15_Swan-IL-Manoharan TL","Unit 7 5S ZONES DATA","3","L:\5S\5S UNIT 7\Unit 7 5S ZONES DATA\15_Swan-IL-Manoharan TL"
"16_Mynah -IL-Manoharan TL","Unit 7 5S ZONES DATA","3","L:\5S\5S UNIT 7\Unit 7 5S ZONES DATA\16_Mynah -IL-Manoharan TL"
"17_House sparrow-IL-Manoharan TL","Unit 7 5S ZONES DATA","3","L:\5S\5S UNIT 7\Unit 7 5S ZONES DATA\17_House sparrow-IL-Manoharan TL"
"18_Parrot-IL-S.Balakumar","Unit 7 5S ZONES DATA","3","L:\5S\5S UNIT 7\Unit 7 5S ZONES DATA\18_Parrot-IL-S.Balakumar"
"19_Hummingbird-IL-S.Balakumar","Unit 7 5S ZONES DATA","3","L:\5S\5S UNIT 7\Unit 7 5S ZONES DATA\19_Hummingbird-IL-S.Balakumar"
"1_Rooster-IL-R.Sakthivel","Unit 7 5S ZONES DATA","3","L:\5S\5S UNIT 7\Unit 7 5S ZONES DATA\1_Rooster-IL-R.Sakthivel"
"20_Blue Bird-IL-V.Sureshkumar","Unit 7 5S ZONES DATA","3","L:\5S\5S UNIT 7\Unit 7 5S ZONES DATA\20_Blue Bird-IL-V.Sureshkumar"
"21_Tech Zone-IL-V.Sureshkumar","Unit 7 5S ZONES DATA","3","L:\5S\5S UNIT 7\Unit 7 5S ZONES DATA\21_Tech Zone-IL-V.Sureshkumar"
"22_Skylark_Maintenance-IL-Sugumar","Unit 7 5S ZONES DATA","3","L:\5S\5S UNIT 7\Unit 7 5S ZONES DATA\22_Skylark_Maintenance-IL-Sugumar"
"23_Owl_HR -IL-C.Pradeepa","Unit 7 5S ZONES DATA","3","L:\5S\5S UNIT 7\Unit 7 5S ZONES DATA\23_Owl_HR -IL-C.Pradeepa"
"24_Finch_Security and Parking-IL-Saravanan","Unit 7 5S ZONES DATA","3","L:\5S\5S UNIT 7\Unit 7 5S ZONES DATA\24_Finch_Security and Parking-IL-Saravanan"
"2_Kingfishers-IL-R.Sakthivel","Unit 7 5S ZONES DATA","3","L:\5S\5S UNIT 7\Unit 7 5S ZONES DATA\2_Kingfishers-IL-R.Sakthivel"
"3_Dove-IL-Samikkan","Unit 7 5S ZONES DATA","3","L:\5S\5S UNIT 7\Unit 7 5S ZONES DATA\3_Dove-IL-Samikkan"
"4_Falcon-IL-Samikkan","Unit 7 5S ZONES DATA","3","L:\5S\5S UNIT 7\Unit 7 5S ZONES DATA\4_Falcon-IL-Samikkan"
"5_Phoenix-IL-Samikkan","Unit 7 5S ZONES DATA","3","L:\5S\5S UNIT 7\Unit 7 5S ZONES DATA\5_Phoenix-IL-Samikkan"
"6_Nightingale-IL-Samikkan","Unit 7 5S ZONES DATA","3","L:\5S\5S UNIT 7\Unit 7 5S ZONES DATA\6_Nightingale-IL-Samikkan"
"7_Quail-IL-Samikkan","Unit 7 5S ZONES DATA","3","L:\5S\5S UNIT 7\Unit 7 5S ZONES DATA\7_Quail-IL-Samikkan"
"8_Peacock-IL-Arunkumar","Unit 7 5S ZONES DATA","3","L:\5S\5S UNIT 7\Unit 7 5S ZONES DATA\8_Peacock-IL-Arunkumar"
"9_Blue jay-IL-ArulAnandraj","Unit 7 5S ZONES DATA","3","L:\5S\5S UNIT 7\Unit 7 5S ZONES DATA\9_Blue jay-IL-ArulAnandraj"
"Consolidated Obseravtion Points","Unit 7 5S ZONES DATA","3","L:\5S\5S UNIT 7\Unit 7 5S ZONES DATA\Consolidated Obseravtion Points"
"Cuckoo","Unit 7 5S ZONES DATA","3","L:\5S\5S UNIT 7\Unit 7 5S ZONES DATA\Cuckoo"
"Cross audit","10_Sparrow-IL- M.Sundarrajan","4","L:\5S\5S UNIT 7\Unit 7 5S ZONES DATA\10_Sparrow-IL- M.Sundarrajan\Cross audit"
"Hazard","10_Sparrow-IL- M.Sundarrajan","4","L:\5S\5S UNIT 7\Unit 7 5S ZONES DATA\10_Sparrow-IL- M.Sundarrajan\Hazard"
"HOD Audit report","10_Sparrow-IL- M.Sundarrajan","4","L:\5S\5S UNIT 7\Unit 7 5S ZONES DATA\10_Sparrow-IL- M.Sundarrajan\HOD Audit report"
"IQE","10_Sparrow-IL- M.Sundarrajan","4","L:\5S\5S UNIT 7\Unit 7 5S ZONES DATA\10_Sparrow-IL- M.Sundarrajan\IQE"
"Zone sop","10_Sparrow-IL- M.Sundarrajan","4","L:\5S\5S UNIT 7\Unit 7 5S ZONES DATA\10_Sparrow-IL- M.Sundarrajan\Zone sop"
"24","HOD Audit report","5","L:\5S\5S UNIT 7\Unit 7 5S ZONES DATA\10_Sparrow-IL- M.Sundarrajan\HOD Audit report\24"
"AUDIT REPORT","HOD Audit report","5","L:\5S\5S UNIT 7\Unit 7 5S ZONES DATA\10_Sparrow-IL- M.Sundarrajan\HOD Audit report\AUDIT REPORT"
"AUG'25","AUDIT REPORT","6","L:\5S\5S UNIT 7\Unit 7 5S ZONES DATA\10_Sparrow-IL- M.Sundarrajan\HOD Audit report\AUDIT REPORT\AUG'25"
"FEB'26","AUDIT REPORT","6","L:\5S\5S UNIT 7\Unit 7 5S ZONES DATA\10_Sparrow-IL- M.Sundarrajan\HOD Audit report\AUDIT REPORT\FEB'26"
"JULY'25","AUDIT REPORT","6","L:\5S\5S UNIT 7\Unit 7 5S ZONES DATA\10_Sparrow-IL- M.Sundarrajan\HOD Audit report\AUDIT REPORT\JULY'25"
"JUN'25","AUDIT REPORT","6","L:\5S\5S UNIT 7\Unit 7 5S ZONES DATA\10_Sparrow-IL- M.Sundarrajan\HOD Audit report\AUDIT REPORT\JUN'25"
"NOV'25","AUDIT REPORT","6","L:\5S\5S UNIT 7\Unit 7 5S ZONES DATA\10_Sparrow-IL- M.Sundarrajan\HOD Audit report\AUDIT REPORT\NOV'25"
"OCT'25","AUDIT REPORT","6","L:\5S\5S UNIT 7\Unit 7 5S ZONES DATA\10_Sparrow-IL- M.Sundarrajan\HOD Audit report\AUDIT REPORT\OCT'25"
"SEP'25","AUDIT REPORT","6","L:\5S\5S UNIT 7\Unit 7 5S ZONES DATA\10_Sparrow-IL- M.Sundarrajan\HOD Audit report\AUDIT REPORT\SEP'25"
"5s Audit observation & Action","IQE","5","L:\5S\5S UNIT 7\Unit 7 5S ZONES DATA\10_Sparrow-IL- M.Sundarrajan\IQE\5s Audit observation & Action"
"Weekly Audit Report- Hard copy-2025","IQE","5","L:\5S\5S UNIT 7\Unit 7 5S ZONES DATA\10_Sparrow-IL- M.Sundarrajan\IQE\Weekly Audit Report- Hard copy-2025"
"Weekly Audit Report- Hard copy-2026","IQE","5","L:\5S\5S UNIT 7\Unit 7 5S ZONES DATA\10_Sparrow-IL- M.Sundarrajan\IQE\Weekly Audit Report- Hard copy-2026"
"QED","11_Ostrich-IL- B.Prabhu","4","L:\5S\5S UNIT 7\Unit 7 5S ZONES DATA\11_Ostrich-IL- B.Prabhu\QED"
"5S - Presentation","QED","5","L:\5S\5S UNIT 7\Unit 7 5S ZONES DATA\11_Ostrich-IL- B.Prabhu\QED\5S - Presentation"
"Completed Weekly audit - Soft copy","QED","5","L:\5S\5S UNIT 7\Unit 7 5S ZONES DATA\11_Ostrich-IL- B.Prabhu\QED\Completed Weekly audit - Soft copy"
"Corrective actions","QED","5","L:\5S\5S UNIT 7\Unit 7 5S ZONES DATA\11_Ostrich-IL- B.Prabhu\QED\Corrective actions"
"Formats","QED","5","L:\5S\5S UNIT 7\Unit 7 5S ZONES DATA\11_Ostrich-IL- B.Prabhu\QED\Formats"
"Hazards","QED","5","L:\5S\5S UNIT 7\Unit 7 5S ZONES DATA\11_Ostrich-IL- B.Prabhu\QED\Hazards"
"Zone updates","QED","5","L:\5S\5S UNIT 7\Unit 7 5S ZONES DATA\11_Ostrich-IL- B.Prabhu\QED\Zone updates"
"2025- Completed Weekly Audit -Soft Copy","Completed Weekly audit - Soft copy","6","L:\5S\5S UNIT 7\Unit 7 5S ZONES DATA\11_Ostrich-IL- B.Prabhu\QED\Completed Weekly audit - Soft copy\2025- Completed Weekly Audit -Soft Copy"
"2026- Completed Weekly Audit -Soft Copy","Completed Weekly audit - Soft copy","6","L:\5S\5S UNIT 7\Unit 7 5S ZONES DATA\11_Ostrich-IL- B.Prabhu\QED\Completed Weekly audit - Soft copy\2026- Completed Weekly Audit -Soft Copy"
"2024","Zone updates","6","L:\5S\5S UNIT 7\Unit 7 5S ZONES DATA\11_Ostrich-IL- B.Prabhu\QED\Zone updates\2024"
"2025","Zone updates","6","L:\5S\5S UNIT 7\Unit 7 5S ZONES DATA\11_Ostrich-IL- B.Prabhu\QED\Zone updates\2025"
"2026","Zone updates","6","L:\5S\5S UNIT 7\Unit 7 5S ZONES DATA\11_Ostrich-IL- B.Prabhu\QED\Zone updates\2026"
"SOP Documents","Zone updates","6","L:\5S\5S UNIT 7\Unit 7 5S ZONES DATA\11_Ostrich-IL- B.Prabhu\QED\Zone updates\SOP Documents"
"CMM  & Metrology Lab","12_Pigeon-IL- Ayyasamy M","4","L:\5S\5S UNIT 7\Unit 7 5S ZONES DATA\12_Pigeon-IL- Ayyasamy M\CMM  & Metrology Lab"
"5S-Presentation","CMM  & Metrology Lab","5","L:\5S\5S UNIT 7\Unit 7 5S ZONES DATA\12_Pigeon-IL- Ayyasamy M\CMM  & Metrology Lab\5S-Presentation"
"KAIZENS","CMM  & Metrology Lab","5","L:\5S\5S UNIT 7\Unit 7 5S ZONES DATA\12_Pigeon-IL- Ayyasamy M\CMM  & Metrology Lab\KAIZENS"
"RECORDS","CMM  & Metrology Lab","5","L:\5S\5S UNIT 7\Unit 7 5S ZONES DATA\12_Pigeon-IL- Ayyasamy M\CMM  & Metrology Lab\RECORDS"
"5S ADUIT OBSERVATIONS","RECORDS","6","L:\5S\5S UNIT 7\Unit 7 5S ZONES DATA\12_Pigeon-IL- Ayyasamy M\CMM  & Metrology Lab\RECORDS\5S ADUIT OBSERVATIONS"
"ATTENDANCE RECORD","RECORDS","6","L:\5S\5S UNIT 7\Unit 7 5S ZONES DATA\12_Pigeon-IL- Ayyasamy M\CMM  & Metrology Lab\RECORDS\ATTENDANCE RECORD"
"WEEKLY AUDIT REPORT","RECORDS","6","L:\5S\5S UNIT 7\Unit 7 5S ZONES DATA\12_Pigeon-IL- Ayyasamy M\CMM  & Metrology Lab\RECORDS\WEEKLY AUDIT REPORT"
"2025","ATTENDANCE RECORD","7","L:\5S\5S UNIT 7\Unit 7 5S ZONES DATA\12_Pigeon-IL- Ayyasamy M\CMM  & Metrology Lab\RECORDS\ATTENDANCE RECORD\2025"
"2026","ATTENDANCE RECORD","7","L:\5S\5S UNIT 7\Unit 7 5S ZONES DATA\12_Pigeon-IL- Ayyasamy M\CMM  & Metrology Lab\RECORDS\ATTENDANCE RECORD\2026"
"5S WEEKLY  AUDIT REPORT-24","WEEKLY AUDIT REPORT","7","L:\5S\5S UNIT 7\Unit 7 5S ZONES DATA\12_Pigeon-IL- Ayyasamy M\CMM  & Metrology Lab\RECORDS\WEEKLY AUDIT REPORT\5S WEEKLY  AUDIT REPORT-24"
"5S WEEKLY AUDIT REPORT -25","WEEKLY AUDIT REPORT","7","L:\5S\5S UNIT 7\Unit 7 5S ZONES DATA\12_Pigeon-IL- Ayyasamy M\CMM  & Metrology Lab\RECORDS\WEEKLY AUDIT REPORT\5S WEEKLY AUDIT REPORT -25"
"5S WEEKLY AUDIT REPORT-26","WEEKLY AUDIT REPORT","7","L:\5S\5S UNIT 7\Unit 7 5S ZONES DATA\12_Pigeon-IL- Ayyasamy M\CMM  & Metrology Lab\RECORDS\WEEKLY AUDIT REPORT\5S WEEKLY AUDIT REPORT-26"
"Chemistry & Spectro Lab","13_Honey bee-IL-Ayyasamy M","4","L:\5S\5S UNIT 7\Unit 7 5S ZONES DATA\13_Honey bee-IL-Ayyasamy M\Chemistry & Spectro Lab"
"cross audit","13_Honey bee-IL-Ayyasamy M","4","L:\5S\5S UNIT 7\Unit 7 5S ZONES DATA\13_Honey bee-IL-Ayyasamy M\cross audit"
"Hazardous waste list","13_Honey bee-IL-Ayyasamy M","4","L:\5S\5S UNIT 7\Unit 7 5S ZONES DATA\13_Honey bee-IL-Ayyasamy M\Hazardous waste list"
"List of SOP's","13_Honey bee-IL-Ayyasamy M","4","L:\5S\5S UNIT 7\Unit 7 5S ZONES DATA\13_Honey bee-IL-Ayyasamy M\List of SOP's"
"old ppt","13_Honey bee-IL-Ayyasamy M","4","L:\5S\5S UNIT 7\Unit 7 5S ZONES DATA\13_Honey bee-IL-Ayyasamy M\old ppt"
"2024 Completed Weekly audit - Soft copy","Chemistry & Spectro Lab","5","L:\5S\5S UNIT 7\Unit 7 5S ZONES DATA\13_Honey bee-IL-Ayyasamy M\Chemistry & Spectro Lab\2024 Completed Weekly audit - Soft copy"
"2025 Weekly Audit Report","Chemistry & Spectro Lab","5","L:\5S\5S UNIT 7\Unit 7 5S ZONES DATA\13_Honey bee-IL-Ayyasamy M\Chemistry & Spectro Lab\2025 Weekly Audit Report"
"2026 Weekly Audit Report","Chemistry & Spectro Lab","5","L:\5S\5S UNIT 7\Unit 7 5S ZONES DATA\13_Honey bee-IL-Ayyasamy M\Chemistry & Spectro Lab\2026 Weekly Audit Report"
"5S Front OFFICE area","14_Eagle-IL-V.K.Suresh","4","L:\5S\5S UNIT 7\Unit 7 5S ZONES DATA\14_Eagle-IL-V.K.Suresh\5S Front OFFICE area"
"5S PIC","14_Eagle-IL-V.K.Suresh","4","L:\5S\5S UNIT 7\Unit 7 5S ZONES DATA\14_Eagle-IL-V.K.Suresh\5S PIC"
"Monthly Audit Reports","14_Eagle-IL-V.K.Suresh","4","L:\5S\5S UNIT 7\Unit 7 5S ZONES DATA\14_Eagle-IL-V.K.Suresh\Monthly Audit Reports"
"Weekly Audit Report 2025","14_Eagle-IL-V.K.Suresh","4","L:\5S\5S UNIT 7\Unit 7 5S ZONES DATA\14_Eagle-IL-V.K.Suresh\Weekly Audit Report 2025"
"Weekly Audit Report 2026","14_Eagle-IL-V.K.Suresh","4","L:\5S\5S UNIT 7\Unit 7 5S ZONES DATA\14_Eagle-IL-V.K.Suresh\Weekly Audit Report 2026"
"5S Office area-Unit 7","5S Front OFFICE area","5","L:\5S\5S UNIT 7\Unit 7 5S ZONES DATA\14_Eagle-IL-V.K.Suresh\5S Front OFFICE area\5S Office area-Unit 7"
"PHOTO","5S Front OFFICE area","5","L:\5S\5S UNIT 7\Unit 7 5S ZONES DATA\14_Eagle-IL-V.K.Suresh\5S Front OFFICE area\PHOTO"
"10-08-2023","5S Office area-Unit 7","6","L:\5S\5S UNIT 7\Unit 7 5S ZONES DATA\14_Eagle-IL-V.K.Suresh\5S Front OFFICE area\5S Office area-Unit 7\10-08-2023"
"5S PRESENTATION","5S Office area-Unit 7","6","L:\5S\5S UNIT 7\Unit 7 5S ZONES DATA\14_Eagle-IL-V.K.Suresh\5S Front OFFICE area\5S Office area-Unit 7\5S PRESENTATION"
"old","5S Office area-Unit 7","6","L:\5S\5S UNIT 7\Unit 7 5S ZONES DATA\14_Eagle-IL-V.K.Suresh\5S Front OFFICE area\5S Office area-Unit 7\old"
"photos","5S Office area-Unit 7","6","L:\5S\5S UNIT 7\Unit 7 5S ZONES DATA\14_Eagle-IL-V.K.Suresh\5S Front OFFICE area\5S Office area-Unit 7\photos"
"5S PHOTO 06 2024","PHOTO","6","L:\5S\5S UNIT 7\Unit 7 5S ZONES DATA\14_Eagle-IL-V.K.Suresh\5S Front OFFICE area\PHOTO\5S PHOTO 06 2024"
"5S TVS","15_Swan-IL-Manoharan TL","4","L:\5S\5S UNIT 7\Unit 7 5S ZONES DATA\15_Swan-IL-Manoharan TL\5S TVS"
"FC Store","15_Swan-IL-Manoharan TL","4","L:\5S\5S UNIT 7\Unit 7 5S ZONES DATA\15_Swan-IL-Manoharan TL\FC Store"
"HOD","15_Swan-IL-Manoharan TL","4","L:\5S\5S UNIT 7\Unit 7 5S ZONES DATA\15_Swan-IL-Manoharan TL\HOD"
"Weekly Audit Report 2025","15_Swan-IL-Manoharan TL","4","L:\5S\5S UNIT 7\Unit 7 5S ZONES DATA\15_Swan-IL-Manoharan TL\Weekly Audit Report 2025"
"Weekly Audit Report 2026","15_Swan-IL-Manoharan TL","4","L:\5S\5S UNIT 7\Unit 7 5S ZONES DATA\15_Swan-IL-Manoharan TL\Weekly Audit Report 2026"
"4m and 5s","5S TVS","5","L:\5S\5S UNIT 7\Unit 7 5S ZONES DATA\15_Swan-IL-Manoharan TL\5S TVS\4m and 5s"
"TVS KPI FILES-Not required","5S TVS","5","L:\5S\5S UNIT 7\Unit 7 5S ZONES DATA\15_Swan-IL-Manoharan TL\5S TVS\TVS KPI FILES-Not required"
"5S slide template","4m and 5s","6","L:\5S\5S UNIT 7\Unit 7 5S ZONES DATA\15_Swan-IL-Manoharan TL\5S TVS\4m and 5s\5S slide template"
"Jan'23","4m and 5s","6","L:\5S\5S UNIT 7\Unit 7 5S ZONES DATA\15_Swan-IL-Manoharan TL\5S TVS\4m and 5s\Jan'23"
"22-23","TVS KPI FILES-Not required","6","L:\5S\5S UNIT 7\Unit 7 5S ZONES DATA\15_Swan-IL-Manoharan TL\5S TVS\TVS KPI FILES-Not required\22-23"
"23-24","TVS KPI FILES-Not required","6","L:\5S\5S UNIT 7\Unit 7 5S ZONES DATA\15_Swan-IL-Manoharan TL\5S TVS\TVS KPI FILES-Not required\23-24"
"KPI-EMS-OHSMS-22-23","22-23","7","L:\5S\5S UNIT 7\Unit 7 5S ZONES DATA\15_Swan-IL-Manoharan TL\5S TVS\TVS KPI FILES-Not required\22-23\KPI-EMS-OHSMS-22-23"
"KPI-QMS-22-23","22-23","7","L:\5S\5S UNIT 7\Unit 7 5S ZONES DATA\15_Swan-IL-Manoharan TL\5S TVS\TVS KPI FILES-Not required\22-23\KPI-QMS-22-23"
"ANNEXURE","KPI-EMS-OHSMS-22-23","8","L:\5S\5S UNIT 7\Unit 7 5S ZONES DATA\15_Swan-IL-Manoharan TL\5S TVS\TVS KPI FILES-Not required\22-23\KPI-EMS-OHSMS-22-23\ANNEXURE"
"KPI-EMS-OHSMS-23-24","23-24","7","L:\5S\5S UNIT 7\Unit 7 5S ZONES DATA\15_Swan-IL-Manoharan TL\5S TVS\TVS KPI FILES-Not required\23-24\KPI-EMS-OHSMS-23-24"
"HOD","FC Store","5","L:\5S\5S UNIT 7\Unit 7 5S ZONES DATA\15_Swan-IL-Manoharan TL\FC Store\HOD"
"New folder","FC Store","5","L:\5S\5S UNIT 7\Unit 7 5S ZONES DATA\15_Swan-IL-Manoharan TL\FC Store\New folder"
"FC Store 5S Audit findings 19_June_24","New folder","6","L:\5S\5S UNIT 7\Unit 7 5S ZONES DATA\15_Swan-IL-Manoharan TL\FC Store\New folder\FC Store 5S Audit findings 19_June_24"
"FC Store 5S Audit Photos","New folder","6","L:\5S\5S UNIT 7\Unit 7 5S ZONES DATA\15_Swan-IL-Manoharan TL\FC Store\New folder\FC Store 5S Audit Photos"
"2025","HOD","5","L:\5S\5S UNIT 7\Unit 7 5S ZONES DATA\15_Swan-IL-Manoharan TL\HOD\2025"
"2026","HOD","5","L:\5S\5S UNIT 7\Unit 7 5S ZONES DATA\15_Swan-IL-Manoharan TL\HOD\2026"
"RM Store","16_Mynah -IL-Manoharan TL","4","L:\5S\5S UNIT 7\Unit 7 5S ZONES DATA\16_Mynah -IL-Manoharan TL\RM Store"
"Weekly Audit Report and HOD Marks","16_Mynah -IL-Manoharan TL","4","L:\5S\5S UNIT 7\Unit 7 5S ZONES DATA\16_Mynah -IL-Manoharan TL\Weekly Audit Report and HOD Marks"
"2025","Weekly Audit Report and HOD Marks","5","L:\5S\5S UNIT 7\Unit 7 5S ZONES DATA\16_Mynah -IL-Manoharan TL\Weekly Audit Report and HOD Marks\2025"
"2026","Weekly Audit Report and HOD Marks","5","L:\5S\5S UNIT 7\Unit 7 5S ZONES DATA\16_Mynah -IL-Manoharan TL\Weekly Audit Report and HOD Marks\2026"
"HOD Marks","Weekly Audit Report and HOD Marks","5","L:\5S\5S UNIT 7\Unit 7 5S ZONES DATA\16_Mynah -IL-Manoharan TL\Weekly Audit Report and HOD Marks\HOD Marks"
"2025","HOD Marks","6","L:\5S\5S UNIT 7\Unit 7 5S ZONES DATA\16_Mynah -IL-Manoharan TL\Weekly Audit Report and HOD Marks\HOD Marks\2025"
"2026","HOD Marks","6","L:\5S\5S UNIT 7\Unit 7 5S ZONES DATA\16_Mynah -IL-Manoharan TL\Weekly Audit Report and HOD Marks\HOD Marks\2026"
"HOD Score","17_House sparrow-IL-Manoharan TL","4","L:\5S\5S UNIT 7\Unit 7 5S ZONES DATA\17_House sparrow-IL-Manoharan TL\HOD Score"
"INWARD 5S AUDIT SHEET - JAN 25 DEC 25","17_House sparrow-IL-Manoharan TL","4","L:\5S\5S UNIT 7\Unit 7 5S ZONES DATA\17_House sparrow-IL-Manoharan TL\INWARD 5S AUDIT SHEET - JAN 25 DEC 25"
"INWARD 5S AUDIT SHEET - JAN 26 DEC 26","17_House sparrow-IL-Manoharan TL","4","L:\5S\5S UNIT 7\Unit 7 5S ZONES DATA\17_House sparrow-IL-Manoharan TL\INWARD 5S AUDIT SHEET - JAN 26 DEC 26"
"Inward Store","17_House sparrow-IL-Manoharan TL","4","L:\5S\5S UNIT 7\Unit 7 5S ZONES DATA\17_House sparrow-IL-Manoharan TL\Inward Store"
"11 WEEK","INWARD 5S AUDIT SHEET - JAN 25 DEC 25","5","L:\5S\5S UNIT 7\Unit 7 5S ZONES DATA\17_House sparrow-IL-Manoharan TL\INWARD 5S AUDIT SHEET - JAN 25 DEC 25\11 WEEK"
"12 WEEK","INWARD 5S AUDIT SHEET - JAN 25 DEC 25","5","L:\5S\5S UNIT 7\Unit 7 5S ZONES DATA\17_House sparrow-IL-Manoharan TL\INWARD 5S AUDIT SHEET - JAN 25 DEC 25\12 WEEK"
"14 WEEK","INWARD 5S AUDIT SHEET - JAN 25 DEC 25","5","L:\5S\5S UNIT 7\Unit 7 5S ZONES DATA\17_House sparrow-IL-Manoharan TL\INWARD 5S AUDIT SHEET - JAN 25 DEC 25\14 WEEK"
"16 WEEK","INWARD 5S AUDIT SHEET - JAN 25 DEC 25","5","L:\5S\5S UNIT 7\Unit 7 5S ZONES DATA\17_House sparrow-IL-Manoharan TL\INWARD 5S AUDIT SHEET - JAN 25 DEC 25\16 WEEK"
"17 WEEK","INWARD 5S AUDIT SHEET - JAN 25 DEC 25","5","L:\5S\5S UNIT 7\Unit 7 5S ZONES DATA\17_House sparrow-IL-Manoharan TL\INWARD 5S AUDIT SHEET - JAN 25 DEC 25\17 WEEK"
"Weekly Audit Report","Inward Store","5","L:\5S\5S UNIT 7\Unit 7 5S ZONES DATA\17_House sparrow-IL-Manoharan TL\Inward Store\Weekly Audit Report"
"HOD Audit Report","18_Parrot-IL-S.Balakumar","4","L:\5S\5S UNIT 7\Unit 7 5S ZONES DATA\18_Parrot-IL-S.Balakumar\HOD Audit Report"
"Packing & Dispatch","18_Parrot-IL-S.Balakumar","4","L:\5S\5S UNIT 7\Unit 7 5S ZONES DATA\18_Parrot-IL-S.Balakumar\Packing & Dispatch"
"Weekly Audit Report","Packing & Dispatch","5","L:\5S\5S UNIT 7\Unit 7 5S ZONES DATA\18_Parrot-IL-S.Balakumar\Packing & Dispatch\Weekly Audit Report"
"2025","Weekly Audit Report","6","L:\5S\5S UNIT 7\Unit 7 5S ZONES DATA\18_Parrot-IL-S.Balakumar\Packing & Dispatch\Weekly Audit Report\2025"
"2026","Weekly Audit Report","6","L:\5S\5S UNIT 7\Unit 7 5S ZONES DATA\18_Parrot-IL-S.Balakumar\Packing & Dispatch\Weekly Audit Report\2026"
"FG Store","19_Hummingbird-IL-S.Balakumar","4","L:\5S\5S UNIT 7\Unit 7 5S ZONES DATA\19_Hummingbird-IL-S.Balakumar\FG Store"
"HOD Audit report","FG Store","5","L:\5S\5S UNIT 7\Unit 7 5S ZONES DATA\19_Hummingbird-IL-S.Balakumar\FG Store\HOD Audit report"
"Weekly Audit Report","FG Store","5","L:\5S\5S UNIT 7\Unit 7 5S ZONES DATA\19_Hummingbird-IL-S.Balakumar\FG Store\Weekly Audit Report"
"2025","Weekly Audit Report","6","L:\5S\5S UNIT 7\Unit 7 5S ZONES DATA\19_Hummingbird-IL-S.Balakumar\FG Store\Weekly Audit Report\2025"
"2026","Weekly Audit Report","6","L:\5S\5S UNIT 7\Unit 7 5S ZONES DATA\19_Hummingbird-IL-S.Balakumar\FG Store\Weekly Audit Report\2026"
"2025","1_Rooster-IL-R.Sakthivel","4","L:\5S\5S UNIT 7\Unit 7 5S ZONES DATA\1_Rooster-IL-R.Sakthivel\2025"
"2026","1_Rooster-IL-R.Sakthivel","4","L:\5S\5S UNIT 7\Unit 7 5S ZONES DATA\1_Rooster-IL-R.Sakthivel\2026"
"4M & 5S Presentation - 29-5-25","2025","5","L:\5S\5S UNIT 7\Unit 7 5S ZONES DATA\1_Rooster-IL-R.Sakthivel\2025\4M & 5S Presentation - 29-5-25"
"5S Collet pressing area","2025","5","L:\5S\5S UNIT 7\Unit 7 5S ZONES DATA\1_Rooster-IL-R.Sakthivel\2025\5S Collet pressing area"
"5S UNIT 4","2025","5","L:\5S\5S UNIT 7\Unit 7 5S ZONES DATA\1_Rooster-IL-R.Sakthivel\2025\5S UNIT 4"
"HOD Audit Report","2025","5","L:\5S\5S UNIT 7\Unit 7 5S ZONES DATA\1_Rooster-IL-R.Sakthivel\2025\HOD Audit Report"
"MS PTC","2025","5","L:\5S\5S UNIT 7\Unit 7 5S ZONES DATA\1_Rooster-IL-R.Sakthivel\2025\MS PTC"
"Weekly Audit Report","MS PTC","6","L:\5S\5S UNIT 7\Unit 7 5S ZONES DATA\1_Rooster-IL-R.Sakthivel\2025\MS PTC\Weekly Audit Report"
"HOD Audit Score","2026","5","L:\5S\5S UNIT 7\Unit 7 5S ZONES DATA\1_Rooster-IL-R.Sakthivel\2026\HOD Audit Score"
"Weekly Audit Score","2026","5","L:\5S\5S UNIT 7\Unit 7 5S ZONES DATA\1_Rooster-IL-R.Sakthivel\2026\Weekly Audit Score"
"1. Audit Report","20_Blue Bird-IL-V.Sureshkumar","4","L:\5S\5S UNIT 7\Unit 7 5S ZONES DATA\20_Blue Bird-IL-V.Sureshkumar\1. Audit Report"
"2.5S Audit Observation & Action Status","20_Blue Bird-IL-V.Sureshkumar","4","L:\5S\5S UNIT 7\Unit 7 5S ZONES DATA\20_Blue Bird-IL-V.Sureshkumar\2.5S Audit Observation & Action Status"
"3. Formats","20_Blue Bird-IL-V.Sureshkumar","4","L:\5S\5S UNIT 7\Unit 7 5S ZONES DATA\20_Blue Bird-IL-V.Sureshkumar\3. Formats"
"4. SOP'S","20_Blue Bird-IL-V.Sureshkumar","4","L:\5S\5S UNIT 7\Unit 7 5S ZONES DATA\20_Blue Bird-IL-V.Sureshkumar\4. SOP'S"
"HOD AUDIT SCORE SHEET","1. Audit Report","5","L:\5S\5S UNIT 7\Unit 7 5S ZONES DATA\20_Blue Bird-IL-V.Sureshkumar\1. Audit Report\HOD AUDIT SCORE SHEET"
"WEEKLY AUDIT SCORE SHEET","1. Audit Report","5","L:\5S\5S UNIT 7\Unit 7 5S ZONES DATA\20_Blue Bird-IL-V.Sureshkumar\1. Audit Report\WEEKLY AUDIT SCORE SHEET"
"5S AUDIT SHEET","WEEKLY AUDIT SCORE SHEET","6","L:\5S\5S UNIT 7\Unit 7 5S ZONES DATA\20_Blue Bird-IL-V.Sureshkumar\1. Audit Report\WEEKLY AUDIT SCORE SHEET\5S AUDIT SHEET"
"LAST YEAR","WEEKLY AUDIT SCORE SHEET","6","L:\5S\5S UNIT 7\Unit 7 5S ZONES DATA\20_Blue Bird-IL-V.Sureshkumar\1. Audit Report\WEEKLY AUDIT SCORE SHEET\LAST YEAR"
"OBSOLETE","3. Formats","5","L:\5S\5S UNIT 7\Unit 7 5S ZONES DATA\20_Blue Bird-IL-V.Sureshkumar\3. Formats\OBSOLETE"
"Others","3. Formats","5","L:\5S\5S UNIT 7\Unit 7 5S ZONES DATA\20_Blue Bird-IL-V.Sureshkumar\3. Formats\Others"
"5S_tech_zone","21_Tech Zone-IL-V.Sureshkumar","4","L:\5S\5S UNIT 7\Unit 7 5S ZONES DATA\21_Tech Zone-IL-V.Sureshkumar\5S_tech_zone"
"5S tech zone","5S_tech_zone","5","L:\5S\5S UNIT 7\Unit 7 5S ZONES DATA\21_Tech Zone-IL-V.Sureshkumar\5S_tech_zone\5S tech zone"
"4m & 5S presentation","22_Skylark_Maintenance-IL-Sugumar","4","L:\5S\5S UNIT 7\Unit 7 5S ZONES DATA\22_Skylark_Maintenance-IL-Sugumar\4m & 5S presentation"
"5S manual Maintenance","22_Skylark_Maintenance-IL-Sugumar","4","L:\5S\5S UNIT 7\Unit 7 5S ZONES DATA\22_Skylark_Maintenance-IL-Sugumar\5S manual Maintenance"
"HOD Audit Report","22_Skylark_Maintenance-IL-Sugumar","4","L:\5S\5S UNIT 7\Unit 7 5S ZONES DATA\22_Skylark_Maintenance-IL-Sugumar\HOD Audit Report"
"Weekly Audit  score","22_Skylark_Maintenance-IL-Sugumar","4","L:\5S\5S UNIT 7\Unit 7 5S ZONES DATA\22_Skylark_Maintenance-IL-Sugumar\Weekly Audit  score"
"2025","4m & 5S presentation","5","L:\5S\5S UNIT 7\Unit 7 5S ZONES DATA\22_Skylark_Maintenance-IL-Sugumar\4m & 5S presentation\2025"
"2026 FEB-26","4m & 5S presentation","5","L:\5S\5S UNIT 7\Unit 7 5S ZONES DATA\22_Skylark_Maintenance-IL-Sugumar\4m & 5S presentation\2026 FEB-26"
"photos","5S manual Maintenance","5","L:\5S\5S UNIT 7\Unit 7 5S ZONES DATA\22_Skylark_Maintenance-IL-Sugumar\5S manual Maintenance\photos"
"2025","HOD Audit Report","5","L:\5S\5S UNIT 7\Unit 7 5S ZONES DATA\22_Skylark_Maintenance-IL-Sugumar\HOD Audit Report\2025"
"2026","HOD Audit Report","5","L:\5S\5S UNIT 7\Unit 7 5S ZONES DATA\22_Skylark_Maintenance-IL-Sugumar\HOD Audit Report\2026"
"2025","Weekly Audit  score","5","L:\5S\5S UNIT 7\Unit 7 5S ZONES DATA\22_Skylark_Maintenance-IL-Sugumar\Weekly Audit  score\2025"
"2026","Weekly Audit  score","5","L:\5S\5S UNIT 7\Unit 7 5S ZONES DATA\22_Skylark_Maintenance-IL-Sugumar\Weekly Audit  score\2026"
"2025","23_Owl_HR -IL-C.Pradeepa","4","L:\5S\5S UNIT 7\Unit 7 5S ZONES DATA\23_Owl_HR -IL-C.Pradeepa\2025"
"2026","23_Owl_HR -IL-C.Pradeepa","4","L:\5S\5S UNIT 7\Unit 7 5S ZONES DATA\23_Owl_HR -IL-C.Pradeepa\2026"
"Weekly Audit Report","23_Owl_HR -IL-C.Pradeepa","4","L:\5S\5S UNIT 7\Unit 7 5S ZONES DATA\23_Owl_HR -IL-C.Pradeepa\Weekly Audit Report"
"APRIL 2025","2025","5","L:\5S\5S UNIT 7\Unit 7 5S ZONES DATA\23_Owl_HR -IL-C.Pradeepa\2025\APRIL 2025"
"AUGUST-2025","2025","5","L:\5S\5S UNIT 7\Unit 7 5S ZONES DATA\23_Owl_HR -IL-C.Pradeepa\2025\AUGUST-2025"
"DECEMBER-2025","2025","5","L:\5S\5S UNIT 7\Unit 7 5S ZONES DATA\23_Owl_HR -IL-C.Pradeepa\2025\DECEMBER-2025"
"JULY 2025","2025","5","L:\5S\5S UNIT 7\Unit 7 5S ZONES DATA\23_Owl_HR -IL-C.Pradeepa\2025\JULY 2025"
"JUNE 2025","2025","5","L:\5S\5S UNIT 7\Unit 7 5S ZONES DATA\23_Owl_HR -IL-C.Pradeepa\2025\JUNE 2025"
"MARCH 2025","2025","5","L:\5S\5S UNIT 7\Unit 7 5S ZONES DATA\23_Owl_HR -IL-C.Pradeepa\2025\MARCH 2025"
"MAY 2025","2025","5","L:\5S\5S UNIT 7\Unit 7 5S ZONES DATA\23_Owl_HR -IL-C.Pradeepa\2025\MAY 2025"
"MAY 2025 SCORE","2025","5","L:\5S\5S UNIT 7\Unit 7 5S ZONES DATA\23_Owl_HR -IL-C.Pradeepa\2025\MAY 2025 SCORE"
"NOVEMBER -2025","2025","5","L:\5S\5S UNIT 7\Unit 7 5S ZONES DATA\23_Owl_HR -IL-C.Pradeepa\2025\NOVEMBER -2025"
"OCTOBER-2025","2025","5","L:\5S\5S UNIT 7\Unit 7 5S ZONES DATA\23_Owl_HR -IL-C.Pradeepa\2025\OCTOBER-2025"
"SEPTEMBER 2025","2025","5","L:\5S\5S UNIT 7\Unit 7 5S ZONES DATA\23_Owl_HR -IL-C.Pradeepa\2025\SEPTEMBER 2025"
"PRESENTATION","MAY 2025","6","L:\5S\5S UNIT 7\Unit 7 5S ZONES DATA\23_Owl_HR -IL-C.Pradeepa\2025\MAY 2025\PRESENTATION"
"SUPPORTING DOC","PRESENTATION","7","L:\5S\5S UNIT 7\Unit 7 5S ZONES DATA\23_Owl_HR -IL-C.Pradeepa\2025\MAY 2025\PRESENTATION\SUPPORTING DOC"
"1.JANUARY","2026","5","L:\5S\5S UNIT 7\Unit 7 5S ZONES DATA\23_Owl_HR -IL-C.Pradeepa\2026\1.JANUARY"
"2.FEBRUARY","2026","5","L:\5S\5S UNIT 7\Unit 7 5S ZONES DATA\23_Owl_HR -IL-C.Pradeepa\2026\2.FEBRUARY"
"3.MARCH","2026","5","L:\5S\5S UNIT 7\Unit 7 5S ZONES DATA\23_Owl_HR -IL-C.Pradeepa\2026\3.MARCH"
"4. APRIL","2026","5","L:\5S\5S UNIT 7\Unit 7 5S ZONES DATA\23_Owl_HR -IL-C.Pradeepa\2026\4. APRIL"
"5S House keeping Cuckoo team","24_Finch_Security and Parking-IL-Saravanan","4","L:\5S\5S UNIT 7\Unit 7 5S ZONES DATA\24_Finch_Security and Parking-IL-Saravanan\5S House keeping Cuckoo team"
"5S Security","24_Finch_Security and Parking-IL-Saravanan","4","L:\5S\5S UNIT 7\Unit 7 5S ZONES DATA\24_Finch_Security and Parking-IL-Saravanan\5S Security"
"5S Unit 7","24_Finch_Security and Parking-IL-Saravanan","4","L:\5S\5S UNIT 7\Unit 7 5S ZONES DATA\24_Finch_Security and Parking-IL-Saravanan\5S Unit 7"
"5s 2.0","5S House keeping Cuckoo team","5","L:\5S\5S UNIT 7\Unit 7 5S ZONES DATA\24_Finch_Security and Parking-IL-Saravanan\5S House keeping Cuckoo team\5s 2.0"
"Cockoo 5S team","5S House keeping Cuckoo team","5","L:\5S\5S UNIT 7\Unit 7 5S ZONES DATA\24_Finch_Security and Parking-IL-Saravanan\5S House keeping Cuckoo team\Cockoo 5S team"
"Weekly Audit Report","5S House keeping Cuckoo team","5","L:\5S\5S UNIT 7\Unit 7 5S ZONES DATA\24_Finch_Security and Parking-IL-Saravanan\5S House keeping Cuckoo team\Weekly Audit Report"
"Weekly Audit Report","5S Security","5","L:\5S\5S UNIT 7\Unit 7 5S ZONES DATA\24_Finch_Security and Parking-IL-Saravanan\5S Security\Weekly Audit Report"
"2025","2_Kingfishers-IL-R.Sakthivel","4","L:\5S\5S UNIT 7\Unit 7 5S ZONES DATA\2_Kingfishers-IL-R.Sakthivel\2025"
"2026","2_Kingfishers-IL-R.Sakthivel","4","L:\5S\5S UNIT 7\Unit 7 5S ZONES DATA\2_Kingfishers-IL-R.Sakthivel\2026"
"HOD Audit Report","2025","5","L:\5S\5S UNIT 7\Unit 7 5S ZONES DATA\2_Kingfishers-IL-R.Sakthivel\2025\HOD Audit Report"
"MS General","2025","5","L:\5S\5S UNIT 7\Unit 7 5S ZONES DATA\2_Kingfishers-IL-R.Sakthivel\2025\MS General"
"Presentation","2025","5","L:\5S\5S UNIT 7\Unit 7 5S ZONES DATA\2_Kingfishers-IL-R.Sakthivel\2025\Presentation"
"weekly audit scores","2025","5","L:\5S\5S UNIT 7\Unit 7 5S ZONES DATA\2_Kingfishers-IL-R.Sakthivel\2025\weekly audit scores"
"Weekly Audit Report","MS General","6","L:\5S\5S UNIT 7\Unit 7 5S ZONES DATA\2_Kingfishers-IL-R.Sakthivel\2025\MS General\Weekly Audit Report"
"2025","weekly audit scores","6","L:\5S\5S UNIT 7\Unit 7 5S ZONES DATA\2_Kingfishers-IL-R.Sakthivel\2025\weekly audit scores\2025"
"HOD Audit Score","2026","5","L:\5S\5S UNIT 7\Unit 7 5S ZONES DATA\2_Kingfishers-IL-R.Sakthivel\2026\HOD Audit Score"
"Weekly Audit Score","2026","5","L:\5S\5S UNIT 7\Unit 7 5S ZONES DATA\2_Kingfishers-IL-R.Sakthivel\2026\Weekly Audit Score"
"Presentation - 2026","3_Dove-IL-Samikkan","4","L:\5S\5S UNIT 7\Unit 7 5S ZONES DATA\3_Dove-IL-Samikkan\Presentation - 2026"
"Weekly Audit Report - 2025","3_Dove-IL-Samikkan","4","L:\5S\5S UNIT 7\Unit 7 5S ZONES DATA\3_Dove-IL-Samikkan\Weekly Audit Report - 2025"
"Weekly Audit Report - 2026","3_Dove-IL-Samikkan","4","L:\5S\5S UNIT 7\Unit 7 5S ZONES DATA\3_Dove-IL-Samikkan\Weekly Audit Report - 2026"
"HOD Audit","Weekly Audit Report - 2025","5","L:\5S\5S UNIT 7\Unit 7 5S ZONES DATA\3_Dove-IL-Samikkan\Weekly Audit Report - 2025\HOD Audit"
"HOD Audit Score","Weekly Audit Report - 2026","5","L:\5S\5S UNIT 7\Unit 7 5S ZONES DATA\3_Dove-IL-Samikkan\Weekly Audit Report - 2026\HOD Audit Score"
"Weekly Audit Score","Weekly Audit Report - 2026","5","L:\5S\5S UNIT 7\Unit 7 5S ZONES DATA\3_Dove-IL-Samikkan\Weekly Audit Report - 2026\Weekly Audit Score"
"2026_02_25","Weekly Audit Score","6","L:\5S\5S UNIT 7\Unit 7 5S ZONES DATA\3_Dove-IL-Samikkan\Weekly Audit Report - 2026\Weekly Audit Score\2026_02_25"
"2025","4_Falcon-IL-Samikkan","4","L:\5S\5S UNIT 7\Unit 7 5S ZONES DATA\4_Falcon-IL-Samikkan\2025"
"2026","4_Falcon-IL-Samikkan","4","L:\5S\5S UNIT 7\Unit 7 5S ZONES DATA\4_Falcon-IL-Samikkan\2026"
"Production I23 & I21","4_Falcon-IL-Samikkan","4","L:\5S\5S UNIT 7\Unit 7 5S ZONES DATA\4_Falcon-IL-Samikkan\Production I23 & I21"
"1. Weekly Audit Report 2025","2025","5","L:\5S\5S UNIT 7\Unit 7 5S ZONES DATA\4_Falcon-IL-Samikkan\2025\1. Weekly Audit Report 2025"
"HOD Audit","2025","5","L:\5S\5S UNIT 7\Unit 7 5S ZONES DATA\4_Falcon-IL-Samikkan\2025\HOD Audit"
"HOD Audit Score","2026","5","L:\5S\5S UNIT 7\Unit 7 5S ZONES DATA\4_Falcon-IL-Samikkan\2026\HOD Audit Score"
"Self Audit","2026","5","L:\5S\5S UNIT 7\Unit 7 5S ZONES DATA\4_Falcon-IL-Samikkan\2026\Self Audit"
"Weekly Audit Score","2026","5","L:\5S\5S UNIT 7\Unit 7 5S ZONES DATA\4_Falcon-IL-Samikkan\2026\Weekly Audit Score"
"I23 Ruban","Production I23 & I21","5","L:\5S\5S UNIT 7\Unit 7 5S ZONES DATA\4_Falcon-IL-Samikkan\Production I23 & I21\I23 Ruban"
"HOD Audit","5_Phoenix-IL-Samikkan","4","L:\5S\5S UNIT 7\Unit 7 5S ZONES DATA\5_Phoenix-IL-Samikkan\HOD Audit"
"Production I24","5_Phoenix-IL-Samikkan","4","L:\5S\5S UNIT 7\Unit 7 5S ZONES DATA\5_Phoenix-IL-Samikkan\Production I24"
"Weekly Audit Report","5_Phoenix-IL-Samikkan","4","L:\5S\5S UNIT 7\Unit 7 5S ZONES DATA\5_Phoenix-IL-Samikkan\Weekly Audit Report"
"2026","HOD Audit","5","L:\5S\5S UNIT 7\Unit 7 5S ZONES DATA\5_Phoenix-IL-Samikkan\HOD Audit\2026"
"New folder","HOD Audit","5","L:\5S\5S UNIT 7\Unit 7 5S ZONES DATA\5_Phoenix-IL-Samikkan\HOD Audit\New folder"
"Sub assembly","HOD Audit","5","L:\5S\5S UNIT 7\Unit 7 5S ZONES DATA\5_Phoenix-IL-Samikkan\HOD Audit\Sub assembly"
"Weekly Audit Report","Production I24","5","L:\5S\5S UNIT 7\Unit 7 5S ZONES DATA\5_Phoenix-IL-Samikkan\Production I24\Weekly Audit Report"
"2024","Weekly Audit Report","6","L:\5S\5S UNIT 7\Unit 7 5S ZONES DATA\5_Phoenix-IL-Samikkan\Production I24\Weekly Audit Report\2024"
"2025","Weekly Audit Report","6","L:\5S\5S UNIT 7\Unit 7 5S ZONES DATA\5_Phoenix-IL-Samikkan\Production I24\Weekly Audit Report\2025"
"2024","Weekly Audit Report","5","L:\5S\5S UNIT 7\Unit 7 5S ZONES DATA\5_Phoenix-IL-Samikkan\Weekly Audit Report\2024"
"2025","Weekly Audit Report","5","L:\5S\5S UNIT 7\Unit 7 5S ZONES DATA\5_Phoenix-IL-Samikkan\Weekly Audit Report\2025"
"2026","Weekly Audit Report","5","L:\5S\5S UNIT 7\Unit 7 5S ZONES DATA\5_Phoenix-IL-Samikkan\Weekly Audit Report\2026"
"4M& 5S MAY-2025","6_Nightingale-IL-Samikkan","4","L:\5S\5S UNIT 7\Unit 7 5S ZONES DATA\6_Nightingale-IL-Samikkan\4M& 5S MAY-2025"
"HOD Audit","6_Nightingale-IL-Samikkan","4","L:\5S\5S UNIT 7\Unit 7 5S ZONES DATA\6_Nightingale-IL-Samikkan\HOD Audit"
"Production I25","6_Nightingale-IL-Samikkan","4","L:\5S\5S UNIT 7\Unit 7 5S ZONES DATA\6_Nightingale-IL-Samikkan\Production I25"
"Weekly Audit Report","6_Nightingale-IL-Samikkan","4","L:\5S\5S UNIT 7\Unit 7 5S ZONES DATA\6_Nightingale-IL-Samikkan\Weekly Audit Report"
"weekly presetation","6_Nightingale-IL-Samikkan","4","L:\5S\5S UNIT 7\Unit 7 5S ZONES DATA\6_Nightingale-IL-Samikkan\weekly presetation"
"5S SCORE 2025","Production I25","5","L:\5S\5S UNIT 7\Unit 7 5S ZONES DATA\6_Nightingale-IL-Samikkan\Production I25\5S SCORE 2025"
"I25 WEEKLY ADTTING 9.7.2024","5S SCORE 2025","6","L:\5S\5S UNIT 7\Unit 7 5S ZONES DATA\6_Nightingale-IL-Samikkan\Production I25\5S SCORE 2025\I25 WEEKLY ADTTING 9.7.2024"
"today","I25 WEEKLY ADTTING 9.7.2024","7","L:\5S\5S UNIT 7\Unit 7 5S ZONES DATA\6_Nightingale-IL-Samikkan\Production I25\5S SCORE 2025\I25 WEEKLY ADTTING 9.7.2024\today"
"Weekly Audit Report","I25 WEEKLY ADTTING 9.7.2024","7","L:\5S\5S UNIT 7\Unit 7 5S ZONES DATA\6_Nightingale-IL-Samikkan\Production I25\5S SCORE 2025\I25 WEEKLY ADTTING 9.7.2024\Weekly Audit Report"
"2024","Weekly Audit Report","8","L:\5S\5S UNIT 7\Unit 7 5S ZONES DATA\6_Nightingale-IL-Samikkan\Production I25\5S SCORE 2025\I25 WEEKLY ADTTING 9.7.2024\Weekly Audit Report\2024"
"2025","Weekly Audit Report","8","L:\5S\5S UNIT 7\Unit 7 5S ZONES DATA\6_Nightingale-IL-Samikkan\Production I25\5S SCORE 2025\I25 WEEKLY ADTTING 9.7.2024\Weekly Audit Report\2025"
"5S score  & observation week","2024","9","L:\5S\5S UNIT 7\Unit 7 5S ZONES DATA\6_Nightingale-IL-Samikkan\Production I25\5S SCORE 2025\I25 WEEKLY ADTTING 9.7.2024\Weekly Audit Report\2024\5S score  & observation week"
"2024","Weekly Audit Report","5","L:\5S\5S UNIT 7\Unit 7 5S ZONES DATA\6_Nightingale-IL-Samikkan\Weekly Audit Report\2024"
"2025","Weekly Audit Report","5","L:\5S\5S UNIT 7\Unit 7 5S ZONES DATA\6_Nightingale-IL-Samikkan\Weekly Audit Report\2025"
"2026","Weekly Audit Report","5","L:\5S\5S UNIT 7\Unit 7 5S ZONES DATA\6_Nightingale-IL-Samikkan\Weekly Audit Report\2026"
"5S score  & observation week","2024","6","L:\5S\5S UNIT 7\Unit 7 5S ZONES DATA\6_Nightingale-IL-Samikkan\Weekly Audit Report\2024\5S score  & observation week"
"HOD Audit 2025","7_Quail-IL-Samikkan","4","L:\5S\5S UNIT 7\Unit 7 5S ZONES DATA\7_Quail-IL-Samikkan\HOD Audit 2025"
"HOD Audit 2026","7_Quail-IL-Samikkan","4","L:\5S\5S UNIT 7\Unit 7 5S ZONES DATA\7_Quail-IL-Samikkan\HOD Audit 2026"
"Presentation - 2026","7_Quail-IL-Samikkan","4","L:\5S\5S UNIT 7\Unit 7 5S ZONES DATA\7_Quail-IL-Samikkan\Presentation - 2026"
"Production Training Cell","7_Quail-IL-Samikkan","4","L:\5S\5S UNIT 7\Unit 7 5S ZONES DATA\7_Quail-IL-Samikkan\Production Training Cell"
"Weekly Audit Report - 2025","Production Training Cell","5","L:\5S\5S UNIT 7\Unit 7 5S ZONES DATA\7_Quail-IL-Samikkan\Production Training Cell\Weekly Audit Report - 2025"
"Weekly Audit Report - 2026","Production Training Cell","5","L:\5S\5S UNIT 7\Unit 7 5S ZONES DATA\7_Quail-IL-Samikkan\Production Training Cell\Weekly Audit Report - 2026"
"2025","8_Peacock-IL-Arunkumar","4","L:\5S\5S UNIT 7\Unit 7 5S ZONES DATA\8_Peacock-IL-Arunkumar\2025"
"2026","8_Peacock-IL-Arunkumar","4","L:\5S\5S UNIT 7\Unit 7 5S ZONES DATA\8_Peacock-IL-Arunkumar\2026"
"HOD Audit","2025","5","L:\5S\5S UNIT 7\Unit 7 5S ZONES DATA\8_Peacock-IL-Arunkumar\2025\HOD Audit"
"Production I26","2025","5","L:\5S\5S UNIT 7\Unit 7 5S ZONES DATA\8_Peacock-IL-Arunkumar\2025\Production I26"
"Weekly Audit Report","2025","5","L:\5S\5S UNIT 7\Unit 7 5S ZONES DATA\8_Peacock-IL-Arunkumar\2025\Weekly Audit Report"
"Weekly Audit Report","Production I26","6","L:\5S\5S UNIT 7\Unit 7 5S ZONES DATA\8_Peacock-IL-Arunkumar\2025\Production I26\Weekly Audit Report"
"HOD Audit Score","2026","5","L:\5S\5S UNIT 7\Unit 7 5S ZONES DATA\8_Peacock-IL-Arunkumar\2026\HOD Audit Score"
"Weekly Audit Score","2026","5","L:\5S\5S UNIT 7\Unit 7 5S ZONES DATA\8_Peacock-IL-Arunkumar\2026\Weekly Audit Score"
"HOD Audit","9_Blue jay-IL-ArulAnandraj","4","L:\5S\5S UNIT 7\Unit 7 5S ZONES DATA\9_Blue jay-IL-ArulAnandraj\HOD Audit"
"Production I28","9_Blue jay-IL-ArulAnandraj","4","L:\5S\5S UNIT 7\Unit 7 5S ZONES DATA\9_Blue jay-IL-ArulAnandraj\Production I28"
"2026","HOD Audit","5","L:\5S\5S UNIT 7\Unit 7 5S ZONES DATA\9_Blue jay-IL-ArulAnandraj\HOD Audit\2026"
"5S I28","Production I28","5","L:\5S\5S UNIT 7\Unit 7 5S ZONES DATA\9_Blue jay-IL-ArulAnandraj\Production I28\5S I28"
"Weekly Audit Report","Production I28","5","L:\5S\5S UNIT 7\Unit 7 5S ZONES DATA\9_Blue jay-IL-ArulAnandraj\Production I28\Weekly Audit Report"
"5S Appreciation certificate","5S I28","6","L:\5S\5S UNIT 7\Unit 7 5S ZONES DATA\9_Blue jay-IL-ArulAnandraj\Production I28\5S I28\5S Appreciation certificate"
"5s checklist & files","5S I28","6","L:\5S\5S UNIT 7\Unit 7 5S ZONES DATA\9_Blue jay-IL-ArulAnandraj\Production I28\5S I28\5s checklist & files"
"5s ppt","5S I28","6","L:\5S\5S UNIT 7\Unit 7 5S ZONES DATA\9_Blue jay-IL-ArulAnandraj\Production I28\5S I28\5s ppt"
"5S Team & Responbility","5S I28","6","L:\5S\5S UNIT 7\Unit 7 5S ZONES DATA\9_Blue jay-IL-ArulAnandraj\Production I28\5S I28\5S Team & Responbility"
"Assembly procedure","5S I28","6","L:\5S\5S UNIT 7\Unit 7 5S ZONES DATA\9_Blue jay-IL-ArulAnandraj\Production I28\5S I28\Assembly procedure"
"I28 5S team members photos","5S I28","6","L:\5S\5S UNIT 7\Unit 7 5S ZONES DATA\9_Blue jay-IL-ArulAnandraj\Production I28\5S I28\I28 5S team members photos"
"photos","5S I28","6","L:\5S\5S UNIT 7\Unit 7 5S ZONES DATA\9_Blue jay-IL-ArulAnandraj\Production I28\5S I28\photos"
"plastic plug","5S I28","6","L:\5S\5S UNIT 7\Unit 7 5S ZONES DATA\9_Blue jay-IL-ArulAnandraj\Production I28\5S I28\plastic plug"
"REDTAG Area Implementation","5S I28","6","L:\5S\5S UNIT 7\Unit 7 5S ZONES DATA\9_Blue jay-IL-ArulAnandraj\Production I28\5S I28\REDTAG Area Implementation"
"Table responbility","5S Team & Responbility","7","L:\5S\5S UNIT 7\Unit 7 5S ZONES DATA\9_Blue jay-IL-ArulAnandraj\Production I28\5S I28\5S Team & Responbility\Table responbility"
"1S Necessary-item-list","REDTAG Area Implementation","7","L:\5S\5S UNIT 7\Unit 7 5S ZONES DATA\9_Blue jay-IL-ArulAnandraj\Production I28\5S I28\REDTAG Area Implementation\1S Necessary-item-list"
"Weekly Audit Score & Observation 2024","Weekly Audit Report","6","L:\5S\5S UNIT 7\Unit 7 5S ZONES DATA\9_Blue jay-IL-ArulAnandraj\Production I28\Weekly Audit Report\Weekly Audit Score & Observation 2024"
"Weekly Audit Score and Observation 2025","Weekly Audit Report","6","L:\5S\5S UNIT 7\Unit 7 5S ZONES DATA\9_Blue jay-IL-ArulAnandraj\Production I28\Weekly Audit Report\Weekly Audit Score and Observation 2025"
"FORMS AND TEMPLATES","5S-Head Office","2","L:\5S\5S-Head Office\FORMS AND TEMPLATES"
"ZONES_DATA","5S-Head Office","2","L:\5S\5S-Head Office\ZONES_DATA"
"1S Necessary-item-list","FORMS AND TEMPLATES","3","L:\5S\5S-Head Office\FORMS AND TEMPLATES\1S Necessary-item-list"
"3S Check sheet","FORMS AND TEMPLATES","3","L:\5S\5S-Head Office\FORMS AND TEMPLATES\3S Check sheet"
"4M Corner","FORMS AND TEMPLATES","3","L:\5S\5S-Head Office\FORMS AND TEMPLATES\4M Corner"
"5S Appreciate Certificate Format & SOP","FORMS AND TEMPLATES","3","L:\5S\5S-Head Office\FORMS AND TEMPLATES\5S Appreciate Certificate Format & SOP"
"5S Audit Observation & Action Status Format","FORMS AND TEMPLATES","3","L:\5S\5S-Head Office\FORMS AND TEMPLATES\5S Audit Observation & Action Status Format"
"5S Audit Score details","FORMS AND TEMPLATES","3","L:\5S\5S-Head Office\FORMS AND TEMPLATES\5S Audit Score details"
"5S Audit Sheet & SOP","FORMS AND TEMPLATES","3","L:\5S\5S-Head Office\FORMS AND TEMPLATES\5S Audit Sheet & SOP"
"5S Company Vision & Policy","FORMS AND TEMPLATES","3","L:\5S\5S-Head Office\FORMS AND TEMPLATES\5S Company Vision & Policy"
"5S Company Wide Organogram Chart","FORMS AND TEMPLATES","3","L:\5S\5S-Head Office\FORMS AND TEMPLATES\5S Company Wide Organogram Chart"
"5s Cross Audit Schedule","FORMS AND TEMPLATES","3","L:\5S\5S-Head Office\FORMS AND TEMPLATES\5s Cross Audit Schedule"
"5S Display Board Format","FORMS AND TEMPLATES","3","L:\5S\5S-Head Office\FORMS AND TEMPLATES\5S Display Board Format"
"5S Floor marking SOP","FORMS AND TEMPLATES","3","L:\5S\5S-Head Office\FORMS AND TEMPLATES\5S Floor marking SOP"
"5S Gemba Observation Log","FORMS AND TEMPLATES","3","L:\5S\5S-Head Office\FORMS AND TEMPLATES\5S Gemba Observation Log"
"5S Improvement Road Map Dec 24 to Feb 25","FORMS AND TEMPLATES","3","L:\5S\5S-Head Office\FORMS AND TEMPLATES\5S Improvement Road Map Dec 24 to Feb 25"
"5S Pledge & SOP","FORMS AND TEMPLATES","3","L:\5S\5S-Head Office\FORMS AND TEMPLATES\5S Pledge & SOP"
"5S REDTAG Area format & SOP","FORMS AND TEMPLATES","3","L:\5S\5S-Head Office\FORMS AND TEMPLATES\5S REDTAG Area format & SOP"
"5S Roles & Responsbility SOP","FORMS AND TEMPLATES","3","L:\5S\5S-Head Office\FORMS AND TEMPLATES\5S Roles & Responsbility SOP"
"5S Team Structure format & SOP","FORMS AND TEMPLATES","3","L:\5S\5S-Head Office\FORMS AND TEMPLATES\5S Team Structure format & SOP"
"5s Training Calander","FORMS AND TEMPLATES","3","L:\5S\5S-Head Office\FORMS AND TEMPLATES\5s Training Calander"
"5S Trend chart format & SOP","FORMS AND TEMPLATES","3","L:\5S\5S-Head Office\FORMS AND TEMPLATES\5S Trend chart format & SOP"
"5S Yearly Calender","FORMS AND TEMPLATES","3","L:\5S\5S-Head Office\FORMS AND TEMPLATES\5S Yearly Calender"
"5S-HO ZONE -LAYOUT","FORMS AND TEMPLATES","3","L:\5S\5S-Head Office\FORMS AND TEMPLATES\5S-HO ZONE -LAYOUT"
"Kaizen Dept tree","FORMS AND TEMPLATES","3","L:\5S\5S-Head Office\FORMS AND TEMPLATES\Kaizen Dept tree"
"MoM","FORMS AND TEMPLATES","3","L:\5S\5S-Head Office\FORMS AND TEMPLATES\MoM"
"OPL Format","FORMS AND TEMPLATES","3","L:\5S\5S-Head Office\FORMS AND TEMPLATES\OPL Format"
"Switches Identification_Old Files","FORMS AND TEMPLATES","3","L:\5S\5S-Head Office\FORMS AND TEMPLATES\Switches Identification_Old Files"
"Training content","FORMS AND TEMPLATES","3","L:\5S\5S-Head Office\FORMS AND TEMPLATES\Training content"
"VSMs by zones","FORMS AND TEMPLATES","3","L:\5S\5S-Head Office\FORMS AND TEMPLATES\VSMs by zones"
"HO 5S Team Logo's","5S Team Structure format & SOP","4","L:\5S\5S-Head Office\FORMS AND TEMPLATES\5S Team Structure format & SOP\HO 5S Team Logo's"
"2024","MoM","4","L:\5S\5S-Head Office\FORMS AND TEMPLATES\MoM\2024"
"2025","MoM","4","L:\5S\5S-Head Office\FORMS AND TEMPLATES\MoM\2025"
"2026","MoM","4","L:\5S\5S-Head Office\FORMS AND TEMPLATES\MoM\2026"
"24-03-2026","MoM","4","L:\5S\5S-Head Office\FORMS AND TEMPLATES\MoM\24-03-2026"
"5S Audit Photos","MoM","4","L:\5S\5S-Head Office\FORMS AND TEMPLATES\MoM\5S Audit Photos"
"Improvement Action plan","2025","5","L:\5S\5S-Head Office\FORMS AND TEMPLATES\MoM\2025\Improvement Action plan"
"Zone data","Improvement Action plan","6","L:\5S\5S-Head Office\FORMS AND TEMPLATES\MoM\2025\Improvement Action plan\Zone data"
"5s Audit 30.12.2025","2026","5","L:\5S\5S-Head Office\FORMS AND TEMPLATES\MoM\2026\5s Audit 30.12.2025"
"Improvement Action plan","2026","5","L:\5S\5S-Head Office\FORMS AND TEMPLATES\MoM\2026\Improvement Action plan"
"5s Intrenal audit photos 31.12.2025","5s Audit 30.12.2025","6","L:\5S\5S-Head Office\FORMS AND TEMPLATES\MoM\2026\5s Audit 30.12.2025\5s Intrenal audit photos 31.12.2025"
"Zone data","Improvement Action plan","6","L:\5S\5S-Head Office\FORMS AND TEMPLATES\MoM\2026\Improvement Action plan\Zone data"
"5s External Audit photos 19.03.26","5S Audit Photos","5","L:\5S\5S-Head Office\FORMS AND TEMPLATES\MoM\5S Audit Photos\5s External Audit photos 19.03.26"
"Zone 15 Design Office","5s External Audit photos 19.03.26","6","L:\5S\5S-Head Office\FORMS AND TEMPLATES\MoM\5S Audit Photos\5s External Audit photos 19.03.26\Zone 15 Design Office"
"Zone 17 Reliability","5s External Audit photos 19.03.26","6","L:\5S\5S-Head Office\FORMS AND TEMPLATES\MoM\5S Audit Photos\5s External Audit photos 19.03.26\Zone 17 Reliability"
"Zone 20,21,22,23 Tool Room","5s External Audit photos 19.03.26","6","L:\5S\5S-Head Office\FORMS AND TEMPLATES\MoM\5S Audit Photos\5s External Audit photos 19.03.26\Zone 20,21,22,23 Tool Room"
"Zone 25 Machine shop","5s External Audit photos 19.03.26","6","L:\5S\5S-Head Office\FORMS AND TEMPLATES\MoM\5S Audit Photos\5s External Audit photos 19.03.26\Zone 25 Machine shop"
"Zone 27 Inward","5s External Audit photos 19.03.26","6","L:\5S\5S-Head Office\FORMS AND TEMPLATES\MoM\5S Audit Photos\5s External Audit photos 19.03.26\Zone 27 Inward"
"Zone 3 IT","5s External Audit photos 19.03.26","6","L:\5S\5S-Head Office\FORMS AND TEMPLATES\MoM\5S Audit Photos\5s External Audit photos 19.03.26\Zone 3 IT"
"Zone 31 Scrap Store","5s External Audit photos 19.03.26","6","L:\5S\5S-Head Office\FORMS AND TEMPLATES\MoM\5S Audit Photos\5s External Audit photos 19.03.26\Zone 31 Scrap Store"
"Zone 32 Maintenance","5s External Audit photos 19.03.26","6","L:\5S\5S-Head Office\FORMS AND TEMPLATES\MoM\5S Audit Photos\5s External Audit photos 19.03.26\Zone 32 Maintenance"
"Zone 33 Dining hall,  Handwash area, Waste Collection Bins,Front office, Security Cabin, Parking, Outer boundary- Near Consumable Stores till North gat","5s External Audit photos 19.03.26","6","L:\5S\5S-Head Office\FORMS AND TEMPLATES\MoM\5S Audit Photos\5s External Audit photos 19.03.26\Zone 33 Dining hall,  Handwash area, Waste Collection Bins,Front office, Security Cabin, Parking, Outer boundary- Near Consumable Stores till North gat"
"Zone 34 Parking","5s External Audit photos 19.03.26","6","L:\5S\5S-Head Office\FORMS AND TEMPLATES\MoM\5S Audit Photos\5s External Audit photos 19.03.26\Zone 34 Parking"
"Zone 9,10,11 Application","5s External Audit photos 19.03.26","6","L:\5S\5S-Head Office\FORMS AND TEMPLATES\MoM\5S Audit Photos\5s External Audit photos 19.03.26\Zone 9,10,11 Application"
"Zone7 HR","5s External Audit photos 19.03.26","6","L:\5S\5S-Head Office\FORMS AND TEMPLATES\MoM\5S Audit Photos\5s External Audit photos 19.03.26\Zone7 HR"
"1. 5s vision & 5s policy","Training content","4","L:\5S\5S-Head Office\FORMS AND TEMPLATES\Training content\1. 5s vision & 5s policy"
"2. 5s pledge","Training content","4","L:\5S\5S-Head Office\FORMS AND TEMPLATES\Training content\2. 5s pledge"
"3. Roles & Responsibilty","Training content","4","L:\5S\5S-Head Office\FORMS AND TEMPLATES\Training content\3. Roles & Responsibilty"
"4. Layout","Training content","4","L:\5S\5S-Head Office\FORMS AND TEMPLATES\Training content\4. Layout"
"Board Meeting - Operations - Copy","Operation","2","L:\5S\Operation\Board Meeting - Operations - Copy"
"Sep board review","Operation","2","L:\5S\Operation\Sep board review"
"backup files","Board Meeting - Operations - Copy","3","L:\5S\Operation\Board Meeting - Operations - Copy\backup files"
"referrence","Board Meeting - Operations - Copy","3","L:\5S\Operation\Board Meeting - Operations - Copy\referrence"
"Road Map - Assembly","Board Meeting - Operations - Copy","3","L:\5S\Operation\Board Meeting - Operations - Copy\Road Map - Assembly"
"Road Map - IED","Board Meeting - Operations - Copy","3","L:\5S\Operation\Board Meeting - Operations - Copy\Road Map - IED"
"Road Map - Machine Shop","Board Meeting - Operations - Copy","3","L:\5S\Operation\Board Meeting - Operations - Copy\Road Map - Machine Shop"
"Road Map - Materials","Board Meeting - Operations - Copy","3","L:\5S\Operation\Board Meeting - Operations - Copy\Road Map - Materials"
"Road Map - Production","Board Meeting - Operations - Copy","3","L:\5S\Operation\Board Meeting - Operations - Copy\Road Map - Production"
"Road Map - Quality","Board Meeting - Operations - Copy","3","L:\5S\Operation\Board Meeting - Operations - Copy\Road Map - Quality"
"Road Map - SSD","Board Meeting - Operations - Copy","3","L:\5S\Operation\Board Meeting - Operations - Copy\Road Map - SSD"
"Road Map - Store","Board Meeting - Operations - Copy","3","L:\5S\Operation\Board Meeting - Operations - Copy\Road Map - Store"
"production","backup files","4","L:\5S\Operation\Board Meeting - Operations - Copy\backup files\production"
"Quality","backup files","4","L:\5S\Operation\Board Meeting - Operations - Copy\backup files\Quality"
"SSD","backup files","4","L:\5S\Operation\Board Meeting - Operations - Copy\backup files\SSD"
"tooling","backup files","4","L:\5S\Operation\Board Meeting - Operations - Copy\backup files\tooling"
"9-sep backup","referrence","4","L:\5S\Operation\Board Meeting - Operations - Copy\referrence\9-sep backup"
"AQE","Road Map - Quality","4","L:\5S\Operation\Board Meeting - Operations - Copy\Road Map - Quality\AQE"
"CQE","Road Map - Quality","4","L:\5S\Operation\Board Meeting - Operations - Copy\Road Map - Quality\CQE"
"Assy Rejections 2018","AQE","5","L:\5S\Operation\Board Meeting - Operations - Copy\Road Map - Quality\AQE\Assy Rejections 2018"
"Assy quality","Assy Rejections 2018","6","L:\5S\Operation\Board Meeting - Operations - Copy\Road Map - Quality\AQE\Assy Rejections 2018\Assy quality"
"I21","Assy Rejections 2018","6","L:\5S\Operation\Board Meeting - Operations - Copy\Road Map - Quality\AQE\Assy Rejections 2018\I21"
"I22","Assy Rejections 2018","6","L:\5S\Operation\Board Meeting - Operations - Copy\Road Map - Quality\AQE\Assy Rejections 2018\I22"
"I23","Assy Rejections 2018","6","L:\5S\Operation\Board Meeting - Operations - Copy\Road Map - Quality\AQE\Assy Rejections 2018\I23"
"I24","Assy Rejections 2018","6","L:\5S\Operation\Board Meeting - Operations - Copy\Road Map - Quality\AQE\Assy Rejections 2018\I24"
"I25","Assy Rejections 2018","6","L:\5S\Operation\Board Meeting - Operations - Copy\Road Map - Quality\AQE\Assy Rejections 2018\I25"
"Road Map for Customer complaints","CQE","5","L:\5S\Operation\Board Meeting - Operations - Copy\Road Map - Quality\CQE\Road Map for Customer complaints"
"Road map","Road Map for Customer complaints","6","L:\5S\Operation\Board Meeting - Operations - Copy\Road Map - Quality\CQE\Road Map for Customer complaints\Road map"
"backup files","Sep board review","3","L:\5S\Operation\Sep board review\backup files"
"Component Capacity Enhancement","backup files","4","L:\5S\Operation\Sep board review\backup files\Component Capacity Enhancement"
"Machine Shop","backup files","4","L:\5S\Operation\Sep board review\backup files\Machine Shop"
"production","backup files","4","L:\5S\Operation\Sep board review\backup files\production"
"Quality","backup files","4","L:\5S\Operation\Sep board review\backup files\Quality"
"SSD","backup files","4","L:\5S\Operation\Sep board review\backup files\SSD"
"Store","backup files","4","L:\5S\Operation\Sep board review\backup files\Store"
"tooling","backup files","4","L:\5S\Operation\Sep board review\backup files\tooling"
"CYLINDERS","AP_TP_TBCR","1","L:\AP_TP_TBCR\CYLINDERS"
"FITTINGS","AP_TP_TBCR","1","L:\AP_TP_TBCR\FITTINGS"
"FRL","AP_TP_TBCR","1","L:\AP_TP_TBCR\FRL"
"I21","AP_TP_TBCR","1","L:\AP_TP_TBCR\I21"
"R&D TBCR","AP_TP_TBCR","1","L:\AP_TP_TBCR\R&D TBCR"
"VALVES","AP_TP_TBCR","1","L:\AP_TP_TBCR\VALVES"
"CONTENTS","CYLINDERS","2","L:\AP_TP_TBCR\CYLINDERS\CONTENTS"
"XLS FILES","CONTENTS","3","L:\AP_TP_TBCR\CYLINDERS\CONTENTS\XLS FILES"
"PDF FILES","XLS FILES","4","L:\AP_TP_TBCR\CYLINDERS\CONTENTS\XLS FILES\PDF FILES"
"CYLINDERS","PDF FILES","5","L:\AP_TP_TBCR\CYLINDERS\CONTENTS\XLS FILES\PDF FILES\CYLINDERS"
"ASSY PROC IN PDF FORMAT-04-DEC-08","CYLINDERS","6","L:\AP_TP_TBCR\CYLINDERS\CONTENTS\XLS FILES\PDF FILES\CYLINDERS\ASSY PROC IN PDF FORMAT-04-DEC-08"
"TEST PROC IN PDF FORMAT-04-DEC-08","CYLINDERS","6","L:\AP_TP_TBCR\CYLINDERS\CONTENTS\XLS FILES\PDF FILES\CYLINDERS\TEST PROC IN PDF FORMAT-04-DEC-08"
"BEFOE ISO","ASSY PROC IN PDF FORMAT-04-DEC-08","7","L:\AP_TP_TBCR\CYLINDERS\CONTENTS\XLS FILES\PDF FILES\CYLINDERS\ASSY PROC IN PDF FORMAT-04-DEC-08\BEFOE ISO"
"ISO FORMAT","ASSY PROC IN PDF FORMAT-04-DEC-08","7","L:\AP_TP_TBCR\CYLINDERS\CONTENTS\XLS FILES\PDF FILES\CYLINDERS\ASSY PROC IN PDF FORMAT-04-DEC-08\ISO FORMAT"
"obsolete","ISO FORMAT","8","L:\AP_TP_TBCR\CYLINDERS\CONTENTS\XLS FILES\PDF FILES\CYLINDERS\ASSY PROC IN PDF FORMAT-04-DEC-08\ISO FORMAT\obsolete"
"BEFORE ISO","TEST PROC IN PDF FORMAT-04-DEC-08","7","L:\AP_TP_TBCR\CYLINDERS\CONTENTS\XLS FILES\PDF FILES\CYLINDERS\TEST PROC IN PDF FORMAT-04-DEC-08\BEFORE ISO"
"PROCEDURES ISO FORMAT","TEST PROC IN PDF FORMAT-04-DEC-08","7","L:\AP_TP_TBCR\CYLINDERS\CONTENTS\XLS FILES\PDF FILES\CYLINDERS\TEST PROC IN PDF FORMAT-04-DEC-08\PROCEDURES ISO FORMAT"
"CONTENTS","FITTINGS","2","L:\AP_TP_TBCR\FITTINGS\CONTENTS"
"XLS FILES","CONTENTS","3","L:\AP_TP_TBCR\FITTINGS\CONTENTS\XLS FILES"
"PDF FILES","XLS FILES","4","L:\AP_TP_TBCR\FITTINGS\CONTENTS\XLS FILES\PDF FILES"
"Copy of FITTINGS","PDF FILES","5","L:\AP_TP_TBCR\FITTINGS\CONTENTS\XLS FILES\PDF FILES\Copy of FITTINGS"
"FITTINGS","PDF FILES","5","L:\AP_TP_TBCR\FITTINGS\CONTENTS\XLS FILES\PDF FILES\FITTINGS"
"FITTINGS ASSY PROC IN PDF-03-DEC-08","Copy of FITTINGS","6","L:\AP_TP_TBCR\FITTINGS\CONTENTS\XLS FILES\PDF FILES\Copy of FITTINGS\FITTINGS ASSY PROC IN PDF-03-DEC-08"
"FITTINGS TEST PROC IN PDF-03-DEC-08","Copy of FITTINGS","6","L:\AP_TP_TBCR\FITTINGS\CONTENTS\XLS FILES\PDF FILES\Copy of FITTINGS\FITTINGS TEST PROC IN PDF-03-DEC-08"
"BEFORE ISO","FITTINGS ASSY PROC IN PDF-03-DEC-08","7","L:\AP_TP_TBCR\FITTINGS\CONTENTS\XLS FILES\PDF FILES\Copy of FITTINGS\FITTINGS ASSY PROC IN PDF-03-DEC-08\BEFORE ISO"
"AS PER ISO FORMAT","FITTINGS TEST PROC IN PDF-03-DEC-08","7","L:\AP_TP_TBCR\FITTINGS\CONTENTS\XLS FILES\PDF FILES\Copy of FITTINGS\FITTINGS TEST PROC IN PDF-03-DEC-08\AS PER ISO FORMAT"
"BEFORE ISO","FITTINGS TEST PROC IN PDF-03-DEC-08","7","L:\AP_TP_TBCR\FITTINGS\CONTENTS\XLS FILES\PDF FILES\Copy of FITTINGS\FITTINGS TEST PROC IN PDF-03-DEC-08\BEFORE ISO"
"FITTINGS ASSY PROC IN PDF-03-DEC-08","FITTINGS","6","L:\AP_TP_TBCR\FITTINGS\CONTENTS\XLS FILES\PDF FILES\FITTINGS\FITTINGS ASSY PROC IN PDF-03-DEC-08"
"FITTINGS TEST PROC IN PDF-03-DEC-08","FITTINGS","6","L:\AP_TP_TBCR\FITTINGS\CONTENTS\XLS FILES\PDF FILES\FITTINGS\FITTINGS TEST PROC IN PDF-03-DEC-08"
"AS PER ISO FORMAT","FITTINGS ASSY PROC IN PDF-03-DEC-08","7","L:\AP_TP_TBCR\FITTINGS\CONTENTS\XLS FILES\PDF FILES\FITTINGS\FITTINGS ASSY PROC IN PDF-03-DEC-08\AS PER ISO FORMAT"
"BEFORE ISO","FITTINGS ASSY PROC IN PDF-03-DEC-08","7","L:\AP_TP_TBCR\FITTINGS\CONTENTS\XLS FILES\PDF FILES\FITTINGS\FITTINGS ASSY PROC IN PDF-03-DEC-08\BEFORE ISO"
"AS PER ISO FORMAT","FITTINGS TEST PROC IN PDF-03-DEC-08","7","L:\AP_TP_TBCR\FITTINGS\CONTENTS\XLS FILES\PDF FILES\FITTINGS\FITTINGS TEST PROC IN PDF-03-DEC-08\AS PER ISO FORMAT"
"BEFORE ISO","FITTINGS TEST PROC IN PDF-03-DEC-08","7","L:\AP_TP_TBCR\FITTINGS\CONTENTS\XLS FILES\PDF FILES\FITTINGS\FITTINGS TEST PROC IN PDF-03-DEC-08\BEFORE ISO"
"CONTENTS","FRL","2","L:\AP_TP_TBCR\FRL\CONTENTS"
"XLS FILES","CONTENTS","3","L:\AP_TP_TBCR\FRL\CONTENTS\XLS FILES"
"PDF FILES","XLS FILES","4","L:\AP_TP_TBCR\FRL\CONTENTS\XLS FILES\PDF FILES"
"FRL","PDF FILES","5","L:\AP_TP_TBCR\FRL\CONTENTS\XLS FILES\PDF FILES\FRL"
"DRGS","FRL","6","L:\AP_TP_TBCR\FRL\CONTENTS\XLS FILES\PDF FILES\FRL\DRGS"
"FRLS ASSY PROC IN PDF","FRL","6","L:\AP_TP_TBCR\FRL\CONTENTS\XLS FILES\PDF FILES\FRL\FRLS ASSY PROC IN PDF"
"FRLS TEST PROC IN PDF","FRL","6","L:\AP_TP_TBCR\FRL\CONTENTS\XLS FILES\PDF FILES\FRL\FRLS TEST PROC IN PDF"
"IONS","FRL","6","L:\AP_TP_TBCR\FRL\CONTENTS\XLS FILES\PDF FILES\FRL\IONS"
"BEFORE ISO","FRLS ASSY PROC IN PDF","7","L:\AP_TP_TBCR\FRL\CONTENTS\XLS FILES\PDF FILES\FRL\FRLS ASSY PROC IN PDF\BEFORE ISO"
"ISO FORMAT","FRLS ASSY PROC IN PDF","7","L:\AP_TP_TBCR\FRL\CONTENTS\XLS FILES\PDF FILES\FRL\FRLS ASSY PROC IN PDF\ISO FORMAT"
"BEFORE ISO","FRLS TEST PROC IN PDF","7","L:\AP_TP_TBCR\FRL\CONTENTS\XLS FILES\PDF FILES\FRL\FRLS TEST PROC IN PDF\BEFORE ISO"
"ISO FORMAT","FRLS TEST PROC IN PDF","7","L:\AP_TP_TBCR\FRL\CONTENTS\XLS FILES\PDF FILES\FRL\FRLS TEST PROC IN PDF\ISO FORMAT"
"TO PRINT","ISO FORMAT","8","L:\AP_TP_TBCR\FRL\CONTENTS\XLS FILES\PDF FILES\FRL\FRLS TEST PROC IN PDF\ISO FORMAT\TO PRINT"
"PRINT OVER","TO PRINT","9","L:\AP_TP_TBCR\FRL\CONTENTS\XLS FILES\PDF FILES\FRL\FRLS TEST PROC IN PDF\ISO FORMAT\TO PRINT\PRINT OVER"
"CYL TBCR","R&D TBCR","2","L:\AP_TP_TBCR\R&D TBCR\CYL TBCR"
"FITTING TBCR","R&D TBCR","2","L:\AP_TP_TBCR\R&D TBCR\FITTING TBCR"
"FRL TBCR","R&D TBCR","2","L:\AP_TP_TBCR\R&D TBCR\FRL TBCR"
"VALVE TBCR","R&D TBCR","2","L:\AP_TP_TBCR\R&D TBCR\VALVE TBCR"
"CYL- STD","CYL TBCR","3","L:\AP_TP_TBCR\R&D TBCR\CYL TBCR\CYL- STD"
"CYL-C PRODUCT PDF","CYL TBCR","3","L:\AP_TP_TBCR\R&D TBCR\CYL TBCR\CYL-C PRODUCT PDF"
"PDF","FITTING TBCR","3","L:\AP_TP_TBCR\R&D TBCR\FITTING TBCR\PDF"
"G3-4 METAL GR F.C.V","PDF","4","L:\AP_TP_TBCR\R&D TBCR\FITTING TBCR\PDF\G3-4 METAL GR F.C.V"
"PILOT HANDING OVER CHECK LIST","G3-4 METAL GR F.C.V","5","L:\AP_TP_TBCR\R&D TBCR\FITTING TBCR\PDF\G3-4 METAL GR F.C.V\PILOT HANDING OVER CHECK LIST"
"PDF","FRL TBCR","3","L:\AP_TP_TBCR\R&D TBCR\FRL TBCR\PDF"
"PDF","VALVE TBCR","3","L:\AP_TP_TBCR\R&D TBCR\VALVE TBCR\PDF"
"XLS FILES","VALVES","2","L:\AP_TP_TBCR\VALVES\XLS FILES"
"PDF FILES","XLS FILES","3","L:\AP_TP_TBCR\VALVES\XLS FILES\PDF FILES"
"IONS","PDF FILES","4","L:\AP_TP_TBCR\VALVES\XLS FILES\PDF FILES\IONS"
"VALVES ASSY PROC IN PDF-25-NOV-08","PDF FILES","4","L:\AP_TP_TBCR\VALVES\XLS FILES\PDF FILES\VALVES ASSY PROC IN PDF-25-NOV-08"
"VALVES TEST PROC IN PDF-25-NOV-08","PDF FILES","4","L:\AP_TP_TBCR\VALVES\XLS FILES\PDF FILES\VALVES TEST PROC IN PDF-25-NOV-08"
"New Folder","IONS","5","L:\AP_TP_TBCR\VALVES\XLS FILES\PDF FILES\IONS\New Folder"
"BEFORE ISO","VALVES ASSY PROC IN PDF-25-NOV-08","5","L:\AP_TP_TBCR\VALVES\XLS FILES\PDF FILES\VALVES ASSY PROC IN PDF-25-NOV-08\BEFORE ISO"
"ISO FORMAT","VALVES ASSY PROC IN PDF-25-NOV-08","5","L:\AP_TP_TBCR\VALVES\XLS FILES\PDF FILES\VALVES ASSY PROC IN PDF-25-NOV-08\ISO FORMAT"
"BEFORE ISO","VALVES TEST PROC IN PDF-25-NOV-08","5","L:\AP_TP_TBCR\VALVES\XLS FILES\PDF FILES\VALVES TEST PROC IN PDF-25-NOV-08\BEFORE ISO"
"ISO FORMAT","VALVES TEST PROC IN PDF-25-NOV-08","5","L:\AP_TP_TBCR\VALVES\XLS FILES\PDF FILES\VALVES TEST PROC IN PDF-25-NOV-08\ISO FORMAT"
"CYLINDER","Assembly Procedure-IED","1","L:\Assembly Procedure-IED\CYLINDER"
"FITTINGS","Assembly Procedure-IED","1","L:\Assembly Procedure-IED\FITTINGS"
"FRL","Assembly Procedure-IED","1","L:\Assembly Procedure-IED\FRL"
"VALVE","Assembly Procedure-IED","1","L:\Assembly Procedure-IED\VALVE"
"C PRODUCT","CYLINDER","2","L:\Assembly Procedure-IED\CYLINDER\C PRODUCT"
"MC PRODUCT","CYLINDER","2","L:\Assembly Procedure-IED\CYLINDER\MC PRODUCT"
"NON - STANDARD (I21)","CYLINDER","2","L:\Assembly Procedure-IED\CYLINDER\NON - STANDARD (I21)"
"NPD","CYLINDER","2","L:\Assembly Procedure-IED\CYLINDER\NPD"
"SOP","CYLINDER","2","L:\Assembly Procedure-IED\CYLINDER\SOP"
"STANDARD PRODUCT","CYLINDER","2","L:\Assembly Procedure-IED\CYLINDER\STANDARD PRODUCT"
"SUB ASSEMBLY","CYLINDER","2","L:\Assembly Procedure-IED\CYLINDER\SUB ASSEMBLY"
"C PRODUCT","FITTINGS","2","L:\Assembly Procedure-IED\FITTINGS\C PRODUCT"
"MC PRODUCT","FITTINGS","2","L:\Assembly Procedure-IED\FITTINGS\MC PRODUCT"
"NPD","FITTINGS","2","L:\Assembly Procedure-IED\FITTINGS\NPD"
"SOP","FITTINGS","2","L:\Assembly Procedure-IED\FITTINGS\SOP"
"STANDARD PRODUCT","FITTINGS","2","L:\Assembly Procedure-IED\FITTINGS\STANDARD PRODUCT"
"SUB ASSEMBLY","FITTINGS","2","L:\Assembly Procedure-IED\FITTINGS\SUB ASSEMBLY"
"C,CS PRODUCT","FRL","2","L:\Assembly Procedure-IED\FRL\C,CS PRODUCT"
"CHECK","FRL","2","L:\Assembly Procedure-IED\FRL\CHECK"
"MC PRODUCT","FRL","2","L:\Assembly Procedure-IED\FRL\MC PRODUCT"
"NPD","FRL","2","L:\Assembly Procedure-IED\FRL\NPD"
"STANDARD PRODUCT","FRL","2","L:\Assembly Procedure-IED\FRL\STANDARD PRODUCT"
"SUB-ASSEMBLY","FRL","2","L:\Assembly Procedure-IED\FRL\SUB-ASSEMBLY"
"C PRODUCT","VALVE","2","L:\Assembly Procedure-IED\VALVE\C PRODUCT"
"MC PRODUCT","VALVE","2","L:\Assembly Procedure-IED\VALVE\MC PRODUCT"
"NPD","VALVE","2","L:\Assembly Procedure-IED\VALVE\NPD"
"SOP","VALVE","2","L:\Assembly Procedure-IED\VALVE\SOP"
"STANDARD PRODUCT","VALVE","2","L:\Assembly Procedure-IED\VALVE\STANDARD PRODUCT"
"SUB ASSEMBLY","VALVE","2","L:\Assembly Procedure-IED\VALVE\SUB ASSEMBLY"
"Accounts","Common2","1","L:\Common2\Accounts"
"Application","Common2","1","L:\Common2\Application"
"Automation","Common2","1","L:\Common2\Automation"
"BI","Common2","1","L:\Common2\BI"
"Central Excise","Common2","1","L:\Common2\Central Excise"
"Costing","Common2","1","L:\Common2\Costing"
"EDP","Common2","1","L:\Common2\EDP"
"HR","Common2","1","L:\Common2\HR"
"IED","Common2","1","L:\Common2\IED"
"Inward","Common2","1","L:\Common2\Inward"
"ISO","Common2","1","L:\Common2\ISO"
"Machine Shop","Common2","1","L:\Common2\Machine Shop"
"Maintenance","Common2","1","L:\Common2\Maintenance"
"Marketing","Common2","1","L:\Common2\Marketing"
"Materials","Common2","1","L:\Common2\Materials"
"NPD","Common2","1","L:\Common2\NPD"
"Planning","Common2","1","L:\Common2\Planning"
"PLP","Common2","1","L:\Common2\PLP"
"Production","Common2","1","L:\Common2\Production"
"Quality","Common2","1","L:\Common2\Quality"
"Skyfast","Common2","1","L:\Common2\Skyfast"
"SPM","Common2","1","L:\Common2\SPM"
"SSD","Common2","1","L:\Common2\SSD"
"Tool Room","Common2","1","L:\Common2\Tool Room"
"30.4.26","Accounts","2","L:\Common2\Accounts\30.4.26"
"5s","Accounts","2","L:\Common2\Accounts\5s"
"BCP Finance","Accounts","2","L:\Common2\Accounts\BCP Finance"
"Buvanesh JIAPL","Accounts","2","L:\Common2\Accounts\Buvanesh JIAPL"
"Challan_report","Accounts","2","L:\Common2\Accounts\Challan_report"
"Digital Sign Docs","Accounts","2","L:\Common2\Accounts\Digital Sign Docs"
"Gokul","Accounts","2","L:\Common2\Accounts\Gokul"
"GST","Accounts","2","L:\Common2\Accounts\GST"
"HARI2","Accounts","2","L:\Common2\Accounts\HARI2"
"Invoice List Reports","Accounts","2","L:\Common2\Accounts\Invoice List Reports"
"New folder (5)","Accounts","2","L:\Common2\Accounts\New folder (5)"
"New folder ITEM MSATER 1","Accounts","2","L:\Common2\Accounts\New folder ITEM MSATER 1"
"Others","Accounts","2","L:\Common2\Accounts\Others"
"SCR-TPTY-PO Copy-24-25","Accounts","2","L:\Common2\Accounts\SCR-TPTY-PO Copy-24-25"
"SCR-TPTY-PO Copy-25-26","Accounts","2","L:\Common2\Accounts\SCR-TPTY-PO Copy-25-26"
"TDS CERTIFICATE - JIPL - 25-26","Accounts","2","L:\Common2\Accounts\TDS CERTIFICATE - JIPL - 25-26"
"Tender","Accounts","2","L:\Common2\Accounts\Tender"
"01_KPI_JIAPL_Hariprasath","Buvanesh JIAPL","3","L:\Common2\Accounts\Buvanesh JIAPL\01_KPI_JIAPL_Hariprasath"
"02_MIS_JIAPL_Hariprasath","Buvanesh JIAPL","3","L:\Common2\Accounts\Buvanesh JIAPL\02_MIS_JIAPL_Hariprasath"
"04_JIAPL_Buvanesh Kumar","Buvanesh JIAPL","3","L:\Common2\Accounts\Buvanesh JIAPL\04_JIAPL_Buvanesh Kumar"
"JANATICS AUTOMATION COIL","Buvanesh JIAPL","3","L:\Common2\Accounts\Buvanesh JIAPL\JANATICS AUTOMATION COIL"
"JIAPL - APR-25","Buvanesh JIAPL","3","L:\Common2\Accounts\Buvanesh JIAPL\JIAPL - APR-25"
"JIAPL - FEB-25","Buvanesh JIAPL","3","L:\Common2\Accounts\Buvanesh JIAPL\JIAPL - FEB-25"
"JIAPL - MAR-25","Buvanesh JIAPL","3","L:\Common2\Accounts\Buvanesh JIAPL\JIAPL - MAR-25"
"JIAPL- AUG-25","Buvanesh JIAPL","3","L:\Common2\Accounts\Buvanesh JIAPL\JIAPL- AUG-25"
"JIAPL- JUL-25","Buvanesh JIAPL","3","L:\Common2\Accounts\Buvanesh JIAPL\JIAPL- JUL-25"
"JIAPL- JUN-25","Buvanesh JIAPL","3","L:\Common2\Accounts\Buvanesh JIAPL\JIAPL- JUN-25"
"JIAPL- MAY-25","Buvanesh JIAPL","3","L:\Common2\Accounts\Buvanesh JIAPL\JIAPL- MAY-25"
"JIAPL- OCT-25","Buvanesh JIAPL","3","L:\Common2\Accounts\Buvanesh JIAPL\JIAPL- OCT-25"
"JIAPL- SEP-25","Buvanesh JIAPL","3","L:\Common2\Accounts\Buvanesh JIAPL\JIAPL- SEP-25"
"KPI 26-27","Buvanesh JIAPL","3","L:\Common2\Accounts\Buvanesh JIAPL\KPI 26-27"
"01_KPI_JIAPL_Buvanesh Kumar","04_JIAPL_Buvanesh Kumar","4","L:\Common2\Accounts\Buvanesh JIAPL\04_JIAPL_Buvanesh Kumar\01_KPI_JIAPL_Buvanesh Kumar"
"02_MIS_JIAPL_Buvanesh Kumar","04_JIAPL_Buvanesh Kumar","4","L:\Common2\Accounts\Buvanesh JIAPL\04_JIAPL_Buvanesh Kumar\02_MIS_JIAPL_Buvanesh Kumar"
"01_KPI_JIAPL_Buvanesh Kumar","JIAPL - APR-25","4","L:\Common2\Accounts\Buvanesh JIAPL\JIAPL - APR-25\01_KPI_JIAPL_Buvanesh Kumar"
"02_MIS_JIAPL_Buvanesh Kumar","JIAPL - APR-25","4","L:\Common2\Accounts\Buvanesh JIAPL\JIAPL - APR-25\02_MIS_JIAPL_Buvanesh Kumar"
"01_KPI_JIAPL_Buvanesh Kumar","JIAPL - FEB-25","4","L:\Common2\Accounts\Buvanesh JIAPL\JIAPL - FEB-25\01_KPI_JIAPL_Buvanesh Kumar"
"01_KPI_JIAPL_Buvanesh Kumar","JIAPL - MAR-25","4","L:\Common2\Accounts\Buvanesh JIAPL\JIAPL - MAR-25\01_KPI_JIAPL_Buvanesh Kumar"
"01_KPI_JIAPL_Buvanesh Kumar","JIAPL- AUG-25","4","L:\Common2\Accounts\Buvanesh JIAPL\JIAPL- AUG-25\01_KPI_JIAPL_Buvanesh Kumar"
"02_MIS_JIAPL_Buvanesh Kumar","JIAPL- AUG-25","4","L:\Common2\Accounts\Buvanesh JIAPL\JIAPL- AUG-25\02_MIS_JIAPL_Buvanesh Kumar"
"01_KPI_JIAPL_Buvanesh Kumar","JIAPL- JUL-25","4","L:\Common2\Accounts\Buvanesh JIAPL\JIAPL- JUL-25\01_KPI_JIAPL_Buvanesh Kumar"
"02_MIS_JIAPL_Buvanesh Kumar","JIAPL- JUL-25","4","L:\Common2\Accounts\Buvanesh JIAPL\JIAPL- JUL-25\02_MIS_JIAPL_Buvanesh Kumar"
"01_KPI_JIAPL_Buvanesh Kumar","JIAPL- JUN-25","4","L:\Common2\Accounts\Buvanesh JIAPL\JIAPL- JUN-25\01_KPI_JIAPL_Buvanesh Kumar"
"02_MIS_JIAPL_Buvanesh Kumar","JIAPL- JUN-25","4","L:\Common2\Accounts\Buvanesh JIAPL\JIAPL- JUN-25\02_MIS_JIAPL_Buvanesh Kumar"
"01_KPI_JIAPL_Buvanesh Kumar","JIAPL- MAY-25","4","L:\Common2\Accounts\Buvanesh JIAPL\JIAPL- MAY-25\01_KPI_JIAPL_Buvanesh Kumar"
"02_MIS_JIAPL_Buvanesh Kumar","JIAPL- MAY-25","4","L:\Common2\Accounts\Buvanesh JIAPL\JIAPL- MAY-25\02_MIS_JIAPL_Buvanesh Kumar"
"01_KPI_JIAPL_Buvanesh Kumar","JIAPL- OCT-25","4","L:\Common2\Accounts\Buvanesh JIAPL\JIAPL- OCT-25\01_KPI_JIAPL_Buvanesh Kumar"
"02_MIS_JIAPL_Buvanesh Kumar","JIAPL- OCT-25","4","L:\Common2\Accounts\Buvanesh JIAPL\JIAPL- OCT-25\02_MIS_JIAPL_Buvanesh Kumar"
"01_KPI_JIAPL_Buvanesh Kumar","JIAPL- SEP-25","4","L:\Common2\Accounts\Buvanesh JIAPL\JIAPL- SEP-25\01_KPI_JIAPL_Buvanesh Kumar"
"02_MIS_JIAPL_Buvanesh Kumar","JIAPL- SEP-25","4","L:\Common2\Accounts\Buvanesh JIAPL\JIAPL- SEP-25\02_MIS_JIAPL_Buvanesh Kumar"
"ACCOUNTS","Gokul","3","L:\Common2\Accounts\Gokul\ACCOUNTS"
"Cash","Gokul","3","L:\Common2\Accounts\Gokul\Cash"
"CHECKLIST","Gokul","3","L:\Common2\Accounts\Gokul\CHECKLIST"
"ERROR","Gokul","3","L:\Common2\Accounts\Gokul\ERROR"
"FOLDER 1","Gokul","3","L:\Common2\Accounts\Gokul\FOLDER 1"
"GOKUL","Gokul","3","L:\Common2\Accounts\Gokul\GOKUL"
"GST","Gokul","3","L:\Common2\Accounts\Gokul\GST"
"New folder (2)","Gokul","3","L:\Common2\Accounts\Gokul\New folder (2)"
"STORE","Gokul","3","L:\Common2\Accounts\Gokul\STORE"
"BOE","ACCOUNTS","4","L:\Common2\Accounts\Gokul\ACCOUNTS\BOE"
"23-24","BOE","5","L:\Common2\Accounts\Gokul\ACCOUNTS\BOE\23-24"
"JIAPL","FOLDER 1","4","L:\Common2\Accounts\Gokul\FOLDER 1\JIAPL"
"capture","JIAPL","5","L:\Common2\Accounts\Gokul\FOLDER 1\JIAPL\capture"
"SCAN COPY","JIAPL","5","L:\Common2\Accounts\Gokul\FOLDER 1\JIAPL\SCAN COPY"
"HSN","GOKUL","4","L:\Common2\Accounts\Gokul\GOKUL\HSN"
"Daraneesh","STORE","4","L:\Common2\Accounts\Gokul\STORE\Daraneesh"
"New folder","Daraneesh","5","L:\Common2\Accounts\Gokul\STORE\Daraneesh\New folder"
"2B","GST","3","L:\Common2\Accounts\GST\2B"
"UPTO Nov-25","2B","4","L:\Common2\Accounts\GST\2B\UPTO Nov-25"
"UPTO Sep-25","2B","4","L:\Common2\Accounts\GST\2B\UPTO Sep-25"
"02_MIS_Skyfast_Hariprasath","HARI2","3","L:\Common2\Accounts\HARI2\02_MIS_Skyfast_Hariprasath"
"02_Skyfast_Govindaraj","HARI2","3","L:\Common2\Accounts\HARI2\02_Skyfast_Govindaraj"
"02_Skyfast_Hariprasath_S","HARI2","3","L:\Common2\Accounts\HARI2\02_Skyfast_Hariprasath_S"
"Payment Advice","HARI2","3","L:\Common2\Accounts\HARI2\Payment Advice"
"PO","HARI2","3","L:\Common2\Accounts\HARI2\PO"
"SKYFAST GATE STATUS","HARI2","3","L:\Common2\Accounts\HARI2\SKYFAST GATE STATUS"
"01_KPI_Skyfast_Hariprasath","02_Skyfast_Govindaraj","4","L:\Common2\Accounts\HARI2\02_Skyfast_Govindaraj\01_KPI_Skyfast_Hariprasath"
"02_MIS_Skyfast_Hariprasath","01_KPI_Skyfast_Hariprasath","5","L:\Common2\Accounts\HARI2\02_Skyfast_Govindaraj\01_KPI_Skyfast_Hariprasath\02_MIS_Skyfast_Hariprasath"
"01_KPI_Skyfast_Hariprasath","02_Skyfast_Hariprasath_S","4","L:\Common2\Accounts\HARI2\02_Skyfast_Hariprasath_S\01_KPI_Skyfast_Hariprasath"
"02_MIS_Skyfast_Hariprasath","02_Skyfast_Hariprasath_S","4","L:\Common2\Accounts\HARI2\02_Skyfast_Hariprasath_S\02_MIS_Skyfast_Hariprasath"
"Gilbarco","Payment Advice","4","L:\Common2\Accounts\HARI2\Payment Advice\Gilbarco"
"Janatics","Payment Advice","4","L:\Common2\Accounts\HARI2\Payment Advice\Janatics"
"Rovick","Payment Advice","4","L:\Common2\Accounts\HARI2\Payment Advice\Rovick"
"Souriou","Payment Advice","4","L:\Common2\Accounts\HARI2\Payment Advice\Souriou"
"Gate Status 2024-25","PO","4","L:\Common2\Accounts\HARI2\PO\Gate Status 2024-25"
"APR-24","Gate Status 2024-25","5","L:\Common2\Accounts\HARI2\PO\Gate Status 2024-25\APR-24"
"DEC-24","Gate Status 2024-25","5","L:\Common2\Accounts\HARI2\PO\Gate Status 2024-25\DEC-24"
"01_KPI_JIAPL_Hariprasath","SKYFAST GATE STATUS","4","L:\Common2\Accounts\HARI2\SKYFAST GATE STATUS\01_KPI_JIAPL_Hariprasath"
"8.Aug-25","SKYFAST GATE STATUS","4","L:\Common2\Accounts\HARI2\SKYFAST GATE STATUS\8.Aug-25"
"DEC-25","SKYFAST GATE STATUS","4","L:\Common2\Accounts\HARI2\SKYFAST GATE STATUS\DEC-25"
"Review Meetings wrokings","SKYFAST GATE STATUS","4","L:\Common2\Accounts\HARI2\SKYFAST GATE STATUS\Review Meetings wrokings"
"01_AP_JIPL","8.Aug-25","5","L:\Common2\Accounts\HARI2\SKYFAST GATE STATUS\8.Aug-25\01_AP_JIPL"
"02_AP_Group_Companies","8.Aug-25","5","L:\Common2\Accounts\HARI2\SKYFAST GATE STATUS\8.Aug-25\02_AP_Group_Companies"
"03_AR_JIPL","8.Aug-25","5","L:\Common2\Accounts\HARI2\SKYFAST GATE STATUS\8.Aug-25\03_AR_JIPL"
"04_Cash","8.Aug-25","5","L:\Common2\Accounts\HARI2\SKYFAST GATE STATUS\8.Aug-25\04_Cash"
"05_General_Accounts (All Companies)","8.Aug-25","5","L:\Common2\Accounts\HARI2\SKYFAST GATE STATUS\8.Aug-25\05_General_Accounts (All Companies)"
"01_Minutes_of_Meeting","01_AP_JIPL","6","L:\Common2\Accounts\HARI2\SKYFAST GATE STATUS\8.Aug-25\01_AP_JIPL\01_Minutes_of_Meeting"
"02_Vinod","01_AP_JIPL","6","L:\Common2\Accounts\HARI2\SKYFAST GATE STATUS\8.Aug-25\01_AP_JIPL\02_Vinod"
"03_Rani","01_AP_JIPL","6","L:\Common2\Accounts\HARI2\SKYFAST GATE STATUS\8.Aug-25\01_AP_JIPL\03_Rani"
"04_Gokul","01_AP_JIPL","6","L:\Common2\Accounts\HARI2\SKYFAST GATE STATUS\8.Aug-25\01_AP_JIPL\04_Gokul"
"05_Rahulraja","01_AP_JIPL","6","L:\Common2\Accounts\HARI2\SKYFAST GATE STATUS\8.Aug-25\01_AP_JIPL\05_Rahulraja"
"06_Venukumar","01_AP_JIPL","6","L:\Common2\Accounts\HARI2\SKYFAST GATE STATUS\8.Aug-25\01_AP_JIPL\06_Venukumar"
"07_MIS","01_AP_JIPL","6","L:\Common2\Accounts\HARI2\SKYFAST GATE STATUS\8.Aug-25\01_AP_JIPL\07_MIS"
"01_Minutes_of_Meeting","02_AP_Group_Companies","6","L:\Common2\Accounts\HARI2\SKYFAST GATE STATUS\8.Aug-25\02_AP_Group_Companies\01_Minutes_of_Meeting"
"02_Skyfast_Govindaraj","02_AP_Group_Companies","6","L:\Common2\Accounts\HARI2\SKYFAST GATE STATUS\8.Aug-25\02_AP_Group_Companies\02_Skyfast_Govindaraj"
"03_JIAPL_Hariprasath","02_AP_Group_Companies","6","L:\Common2\Accounts\HARI2\SKYFAST GATE STATUS\8.Aug-25\02_AP_Group_Companies\03_JIAPL_Hariprasath"
"04_JIAPL_Buvanesh Kumar","02_AP_Group_Companies","6","L:\Common2\Accounts\HARI2\SKYFAST GATE STATUS\8.Aug-25\02_AP_Group_Companies\04_JIAPL_Buvanesh Kumar"
"05_Polymers_Hariprasath","02_AP_Group_Companies","6","L:\Common2\Accounts\HARI2\SKYFAST GATE STATUS\8.Aug-25\02_AP_Group_Companies\05_Polymers_Hariprasath"
"01_KPI_Skyfast_Govindaraj","02_Skyfast_Govindaraj","7","L:\Common2\Accounts\HARI2\SKYFAST GATE STATUS\8.Aug-25\02_AP_Group_Companies\02_Skyfast_Govindaraj\01_KPI_Skyfast_Govindaraj"
"02_MIS_Skyfast_Govindaraj","02_Skyfast_Govindaraj","7","L:\Common2\Accounts\HARI2\SKYFAST GATE STATUS\8.Aug-25\02_AP_Group_Companies\02_Skyfast_Govindaraj\02_MIS_Skyfast_Govindaraj"
"01_KPI_JIAPL_Hariprasath","03_JIAPL_Hariprasath","7","L:\Common2\Accounts\HARI2\SKYFAST GATE STATUS\8.Aug-25\02_AP_Group_Companies\03_JIAPL_Hariprasath\01_KPI_JIAPL_Hariprasath"
"02_MIS_JIAPL_Hariprasath","03_JIAPL_Hariprasath","7","L:\Common2\Accounts\HARI2\SKYFAST GATE STATUS\8.Aug-25\02_AP_Group_Companies\03_JIAPL_Hariprasath\02_MIS_JIAPL_Hariprasath"
"01_KPI_JIAPL_Buvanesh Kumar","04_JIAPL_Buvanesh Kumar","7","L:\Common2\Accounts\HARI2\SKYFAST GATE STATUS\8.Aug-25\02_AP_Group_Companies\04_JIAPL_Buvanesh Kumar\01_KPI_JIAPL_Buvanesh Kumar"
"02_MIS_JIAPL_Buvanesh Kumar","04_JIAPL_Buvanesh Kumar","7","L:\Common2\Accounts\HARI2\SKYFAST GATE STATUS\8.Aug-25\02_AP_Group_Companies\04_JIAPL_Buvanesh Kumar\02_MIS_JIAPL_Buvanesh Kumar"
"02_MIS_Polymers_Hariprasath","05_Polymers_Hariprasath","7","L:\Common2\Accounts\HARI2\SKYFAST GATE STATUS\8.Aug-25\02_AP_Group_Companies\05_Polymers_Hariprasath\02_MIS_Polymers_Hariprasath"
"01_Minutes_of_Meeting","03_AR_JIPL","6","L:\Common2\Accounts\HARI2\SKYFAST GATE STATUS\8.Aug-25\03_AR_JIPL\01_Minutes_of_Meeting"
"02_Bhuvaneshwaran","03_AR_JIPL","6","L:\Common2\Accounts\HARI2\SKYFAST GATE STATUS\8.Aug-25\03_AR_JIPL\02_Bhuvaneshwaran"
"03_MIS","03_AR_JIPL","6","L:\Common2\Accounts\HARI2\SKYFAST GATE STATUS\8.Aug-25\03_AR_JIPL\03_MIS"
"01_Minutes_of_Meeting","04_Cash","6","L:\Common2\Accounts\HARI2\SKYFAST GATE STATUS\8.Aug-25\04_Cash\01_Minutes_of_Meeting"
"01_Minutes_of_Meeting","05_General_Accounts (All Companies)","6","L:\Common2\Accounts\HARI2\SKYFAST GATE STATUS\8.Aug-25\05_General_Accounts (All Companies)\01_Minutes_of_Meeting"
"03_Marimuthu","05_General_Accounts (All Companies)","6","L:\Common2\Accounts\HARI2\SKYFAST GATE STATUS\8.Aug-25\05_General_Accounts (All Companies)\03_Marimuthu"
"07_Samyugktha","05_General_Accounts (All Companies)","6","L:\Common2\Accounts\HARI2\SKYFAST GATE STATUS\8.Aug-25\05_General_Accounts (All Companies)\07_Samyugktha"
"08_MIS","05_General_Accounts (All Companies)","6","L:\Common2\Accounts\HARI2\SKYFAST GATE STATUS\8.Aug-25\05_General_Accounts (All Companies)\08_MIS"
"9.Sep-25","Review Meetings wrokings","5","L:\Common2\Accounts\HARI2\SKYFAST GATE STATUS\Review Meetings wrokings\9.Sep-25"
"01_AP_JIPL","9.Sep-25","6","L:\Common2\Accounts\HARI2\SKYFAST GATE STATUS\Review Meetings wrokings\9.Sep-25\01_AP_JIPL"
"02_AP_Group_Companies","9.Sep-25","6","L:\Common2\Accounts\HARI2\SKYFAST GATE STATUS\Review Meetings wrokings\9.Sep-25\02_AP_Group_Companies"
"03_AR_JIPL","9.Sep-25","6","L:\Common2\Accounts\HARI2\SKYFAST GATE STATUS\Review Meetings wrokings\9.Sep-25\03_AR_JIPL"
"05_General_Accounts (All Companies)","9.Sep-25","6","L:\Common2\Accounts\HARI2\SKYFAST GATE STATUS\Review Meetings wrokings\9.Sep-25\05_General_Accounts (All Companies)"
"8.Aug-25","9.Sep-25","6","L:\Common2\Accounts\HARI2\SKYFAST GATE STATUS\Review Meetings wrokings\9.Sep-25\8.Aug-25"
"01_Minutes_of_Meeting","01_AP_JIPL","7","L:\Common2\Accounts\HARI2\SKYFAST GATE STATUS\Review Meetings wrokings\9.Sep-25\01_AP_JIPL\01_Minutes_of_Meeting"
"02_Vinod","01_AP_JIPL","7","L:\Common2\Accounts\HARI2\SKYFAST GATE STATUS\Review Meetings wrokings\9.Sep-25\01_AP_JIPL\02_Vinod"
"03_Rani","01_AP_JIPL","7","L:\Common2\Accounts\HARI2\SKYFAST GATE STATUS\Review Meetings wrokings\9.Sep-25\01_AP_JIPL\03_Rani"
"04_Gokul","01_AP_JIPL","7","L:\Common2\Accounts\HARI2\SKYFAST GATE STATUS\Review Meetings wrokings\9.Sep-25\01_AP_JIPL\04_Gokul"
"05_Rahulraja","01_AP_JIPL","7","L:\Common2\Accounts\HARI2\SKYFAST GATE STATUS\Review Meetings wrokings\9.Sep-25\01_AP_JIPL\05_Rahulraja"
"06_Venukumar","01_AP_JIPL","7","L:\Common2\Accounts\HARI2\SKYFAST GATE STATUS\Review Meetings wrokings\9.Sep-25\01_AP_JIPL\06_Venukumar"
"07_MIS","01_AP_JIPL","7","L:\Common2\Accounts\HARI2\SKYFAST GATE STATUS\Review Meetings wrokings\9.Sep-25\01_AP_JIPL\07_MIS"
"01_Minutes_of_Meeting","02_AP_Group_Companies","7","L:\Common2\Accounts\HARI2\SKYFAST GATE STATUS\Review Meetings wrokings\9.Sep-25\02_AP_Group_Companies\01_Minutes_of_Meeting"
"02_Skyfast_Hariprasath_S","02_AP_Group_Companies","7","L:\Common2\Accounts\HARI2\SKYFAST GATE STATUS\Review Meetings wrokings\9.Sep-25\02_AP_Group_Companies\02_Skyfast_Hariprasath_S"
"03_JIAPL_Hariprasath","02_AP_Group_Companies","7","L:\Common2\Accounts\HARI2\SKYFAST GATE STATUS\Review Meetings wrokings\9.Sep-25\02_AP_Group_Companies\03_JIAPL_Hariprasath"
"04_JIAPL_Buvanesh Kumar","02_AP_Group_Companies","7","L:\Common2\Accounts\HARI2\SKYFAST GATE STATUS\Review Meetings wrokings\9.Sep-25\02_AP_Group_Companies\04_JIAPL_Buvanesh Kumar"
"05_Polymers_Hariprasath_N","02_AP_Group_Companies","7","L:\Common2\Accounts\HARI2\SKYFAST GATE STATUS\Review Meetings wrokings\9.Sep-25\02_AP_Group_Companies\05_Polymers_Hariprasath_N"
"01_KPI_Skyfast_Hariprasath","02_Skyfast_Hariprasath_S","8","L:\Common2\Accounts\HARI2\SKYFAST GATE STATUS\Review Meetings wrokings\9.Sep-25\02_AP_Group_Companies\02_Skyfast_Hariprasath_S\01_KPI_Skyfast_Hariprasath"
"01_KPI_JIAPL_Hariprasath","03_JIAPL_Hariprasath","8","L:\Common2\Accounts\HARI2\SKYFAST GATE STATUS\Review Meetings wrokings\9.Sep-25\02_AP_Group_Companies\03_JIAPL_Hariprasath\01_KPI_JIAPL_Hariprasath"
"02_MIS_JIAPL_Hariprasath","03_JIAPL_Hariprasath","8","L:\Common2\Accounts\HARI2\SKYFAST GATE STATUS\Review Meetings wrokings\9.Sep-25\02_AP_Group_Companies\03_JIAPL_Hariprasath\02_MIS_JIAPL_Hariprasath"
"01_KPI_JIAPL_Buvanesh Kumar","04_JIAPL_Buvanesh Kumar","8","L:\Common2\Accounts\HARI2\SKYFAST GATE STATUS\Review Meetings wrokings\9.Sep-25\02_AP_Group_Companies\04_JIAPL_Buvanesh Kumar\01_KPI_JIAPL_Buvanesh Kumar"
"02_MIS_JIAPL_Buvanesh Kumar","04_JIAPL_Buvanesh Kumar","8","L:\Common2\Accounts\HARI2\SKYFAST GATE STATUS\Review Meetings wrokings\9.Sep-25\02_AP_Group_Companies\04_JIAPL_Buvanesh Kumar\02_MIS_JIAPL_Buvanesh Kumar"
"02_MIS_Polymers_Hariprasath_N","05_Polymers_Hariprasath_N","8","L:\Common2\Accounts\HARI2\SKYFAST GATE STATUS\Review Meetings wrokings\9.Sep-25\02_AP_Group_Companies\05_Polymers_Hariprasath_N\02_MIS_Polymers_Hariprasath_N"
"01_Minutes_of_Meeting","03_AR_JIPL","7","L:\Common2\Accounts\HARI2\SKYFAST GATE STATUS\Review Meetings wrokings\9.Sep-25\03_AR_JIPL\01_Minutes_of_Meeting"
"02_Bhuvaneshwaran","03_AR_JIPL","7","L:\Common2\Accounts\HARI2\SKYFAST GATE STATUS\Review Meetings wrokings\9.Sep-25\03_AR_JIPL\02_Bhuvaneshwaran"
"03_MIS","03_AR_JIPL","7","L:\Common2\Accounts\HARI2\SKYFAST GATE STATUS\Review Meetings wrokings\9.Sep-25\03_AR_JIPL\03_MIS"
"01_Minutes_of_Meeting","05_General_Accounts (All Companies)","7","L:\Common2\Accounts\HARI2\SKYFAST GATE STATUS\Review Meetings wrokings\9.Sep-25\05_General_Accounts (All Companies)\01_Minutes_of_Meeting"
"03_Marimuthu","05_General_Accounts (All Companies)","7","L:\Common2\Accounts\HARI2\SKYFAST GATE STATUS\Review Meetings wrokings\9.Sep-25\05_General_Accounts (All Companies)\03_Marimuthu"
"07_Samyugktha","05_General_Accounts (All Companies)","7","L:\Common2\Accounts\HARI2\SKYFAST GATE STATUS\Review Meetings wrokings\9.Sep-25\05_General_Accounts (All Companies)\07_Samyugktha"
"08_MIS","05_General_Accounts (All Companies)","7","L:\Common2\Accounts\HARI2\SKYFAST GATE STATUS\Review Meetings wrokings\9.Sep-25\05_General_Accounts (All Companies)\08_MIS"
"01_AP_JIPL","8.Aug-25","7","L:\Common2\Accounts\HARI2\SKYFAST GATE STATUS\Review Meetings wrokings\9.Sep-25\8.Aug-25\01_AP_JIPL"
"01_Minutes_of_Meeting","01_AP_JIPL","8","L:\Common2\Accounts\HARI2\SKYFAST GATE STATUS\Review Meetings wrokings\9.Sep-25\8.Aug-25\01_AP_JIPL\01_Minutes_of_Meeting"
"02_Vinod","01_AP_JIPL","8","L:\Common2\Accounts\HARI2\SKYFAST GATE STATUS\Review Meetings wrokings\9.Sep-25\8.Aug-25\01_AP_JIPL\02_Vinod"
"03_Rani","01_AP_JIPL","8","L:\Common2\Accounts\HARI2\SKYFAST GATE STATUS\Review Meetings wrokings\9.Sep-25\8.Aug-25\01_AP_JIPL\03_Rani"
"04_Gokul","01_AP_JIPL","8","L:\Common2\Accounts\HARI2\SKYFAST GATE STATUS\Review Meetings wrokings\9.Sep-25\8.Aug-25\01_AP_JIPL\04_Gokul"
"05_Rahulraja","01_AP_JIPL","8","L:\Common2\Accounts\HARI2\SKYFAST GATE STATUS\Review Meetings wrokings\9.Sep-25\8.Aug-25\01_AP_JIPL\05_Rahulraja"
"06_Venukumar","01_AP_JIPL","8","L:\Common2\Accounts\HARI2\SKYFAST GATE STATUS\Review Meetings wrokings\9.Sep-25\8.Aug-25\01_AP_JIPL\06_Venukumar"
"Q1","TDS CERTIFICATE - JIPL - 25-26","3","L:\Common2\Accounts\TDS CERTIFICATE - JIPL - 25-26\Q1"
"Q2","TDS CERTIFICATE - JIPL - 25-26","3","L:\Common2\Accounts\TDS CERTIFICATE - JIPL - 25-26\Q2"
"Q3","TDS CERTIFICATE - JIPL - 25-26","3","L:\Common2\Accounts\TDS CERTIFICATE - JIPL - 25-26\Q3"
"02-12-2025","Application","2","L:\Common2\Application\02-12-2025"
"1","Application","2","L:\Common2\Application\1"
"1. PERFORMANCE REVIEW","Application","2","L:\Common2\Application\1. PERFORMANCE REVIEW"
"14-01-2026-Flow meter assy","Application","2","L:\Common2\Application\14-01-2026-Flow meter assy"
"18-11-25","Application","2","L:\Common2\Application\18-11-25"
"5S","Application","2","L:\Common2\Application\5S"
"acmee","Application","2","L:\Common2\Application\acmee"
"ai work","Application","2","L:\Common2\Application\ai work"
"APPLICATION","Application","2","L:\Common2\Application\APPLICATION"
"Application website_Photos","Application","2","L:\Common2\Application\Application website_Photos"
"ASHIK","Application","2","L:\Common2\Application\ASHIK"
"balaji","Application","2","L:\Common2\Application\balaji"
"BPCL","Application","2","L:\Common2\Application\BPCL"
"BRANDING_iso_Final","Application","2","L:\Common2\Application\BRANDING_iso_Final"
"CDAC files","Application","2","L:\Common2\Application\CDAC files"
"COBOT","Application","2","L:\Common2\Application\COBOT"
"DCA","Application","2","L:\Common2\Application\DCA"
"DEEPAK","Application","2","L:\Common2\Application\DEEPAK"
"DHILIP","Application","2","L:\Common2\Application\DHILIP"
"Didactic business vertical","Application","2","L:\Common2\Application\Didactic business vertical"
"Dinesh","Application","2","L:\Common2\Application\Dinesh"
"DM to IT","Application","2","L:\Common2\Application\DM to IT"
"ESP VISIT 28 Aug 2025","Application","2","L:\Common2\Application\ESP VISIT 28 Aug 2025"
"Excel craft","Application","2","L:\Common2\Application\Excel craft"
"Exhibition","Application","2","L:\Common2\Application\Exhibition"
"Global","Application","2","L:\Common2\Application\Global"
"Gowtham (Consoildated Project Report)","Application","2","L:\Common2\Application\Gowtham (Consoildated Project Report)"
"Guide unit cost","Application","2","L:\Common2\Application\Guide unit cost"
"HOMAG","Application","2","L:\Common2\Application\HOMAG"
"Hydraulics","Application","2","L:\Common2\Application\Hydraulics"
"I06 - Store","Application","2","L:\Common2\Application\I06 - Store"
"I26 PO","Application","2","L:\Common2\Application\I26 PO"
"IIoT_Temp","Application","2","L:\Common2\Application\IIoT_Temp"
"Industrial Solutions","Application","2","L:\Common2\Application\Industrial Solutions"
"Janatics only","Application","2","L:\Common2\Application\Janatics only"
"Joe Robin -Shut Off Valve","Application","2","L:\Common2\Application\Joe Robin -Shut Off Valve"
"JP","Application","2","L:\Common2\Application\JP"
"kannan","Application","2","L:\Common2\Application\kannan"
"Kathiresan (Consolidated project report)","Application","2","L:\Common2\Application\Kathiresan (Consolidated project report)"
"KITA","Application","2","L:\Common2\Application\KITA"
"Knowledge Sharing","Application","2","L:\Common2\Application\Knowledge Sharing"
"Machine shop IA May 2026","Application","2","L:\Common2\Application\Machine shop IA May 2026"
"MOC","Application","2","L:\Common2\Application\MOC"
"MRMD - C50545","Application","2","L:\Common2\Application\MRMD - C50545"
"New folder","Application","2","L:\Common2\Application\New folder"
"nithish","Application","2","L:\Common2\Application\nithish"
"OEE","Application","2","L:\Common2\Application\OEE"
"PPR","Application","2","L:\Common2\Application\PPR"
"PPR_ Windchill","Application","2","L:\Common2\Application\PPR_ Windchill"
"PRABHAKARAN","Application","2","L:\Common2\Application\PRABHAKARAN"
"Prakash","Application","2","L:\Common2\Application\Prakash"
"Promotional Products","Application","2","L:\Common2\Application\Promotional Products"
"Qubicampff","Application","2","L:\Common2\Application\Qubicampff"
"REPORT","Application","2","L:\Common2\Application\REPORT"
"Robotics","Application","2","L:\Common2\Application\Robotics"
"Rovin","Application","2","L:\Common2\Application\Rovin"
"SECOND AUDIT QMS-25-26","Application","2","L:\Common2\Application\SECOND AUDIT QMS-25-26"
"Servo Images","Application","2","L:\Common2\Application\Servo Images"
"Training","Application","2","L:\Common2\Application\Training"
"V2K","Application","2","L:\Common2\Application\V2K"
"V2K Initiative","Application","2","L:\Common2\Application\V2K Initiative"
"Vacuum Application video","Application","2","L:\Common2\Application\Vacuum Application video"
"VMAL","Application","2","L:\Common2\Application\VMAL"
"website images","Application","2","L:\Common2\Application\website images"
"Wizards","Application","2","L:\Common2\Application\Wizards"
"Word Tables","Application","2","L:\Common2\Application\Word Tables"
"CONTROL PANEL","1. PERFORMANCE REVIEW","3","L:\Common2\Application\1. PERFORMANCE REVIEW\CONTROL PANEL"
"Controls","1. PERFORMANCE REVIEW","3","L:\Common2\Application\1. PERFORMANCE REVIEW\Controls"
"DCA","1. PERFORMANCE REVIEW","3","L:\Common2\Application\1. PERFORMANCE REVIEW\DCA"
"Development","1. PERFORMANCE REVIEW","3","L:\Common2\Application\1. PERFORMANCE REVIEW\Development"
"Didatics","1. PERFORMANCE REVIEW","3","L:\Common2\Application\1. PERFORMANCE REVIEW\Didatics"
"Electrical","1. PERFORMANCE REVIEW","3","L:\Common2\Application\1. PERFORMANCE REVIEW\Electrical"
"IIoT","1. PERFORMANCE REVIEW","3","L:\Common2\Application\1. PERFORMANCE REVIEW\IIoT"
"Promotional Products","1. PERFORMANCE REVIEW","3","L:\Common2\Application\1. PERFORMANCE REVIEW\Promotional Products"
"TRAINING CONTENT DEVELOPMENT","1. PERFORMANCE REVIEW","3","L:\Common2\Application\1. PERFORMANCE REVIEW\TRAINING CONTENT DEVELOPMENT"
"New Joinee OEE","Controls","4","L:\Common2\Application\1. PERFORMANCE REVIEW\Controls\New Joinee OEE"
"DHINAKAR_4771_OEE","New Joinee OEE","5","L:\Common2\Application\1. PERFORMANCE REVIEW\Controls\New Joinee OEE\DHINAKAR_4771_OEE"
"SANJEEV_4772_OEE","New Joinee OEE","5","L:\Common2\Application\1. PERFORMANCE REVIEW\Controls\New Joinee OEE\SANJEEV_4772_OEE"
"VIMALKUMAR_1395_OEE","New Joinee OEE","5","L:\Common2\Application\1. PERFORMANCE REVIEW\Controls\New Joinee OEE\VIMALKUMAR_1395_OEE"
"10.1_1305_DHINESH KUMAR V","Development","4","L:\Common2\Application\1. PERFORMANCE REVIEW\Development\10.1_1305_DHINESH KUMAR V"
"10.2_1284_POOVARASAN S","Development","4","L:\Common2\Application\1. PERFORMANCE REVIEW\Development\10.2_1284_POOVARASAN S"
"10.4_1386_NETHAJI G","Development","4","L:\Common2\Application\1. PERFORMANCE REVIEW\Development\10.4_1386_NETHAJI G"
"10.5 1175_HARIPRASATH","Development","4","L:\Common2\Application\1. PERFORMANCE REVIEW\Development\10.5 1175_HARIPRASATH"
"10.6 20319_DEEPAK KUMAR","Development","4","L:\Common2\Application\1. PERFORMANCE REVIEW\Development\10.6 20319_DEEPAK KUMAR"
"OBSOLETE","10.1_1305_DHINESH KUMAR V","5","L:\Common2\Application\1. PERFORMANCE REVIEW\Development\10.1_1305_DHINESH KUMAR V\OBSOLETE"
"OLD","10.2_1284_POOVARASAN S","5","L:\Common2\Application\1. PERFORMANCE REVIEW\Development\10.2_1284_POOVARASAN S\OLD"
"Obsolete","10.4_1386_NETHAJI G","5","L:\Common2\Application\1. PERFORMANCE REVIEW\Development\10.4_1386_NETHAJI G\Obsolete"
"1136_Gokul","Didatics","4","L:\Common2\Application\1. PERFORMANCE REVIEW\Didatics\1136_Gokul"
"1179","Didatics","4","L:\Common2\Application\1. PERFORMANCE REVIEW\Didatics\1179"
"1274","Didatics","4","L:\Common2\Application\1. PERFORMANCE REVIEW\Didatics\1274"
"1303-Goghul","Didatics","4","L:\Common2\Application\1. PERFORMANCE REVIEW\Didatics\1303-Goghul"
"1332_Selvaraj","Didatics","4","L:\Common2\Application\1. PERFORMANCE REVIEW\Didatics\1332_Selvaraj"
"1336_SATHEESH KUMAR G","Didatics","4","L:\Common2\Application\1. PERFORMANCE REVIEW\Didatics\1336_SATHEESH KUMAR G"
"1388-  Vignesh N","Didatics","4","L:\Common2\Application\1. PERFORMANCE REVIEW\Didatics\1388-  Vignesh N"
"4625_DHARANEEDHARANSS","Didatics","4","L:\Common2\Application\1. PERFORMANCE REVIEW\Didatics\4625_DHARANEEDHARANSS"
"Obsolete","5S","3","L:\Common2\Application\5S\Obsolete"
"BFW Visit_11.03.2026","APPLICATION","3","L:\Common2\Application\APPLICATION\BFW Visit_11.03.2026"
"Instruction slip- Annai printers","APPLICATION","3","L:\Common2\Application\APPLICATION\Instruction slip- Annai printers"
"Control panel","Application website_Photos","3","L:\Common2\Application\Application website_Photos\Control panel"
"Handling systems","Application website_Photos","3","L:\Common2\Application\Application website_Photos\Handling systems"
"Value added products","Application website_Photos","3","L:\Common2\Application\Application website_Photos\Value added products"
"DUCO","COBOT","3","L:\Common2\Application\COBOT\DUCO"
"DUCO LITERATURE AND LEARNING RESORUCES","DUCO","4","L:\Common2\Application\COBOT\DUCO\DUCO LITERATURE AND LEARNING RESORUCES"
"Application","DUCO LITERATURE AND LEARNING RESORUCES","5","L:\Common2\Application\COBOT\DUCO\DUCO LITERATURE AND LEARNING RESORUCES\Application"
"DUCO COBOT Train PPT -20240826T022810Z-001","Application","6","L:\Common2\Application\COBOT\DUCO\DUCO LITERATURE AND LEARNING RESORUCES\Application\DUCO COBOT Train PPT -20240826T022810Z-001"
"DUCO COBOT Train PPT_","DUCO COBOT Train PPT -20240826T022810Z-001","7","L:\Common2\Application\COBOT\DUCO\DUCO LITERATURE AND LEARNING RESORUCES\Application\DUCO COBOT Train PPT -20240826T022810Z-001\DUCO COBOT Train PPT_"
"10.04.26","DCA","3","L:\Common2\Application\DCA\10.04.26"
"DESIGN ITERATION 1","DCA","3","L:\Common2\Application\DCA\DESIGN ITERATION 1"
"HMI_global","DHILIP","3","L:\Common2\Application\DHILIP\HMI_global"
"Review","DHILIP","3","L:\Common2\Application\DHILIP\Review"
"dictionary","HMI_global","4","L:\Common2\Application\DHILIP\HMI_global\dictionary"
"web","HMI_global","4","L:\Common2\Application\DHILIP\HMI_global\web"
"public","web","5","L:\Common2\Application\DHILIP\HMI_global\web\public"
"web","web","5","L:\Common2\Application\DHILIP\HMI_global\web\web"
"images","public","6","L:\Common2\Application\DHILIP\HMI_global\web\public\images"
"css","web","6","L:\Common2\Application\DHILIP\HMI_global\web\web\css"
"images","web","6","L:\Common2\Application\DHILIP\HMI_global\web\web\images"
"jqm","css","7","L:\Common2\Application\DHILIP\HMI_global\web\web\css\jqm"
"images","jqm","8","L:\Common2\Application\DHILIP\HMI_global\web\web\css\jqm\images"
"icons-png","images","9","L:\Common2\Application\DHILIP\HMI_global\web\web\css\jqm\images\icons-png"
"Review Reference","Review","4","L:\Common2\Application\DHILIP\Review\Review Reference"
"Drives","Didactic business vertical","3","L:\Common2\Application\Didactic business vertical\Drives"
"New folder","Dinesh","3","L:\Common2\Application\Dinesh\New folder"
"osp","Dinesh","3","L:\Common2\Application\Dinesh\osp"
"OSP List As On 07-05-26_files","Dinesh","3","L:\Common2\Application\Dinesh\OSP List As On 07-05-26_files"
"Images","DM to IT","3","L:\Common2\Application\DM to IT\Images"
"JASC 2025","DM to IT","3","L:\Common2\Application\DM to IT\JASC 2025"
"DIY","Images","4","L:\Common2\Application\DM to IT\Images\DIY"
"Hydraulic","Images","4","L:\Common2\Application\DM to IT\Images\Hydraulic"
"iiot","Images","4","L:\Common2\Application\DM to IT\Images\iiot"
"mms","Images","4","L:\Common2\Application\DM to IT\Images\mms"
"MMS4.0","Images","4","L:\Common2\Application\DM to IT\Images\MMS4.0"
"PLC","Images","4","L:\Common2\Application\DM to IT\Images\PLC"
"Pneumatic","Images","4","L:\Common2\Application\DM to IT\Images\Pneumatic"
"sENSOR","Images","4","L:\Common2\Application\DM to IT\Images\sENSOR"
"Vacuum","Images","4","L:\Common2\Application\DM to IT\Images\Vacuum"
"Finals Photo","JASC 2025","4","L:\Common2\Application\DM to IT\JASC 2025\Finals Photo"
"Finals","Finals Photo","5","L:\Common2\Application\DM to IT\JASC 2025\Finals Photo\Finals"
"EXPO RELATED FOR MANIKANDAN","Exhibition","3","L:\Common2\Application\Exhibition\EXPO RELATED FOR MANIKANDAN"
"INTEC-2026","Exhibition","3","L:\Common2\Application\Exhibition\INTEC-2026"
"Promotional Products","Exhibition","3","L:\Common2\Application\Exhibition\Promotional Products"
"Display poster","Promotional Products","4","L:\Common2\Application\Exhibition\Promotional Products\Display poster"
"REF","Display poster","5","L:\Common2\Application\Exhibition\Promotional Products\Display poster\REF"
"SFDC form","Global","3","L:\Common2\Application\Global\SFDC form"
"wizard","Global","3","L:\Common2\Application\Global\wizard"
"Pictures_SFDC form","SFDC form","4","L:\Common2\Application\Global\SFDC form\Pictures_SFDC form"
"Tip head valve","HOMAG","3","L:\Common2\Application\HOMAG\Tip head valve"
"Hydraulic power pack 10L","Hydraulics","3","L:\Common2\Application\Hydraulics\Hydraulic power pack 10L"
"Hydraulic Servo cylinder","Hydraulics","3","L:\Common2\Application\Hydraulics\Hydraulic Servo cylinder"
"NPD Team 7","Hydraulics","3","L:\Common2\Application\Hydraulics\NPD Team 7"
"NTPC cyl Image","Hydraulics","3","L:\Common2\Application\Hydraulics\NTPC cyl Image"
"Full assy","Hydraulic Servo cylinder","4","L:\Common2\Application\Hydraulics\Hydraulic Servo cylinder\Full assy"
"1. CDAC","Industrial Solutions","3","L:\Common2\Application\Industrial Solutions\1. CDAC"
"10,14,18mm CVT1  + 1_2 FRL","JP","3","L:\Common2\Application\JP\10,14,18mm CVT1  + 1_2 FRL"
"10mm CVT1  + 1_4 FRL","JP","3","L:\Common2\Application\JP\10mm CVT1  + 1_4 FRL"
"E54004","JP","3","L:\Common2\Application\JP\E54004"
"CDAC Tender","kannan","3","L:\Common2\Application\kannan\CDAC Tender"
"connectors","kannan","3","L:\Common2\Application\kannan\connectors"
"Vertical With Linear motion-1","kannan","3","L:\Common2\Application\kannan\Vertical With Linear motion-1"
"Vertical With Linear motion-4","kannan","3","L:\Common2\Application\kannan\Vertical With Linear motion-4"
"Images","CDAC Tender","4","L:\Common2\Application\kannan\CDAC Tender\Images"
"Scanned copy","CDAC Tender","4","L:\Common2\Application\kannan\CDAC Tender\Scanned copy"
"CYCLE 1","Knowledge Sharing","3","L:\Common2\Application\Knowledge Sharing\CYCLE 1"
"1132_V KATHIRVEL - 14.02.2026","CYCLE 1","4","L:\Common2\Application\Knowledge Sharing\CYCLE 1\1132_V KATHIRVEL - 14.02.2026"
"1136_GOKULAKRISHNAN S MAS 27-12-2025","CYCLE 1","4","L:\Common2\Application\Knowledge Sharing\CYCLE 1\1136_GOKULAKRISHNAN S MAS 27-12-2025"
"1179_HARESHWAR KARTHIK J - 21-02-2026","CYCLE 1","4","L:\Common2\Application\Knowledge Sharing\CYCLE 1\1179_HARESHWAR KARTHIK J - 21-02-2026"
"1306_Rovin M_21-03-2026","CYCLE 1","4","L:\Common2\Application\Knowledge Sharing\CYCLE 1\1306_Rovin M_21-03-2026"
"1309_Vignesh A 24.01.2026","CYCLE 1","4","L:\Common2\Application\Knowledge Sharing\CYCLE 1\1309_Vignesh A 24.01.2026"
"1332_SELVARAJ L Aluminium Extrusion Slide with T slot 03-01-2026","CYCLE 1","4","L:\Common2\Application\Knowledge Sharing\CYCLE 1\1332_SELVARAJ L Aluminium Extrusion Slide with T slot 03-01-2026"
"1388_VIGNESH N","CYCLE 1","4","L:\Common2\Application\Knowledge Sharing\CYCLE 1\1388_VIGNESH N"
"1400_Berlin Raja-14-03-26","CYCLE 1","4","L:\Common2\Application\Knowledge Sharing\CYCLE 1\1400_Berlin Raja-14-03-26"
"20181_Ruban A 31-01-2026","CYCLE 1","4","L:\Common2\Application\Knowledge Sharing\CYCLE 1\20181_Ruban A 31-01-2026"
"4586 P.RAMAKRISHNAN 20-12-2025","CYCLE 1","4","L:\Common2\Application\Knowledge Sharing\CYCLE 1\4586 P.RAMAKRISHNAN 20-12-2025"
"4625_DHARANEEDHARAN S SSTEM 05_12_2025","CYCLE 1","4","L:\Common2\Application\Knowledge Sharing\CYCLE 1\4625_DHARANEEDHARAN S SSTEM 05_12_2025"
"4626_DEVAPRASATH_K","CYCLE 1","4","L:\Common2\Application\Knowledge Sharing\CYCLE 1\4626_DEVAPRASATH_K"
"83281_Srivignesh k_11-04-2026","CYCLE 1","4","L:\Common2\Application\Knowledge Sharing\CYCLE 1\83281_Srivignesh k_11-04-2026"
"corrected drawings and TBCR reference","PPR","3","L:\Common2\Application\PPR\corrected drawings and TBCR reference"
"Diaphragm Assembly MFR","PPR","3","L:\Common2\Application\PPR\Diaphragm Assembly MFR"
"Drawings & MFR","PPR","3","L:\Common2\Application\PPR\Drawings & MFR"
"IED","PPR","3","L:\Common2\Application\PPR\IED"
"Mechanical Sub assy PPR","PPR","3","L:\Common2\Application\PPR\Mechanical Sub assy PPR"
"New folder","PPR","3","L:\Common2\Application\PPR\New folder"
"POSITION","PPR","3","L:\Common2\Application\PPR\POSITION"
"Product assembly","PPR","3","L:\Common2\Application\PPR\Product assembly"
"Target Costing","PPR","3","L:\Common2\Application\PPR\Target Costing"
"Diaphragm Assembly MFR","Drawings & MFR","4","L:\Common2\Application\PPR\Drawings & MFR\Diaphragm Assembly MFR"
"Mechanical Sub assy PPR","Drawings & MFR","4","L:\Common2\Application\PPR\Drawings & MFR\Mechanical Sub assy PPR"
"Product assembly","Drawings & MFR","4","L:\Common2\Application\PPR\Drawings & MFR\Product assembly"
"bottom cover","PPR_ Windchill","3","L:\Common2\Application\PPR_ Windchill\bottom cover"
"Diaphragm assembly","PPR_ Windchill","3","L:\Common2\Application\PPR_ Windchill\Diaphragm assembly"
"housing","PPR_ Windchill","3","L:\Common2\Application\PPR_ Windchill\housing"
"middle housing","PPR_ Windchill","3","L:\Common2\Application\PPR_ Windchill\middle housing"
"pilot chamber","PPR_ Windchill","3","L:\Common2\Application\PPR_ Windchill\pilot chamber"
"IMG20250926142253.jpg","Robotics","3","L:\Common2\Application\Robotics\IMG20250926142253.jpg"
"2026_C40394_Garments Welding Working Model","Rovin","3","L:\Common2\Application\Rovin\2026_C40394_Garments Welding Working Model"
"1. Initial","2026_C40394_Garments Welding Working Model","4","L:\Common2\Application\Rovin\2026_C40394_Garments Welding Working Model\1. Initial"
"2. Planning","2026_C40394_Garments Welding Working Model","4","L:\Common2\Application\Rovin\2026_C40394_Garments Welding Working Model\2. Planning"
"3. Execution","2026_C40394_Garments Welding Working Model","4","L:\Common2\Application\Rovin\2026_C40394_Garments Welding Working Model\3. Execution"
"4. Monitoring and Control","2026_C40394_Garments Welding Working Model","4","L:\Common2\Application\Rovin\2026_C40394_Garments Welding Working Model\4. Monitoring and Control"
"5. Closure","2026_C40394_Garments Welding Working Model","4","L:\Common2\Application\Rovin\2026_C40394_Garments Welding Working Model\5. Closure"
"6. Temp","2026_C40394_Garments Welding Working Model","4","L:\Common2\Application\Rovin\2026_C40394_Garments Welding Working Model\6. Temp"
"1. BOM","1. Initial","5","L:\Common2\Application\Rovin\2026_C40394_Garments Welding Working Model\1. Initial\1. BOM"
"2. Drawings","1. Initial","5","L:\Common2\Application\Rovin\2026_C40394_Garments Welding Working Model\1. Initial\2. Drawings"
"Shortage Followup","2. Planning","5","L:\Common2\Application\Rovin\2026_C40394_Garments Welding Working Model\2. Planning\Shortage Followup"
"Time Plan","2. Planning","5","L:\Common2\Application\Rovin\2026_C40394_Garments Welding Working Model\2. Planning\Time Plan"
"Job Card","3. Execution","5","L:\Common2\Application\Rovin\2026_C40394_Garments Welding Working Model\3. Execution\Job Card"
"Material Requisition Slip","3. Execution","5","L:\Common2\Application\Rovin\2026_C40394_Garments Welding Working Model\3. Execution\Material Requisition Slip"
"Purchase Order","3. Execution","5","L:\Common2\Application\Rovin\2026_C40394_Garments Welding Working Model\3. Execution\Purchase Order"
"Quotation","3. Execution","5","L:\Common2\Application\Rovin\2026_C40394_Garments Welding Working Model\3. Execution\Quotation"
"Corrective Actions & Preventive Actions","4. Monitoring and Control","5","L:\Common2\Application\Rovin\2026_C40394_Garments Welding Working Model\4. Monitoring and Control\Corrective Actions & Preventive Actions"
"Defects History","4. Monitoring and Control","5","L:\Common2\Application\Rovin\2026_C40394_Garments Welding Working Model\4. Monitoring and Control\Defects History"
"Sample Inspection Reports (SIR)","4. Monitoring and Control","5","L:\Common2\Application\Rovin\2026_C40394_Garments Welding Working Model\4. Monitoring and Control\Sample Inspection Reports (SIR)"
"Production Handover","5. Closure","5","L:\Common2\Application\Rovin\2026_C40394_Garments Welding Working Model\5. Closure\Production Handover"
"BB, RR, SS Process","V2K","3","L:\Common2\Application\V2K\BB, RR, SS Process"
"05-03-26","VMAL","3","L:\Common2\Application\VMAL\05-03-26"
"11-05-2026  4m cornor datas","VMAL","3","L:\Common2\Application\VMAL\11-05-2026  4m cornor datas"
"4M","VMAL","3","L:\Common2\Application\VMAL\4M"
"8d report","VMAL","3","L:\Common2\Application\VMAL\8d report"
"AS ON 01-04-26","VMAL","3","L:\Common2\Application\VMAL\AS ON 01-04-26"
"vimal","VMAL","3","L:\Common2\Application\VMAL\vimal"
"VVVVVVV","VMAL","3","L:\Common2\Application\VMAL\VVVVVVV"
"PROGRESS CARD 2024 - 2025","Wizards","3","L:\Common2\Application\Wizards\PROGRESS CARD 2024 - 2025"
".IMS Manual 2024","Automation","2","L:\Common2\Automation\.IMS Manual 2024"
"1 o clk","Automation","2","L:\Common2\Automation\1 o clk"
"ALWIN","Automation","2","L:\Common2\Automation\ALWIN"
"Customer","Automation","2","L:\Common2\Automation\Customer"
"gowtham","Automation","2","L:\Common2\Automation\gowtham"
"inw","Automation","2","L:\Common2\Automation\inw"
"Prakash","Automation","2","L:\Common2\Automation\Prakash"
"Revathi","Automation","2","L:\Common2\Automation\Revathi"
"R_M Sheet JAN","Automation","2","L:\Common2\Automation\R_M Sheet JAN"
"safety","Automation","2","L:\Common2\Automation\safety"
"Yuva","Automation","2","L:\Common2\Automation\Yuva"
"14.Copy of documents",".IMS Manual 2024","3","L:\Common2\Automation\.IMS Manual 2024\14.Copy of documents"
"a. Tracking sheets",".IMS Manual 2024","3","L:\Common2\Automation\.IMS Manual 2024\a. Tracking sheets"
"2024-25","a. Tracking sheets","4","L:\Common2\Automation\.IMS Manual 2024\a. Tracking sheets\2024-25"
"EMS - KPI","2024-25","5","L:\Common2\Automation\.IMS Manual 2024\a. Tracking sheets\2024-25\EMS - KPI"
"Back Data","EMS - KPI","6","L:\Common2\Automation\.IMS Manual 2024\a. Tracking sheets\2024-25\EMS - KPI\Back Data"
"installation","1 o clk","3","L:\Common2\Automation\1 o clk\installation"
"service","1 o clk","3","L:\Common2\Automation\1 o clk\service"
"12-05-2025","Customer","3","L:\Common2\Automation\Customer\12-05-2025"
"balakrishnan","Customer","3","L:\Common2\Automation\Customer\balakrishnan"
"Ramesh","gowtham","3","L:\Common2\Automation\gowtham\Ramesh"
"CAD DRAWINGS","Ramesh","4","L:\Common2\Automation\gowtham\Ramesh\CAD DRAWINGS"
"DUST BIN","CAD DRAWINGS","5","L:\Common2\Automation\gowtham\Ramesh\CAD DRAWINGS\DUST BIN"
"EPPFS","CAD DRAWINGS","5","L:\Common2\Automation\gowtham\Ramesh\CAD DRAWINGS\EPPFS"
"SWING DOOR","CAD DRAWINGS","5","L:\Common2\Automation\gowtham\Ramesh\CAD DRAWINGS\SWING DOOR"
"5s","inw","3","L:\Common2\Automation\inw\5s"
"Attendance","5s","4","L:\Common2\Automation\inw\5s\Attendance"
"Lean watse","5s","4","L:\Common2\Automation\inw\5s\Lean watse"
"one point lesson","5s","4","L:\Common2\Automation\inw\5s\one point lesson"
"Weekwise score sheet","5s","4","L:\Common2\Automation\inw\5s\Weekwise score sheet"
"revathi","Revathi","3","L:\Common2\Automation\Revathi\revathi"
"PDF","R_M Sheet JAN","3","L:\Common2\Automation\R_M Sheet JAN\PDF"
"4) Safety Instructions","safety","3","L:\Common2\Automation\safety\4) Safety Instructions"
"Safety Induction","safety","3","L:\Common2\Automation\safety\Safety Induction"
"Unit 2","safety","3","L:\Common2\Automation\safety\Unit 2"
"Evaluation","Safety Induction","4","L:\Common2\Automation\safety\Safety Induction\Evaluation"
"photos","Safety Induction","4","L:\Common2\Automation\safety\Safety Induction\photos"
"video","Safety Induction","4","L:\Common2\Automation\safety\Safety Induction\video"
"OK","photos","5","L:\Common2\Automation\safety\Safety Induction\photos\OK"
"Example","video","5","L:\Common2\Automation\safety\Safety Induction\video\Example"
"Unsafe act","Example","6","L:\Common2\Automation\safety\Safety Induction\video\Example\Unsafe act"
"Documents","Unit 2","4","L:\Common2\Automation\safety\Unit 2\Documents"
"Forms","Unit 2","4","L:\Common2\Automation\safety\Unit 2\Forms"
"Legal","Unit 2","4","L:\Common2\Automation\safety\Unit 2\Legal"
"Mock Drill","Unit 2","4","L:\Common2\Automation\safety\Unit 2\Mock Drill"
"safety corner","Unit 2","4","L:\Common2\Automation\safety\Unit 2\safety corner"
"PRESS MECHANISUM - PROJECT","Yuva","3","L:\Common2\Automation\Yuva\PRESS MECHANISUM - PROJECT"
"Press - Bench Marking Competitor","PRESS MECHANISUM - PROJECT","4","L:\Common2\Automation\Yuva\PRESS MECHANISUM - PROJECT\Press - Bench Marking Competitor"
"Press - Business Plan","PRESS MECHANISUM - PROJECT","4","L:\Common2\Automation\Yuva\PRESS MECHANISUM - PROJECT\Press - Business Plan"
"Product Proposal","PRESS MECHANISUM - PROJECT","4","L:\Common2\Automation\Yuva\PRESS MECHANISUM - PROJECT\Product Proposal"
"R1","Press - Business Plan","5","L:\Common2\Automation\Yuva\PRESS MECHANISUM - PROJECT\Press - Business Plan\R1"
"R2","Press - Business Plan","5","L:\Common2\Automation\Yuva\PRESS MECHANISUM - PROJECT\Press - Business Plan\R2"
"R3","Press - Business Plan","5","L:\Common2\Automation\Yuva\PRESS MECHANISUM - PROJECT\Press - Business Plan\R3"
"karthik","BI","2","L:\Common2\BI\karthik"
"OTHER","BI","2","L:\Common2\BI\OTHER"
"Photos","BI","2","L:\Common2\BI\Photos"
"restored","BI","2","L:\Common2\BI\restored"
"Shashikala","BI","2","L:\Common2\BI\Shashikala"
"Corporate governance","karthik","3","L:\Common2\BI\karthik\Corporate governance"
"HOD Metrics Process_Self Assessment 2025-2026","karthik","3","L:\Common2\BI\karthik\HOD Metrics Process_Self Assessment 2025-2026"
"others","karthik","3","L:\Common2\BI\karthik\others"
"CG","Corporate governance","4","L:\Common2\BI\karthik\Corporate governance\CG"
"Janatics Polymer","Corporate governance","4","L:\Common2\BI\karthik\Corporate governance\Janatics Polymer"
"JIAPL Unit1","Corporate governance","4","L:\Common2\BI\karthik\Corporate governance\JIAPL Unit1"
"JIAPL Unit2","Corporate governance","4","L:\Common2\BI\karthik\Corporate governance\JIAPL Unit2"
"Skyfast","Corporate governance","4","L:\Common2\BI\karthik\Corporate governance\Skyfast"
"Template Checklist New Business","Corporate governance","4","L:\Common2\BI\karthik\Corporate governance\Template Checklist New Business"
"HR","CG","5","L:\Common2\BI\karthik\Corporate governance\CG\HR"
"IT","CG","5","L:\Common2\BI\karthik\Corporate governance\CG\IT"
"Maintenance","CG","5","L:\Common2\BI\karthik\Corporate governance\CG\Maintenance"
"Quality","CG","5","L:\Common2\BI\karthik\Corporate governance\CG\Quality"
"HOD Metrics Process_Self Assessment sheet for 25-26","HOD Metrics Process_Self Assessment 2025-2026","4","L:\Common2\BI\karthik\HOD Metrics Process_Self Assessment 2025-2026\HOD Metrics Process_Self Assessment sheet for 25-26"
"HOD Metrics Process_self assessment for Apr'25","HOD Metrics Process_Self Assessment sheet for 25-26","5","L:\Common2\BI\karthik\HOD Metrics Process_Self Assessment 2025-2026\HOD Metrics Process_Self Assessment sheet for 25-26\HOD Metrics Process_self assessment for Apr'25"
"HOD Metrics Process_self assessment for Aug'25","HOD Metrics Process_Self Assessment sheet for 25-26","5","L:\Common2\BI\karthik\HOD Metrics Process_Self Assessment 2025-2026\HOD Metrics Process_Self Assessment sheet for 25-26\HOD Metrics Process_self assessment for Aug'25"
"HOD Metrics Process_self assessment for Jul'25","HOD Metrics Process_Self Assessment sheet for 25-26","5","L:\Common2\BI\karthik\HOD Metrics Process_Self Assessment 2025-2026\HOD Metrics Process_Self Assessment sheet for 25-26\HOD Metrics Process_self assessment for Jul'25"
"HOD Metrics Process_self assessment for June'25","HOD Metrics Process_Self Assessment sheet for 25-26","5","L:\Common2\BI\karthik\HOD Metrics Process_Self Assessment 2025-2026\HOD Metrics Process_Self Assessment sheet for 25-26\HOD Metrics Process_self assessment for June'25"
"HOD Metrics Process_self assessment for May'25","HOD Metrics Process_Self Assessment sheet for 25-26","5","L:\Common2\BI\karthik\HOD Metrics Process_Self Assessment 2025-2026\HOD Metrics Process_Self Assessment sheet for 25-26\HOD Metrics Process_self assessment for May'25"
"Corporate governance","others","4","L:\Common2\BI\karthik\others\Corporate governance"
"New folder","others","4","L:\Common2\BI\karthik\others\New folder"
"CG","Corporate governance","5","L:\Common2\BI\karthik\others\Corporate governance\CG"
"Janatics Polymer","Corporate governance","5","L:\Common2\BI\karthik\others\Corporate governance\Janatics Polymer"
"JIAPL Unit2","Corporate governance","5","L:\Common2\BI\karthik\others\Corporate governance\JIAPL Unit2"
"Skyfast","Corporate governance","5","L:\Common2\BI\karthik\others\Corporate governance\Skyfast"
"Template Checklist New Business","Corporate governance","5","L:\Common2\BI\karthik\others\Corporate governance\Template Checklist New Business"
"HR","CG","6","L:\Common2\BI\karthik\others\Corporate governance\CG\HR"
"IT","CG","6","L:\Common2\BI\karthik\others\Corporate governance\CG\IT"
"Maintenance","CG","6","L:\Common2\BI\karthik\others\Corporate governance\CG\Maintenance"
"Quality","CG","6","L:\Common2\BI\karthik\others\Corporate governance\CG\Quality"
"karthik","restored","3","L:\Common2\BI\restored\karthik"
"Corporate governance","karthik","4","L:\Common2\BI\restored\karthik\Corporate governance"
"HOD Metrics Process_Self Assessment 2025-2026","karthik","4","L:\Common2\BI\restored\karthik\HOD Metrics Process_Self Assessment 2025-2026"
"others","karthik","4","L:\Common2\BI\restored\karthik\others"
"CG","Corporate governance","5","L:\Common2\BI\restored\karthik\Corporate governance\CG"
"Janatics Polymer","Corporate governance","5","L:\Common2\BI\restored\karthik\Corporate governance\Janatics Polymer"
"JIAPL Unit1","Corporate governance","5","L:\Common2\BI\restored\karthik\Corporate governance\JIAPL Unit1"
"JIAPL Unit2","Corporate governance","5","L:\Common2\BI\restored\karthik\Corporate governance\JIAPL Unit2"
"Skyfast","Corporate governance","5","L:\Common2\BI\restored\karthik\Corporate governance\Skyfast"
"Template Checklist New Business","Corporate governance","5","L:\Common2\BI\restored\karthik\Corporate governance\Template Checklist New Business"
"F&A and Stores","CG","6","L:\Common2\BI\restored\karthik\Corporate governance\CG\F&A and Stores"
"HR","CG","6","L:\Common2\BI\restored\karthik\Corporate governance\CG\HR"
"IT","CG","6","L:\Common2\BI\restored\karthik\Corporate governance\CG\IT"
"Maintenance","CG","6","L:\Common2\BI\restored\karthik\Corporate governance\CG\Maintenance"
"Planning & SCM and Sales & Marketing","CG","6","L:\Common2\BI\restored\karthik\Corporate governance\CG\Planning & SCM and Sales & Marketing"
"Quality","CG","6","L:\Common2\BI\restored\karthik\Corporate governance\CG\Quality"
"HOD Metrics Process_Self Assessment sheet for 25-26","HOD Metrics Process_Self Assessment 2025-2026","5","L:\Common2\BI\restored\karthik\HOD Metrics Process_Self Assessment 2025-2026\HOD Metrics Process_Self Assessment sheet for 25-26"
"HOD Metrics Process_self assessment for Apr'25","HOD Metrics Process_Self Assessment sheet for 25-26","6","L:\Common2\BI\restored\karthik\HOD Metrics Process_Self Assessment 2025-2026\HOD Metrics Process_Self Assessment sheet for 25-26\HOD Metrics Process_self assessment for Apr'25"
"HOD Metrics Process_self assessment for Aug'25","HOD Metrics Process_Self Assessment sheet for 25-26","6","L:\Common2\BI\restored\karthik\HOD Metrics Process_Self Assessment 2025-2026\HOD Metrics Process_Self Assessment sheet for 25-26\HOD Metrics Process_self assessment for Aug'25"
"HOD Metrics Process_self assessment for Jul'25","HOD Metrics Process_Self Assessment sheet for 25-26","6","L:\Common2\BI\restored\karthik\HOD Metrics Process_Self Assessment 2025-2026\HOD Metrics Process_Self Assessment sheet for 25-26\HOD Metrics Process_self assessment for Jul'25"
"HOD Metrics Process_self assessment for June'25","HOD Metrics Process_Self Assessment sheet for 25-26","6","L:\Common2\BI\restored\karthik\HOD Metrics Process_Self Assessment 2025-2026\HOD Metrics Process_Self Assessment sheet for 25-26\HOD Metrics Process_self assessment for June'25"
"HOD Metrics Process_self assessment for May'25","HOD Metrics Process_Self Assessment sheet for 25-26","6","L:\Common2\BI\restored\karthik\HOD Metrics Process_Self Assessment 2025-2026\HOD Metrics Process_Self Assessment sheet for 25-26\HOD Metrics Process_self assessment for May'25"
"Corporate governance","others","5","L:\Common2\BI\restored\karthik\others\Corporate governance"
"CG","Corporate governance","6","L:\Common2\BI\restored\karthik\others\Corporate governance\CG"
"Janatics Polymer","Corporate governance","6","L:\Common2\BI\restored\karthik\others\Corporate governance\Janatics Polymer"
"JIAPL Unit1","Corporate governance","6","L:\Common2\BI\restored\karthik\others\Corporate governance\JIAPL Unit1"
"JIAPL Unit2","Corporate governance","6","L:\Common2\BI\restored\karthik\others\Corporate governance\JIAPL Unit2"
"Skyfast","Corporate governance","6","L:\Common2\BI\restored\karthik\others\Corporate governance\Skyfast"
"Template Checklist New Business","Corporate governance","6","L:\Common2\BI\restored\karthik\others\Corporate governance\Template Checklist New Business"
"F&A and Stores","CG","7","L:\Common2\BI\restored\karthik\others\Corporate governance\CG\F&A and Stores"
"HR","CG","7","L:\Common2\BI\restored\karthik\others\Corporate governance\CG\HR"
"IT","CG","7","L:\Common2\BI\restored\karthik\others\Corporate governance\CG\IT"
"Maintenance","CG","7","L:\Common2\BI\restored\karthik\others\Corporate governance\CG\Maintenance"
"Planning & SCM and Sales & Marketing","CG","7","L:\Common2\BI\restored\karthik\others\Corporate governance\CG\Planning & SCM and Sales & Marketing"
"Quality","CG","7","L:\Common2\BI\restored\karthik\others\Corporate governance\CG\Quality"
"01_Ramkumar","Central Excise","2","L:\Common2\Central Excise\01_Ramkumar"
"24-25","Central Excise","2","L:\Common2\Central Excise\24-25"
"allwin","Central Excise","2","L:\Common2\Central Excise\allwin"
"Aravind u7","Central Excise","2","L:\Common2\Central Excise\Aravind u7"
"Aravinth","Central Excise","2","L:\Common2\Central Excise\Aravinth"
"AUDIT TEAM","Central Excise","2","L:\Common2\Central Excise\AUDIT TEAM"
"BOE","Central Excise","2","L:\Common2\Central Excise\BOE"
"e invoice outward","Central Excise","2","L:\Common2\Central Excise\e invoice outward"
"HO Notice","Central Excise","2","L:\Common2\Central Excise\HO Notice"
"Jagadees","Central Excise","2","L:\Common2\Central Excise\Jagadees"
"PRIYA","Central Excise","2","L:\Common2\Central Excise\PRIYA"
"RAMAKRISHNAN","Central Excise","2","L:\Common2\Central Excise\RAMAKRISHNAN"
"RUTHRA","Central Excise","2","L:\Common2\Central Excise\RUTHRA"
"SATHISH","Central Excise","2","L:\Common2\Central Excise\SATHISH"
"Senthil","Central Excise","2","L:\Common2\Central Excise\Senthil"
"senthil audit check list","Central Excise","2","L:\Common2\Central Excise\senthil audit check list"
"VIGNESH","Central Excise","2","L:\Common2\Central Excise\VIGNESH"
"ISO","01_Ramkumar","3","L:\Common2\Central Excise\01_Ramkumar\ISO"
"Review Meeting Inward 28.04.25","01_Ramkumar","3","L:\Common2\Central Excise\01_Ramkumar\Review Meeting Inward 28.04.25"
"J appraisal files","Aravind u7","3","L:\Common2\Central Excise\Aravind u7\J appraisal files"
".IMS Manual 2025","Aravinth","3","L:\Common2\Central Excise\Aravinth\.IMS Manual 2025"
"3.Inventory meeting","Aravinth","3","L:\Common2\Central Excise\Aravinth\3.Inventory meeting"
"Extrusion","Aravinth","3","L:\Common2\Central Excise\Aravinth\Extrusion"
"Inventory worked","Aravinth","3","L:\Common2\Central Excise\Aravinth\Inventory worked"
"SCRAP, ,CONS STORE & TRANSPORTATION MANUAL","Aravinth","3","L:\Common2\Central Excise\Aravinth\SCRAP, ,CONS STORE & TRANSPORTATION MANUAL"
".IMS Manual 2025",".IMS Manual 2025","4","L:\Common2\Central Excise\Aravinth\.IMS Manual 2025\.IMS Manual 2025"
"ISO NC CLOSE",".IMS Manual 2025","4","L:\Common2\Central Excise\Aravinth\.IMS Manual 2025\ISO NC CLOSE"
"ISO NC CLOSE- EMS & OHSMS",".IMS Manual 2025","4","L:\Common2\Central Excise\Aravinth\.IMS Manual 2025\ISO NC CLOSE- EMS & OHSMS"
"14.Copy of documents",".IMS Manual 2025","5","L:\Common2\Central Excise\Aravinth\.IMS Manual 2025\.IMS Manual 2025\14.Copy of documents"
"16.Copy of forms",".IMS Manual 2025","5","L:\Common2\Central Excise\Aravinth\.IMS Manual 2025\.IMS Manual 2025\16.Copy of forms"
"a. Tracking sheets",".IMS Manual 2025","5","L:\Common2\Central Excise\Aravinth\.IMS Manual 2025\.IMS Manual 2025\a. Tracking sheets"
"Audit Report",".IMS Manual 2025","5","L:\Common2\Central Excise\Aravinth\.IMS Manual 2025\.IMS Manual 2025\Audit Report"
"2024-25","a. Tracking sheets","6","L:\Common2\Central Excise\Aravinth\.IMS Manual 2025\.IMS Manual 2025\a. Tracking sheets\2024-25"
"2025-26","a. Tracking sheets","6","L:\Common2\Central Excise\Aravinth\.IMS Manual 2025\.IMS Manual 2025\a. Tracking sheets\2025-26"
"EMS - KPI","2024-25","7","L:\Common2\Central Excise\Aravinth\.IMS Manual 2025\.IMS Manual 2025\a. Tracking sheets\2024-25\EMS - KPI"
"QMS - KPI","2024-25","7","L:\Common2\Central Excise\Aravinth\.IMS Manual 2025\.IMS Manual 2025\a. Tracking sheets\2024-25\QMS - KPI"
"Back Data","EMS - KPI","8","L:\Common2\Central Excise\Aravinth\.IMS Manual 2025\.IMS Manual 2025\a. Tracking sheets\2024-25\EMS - KPI\Back Data"
"Back Data","QMS - KPI","8","L:\Common2\Central Excise\Aravinth\.IMS Manual 2025\.IMS Manual 2025\a. Tracking sheets\2024-25\QMS - KPI\Back Data"
"QMS KPI","QMS - KPI","8","L:\Common2\Central Excise\Aravinth\.IMS Manual 2025\.IMS Manual 2025\a. Tracking sheets\2024-25\QMS - KPI\QMS KPI"
"14. Competency matrix for staffs","2025-26","7","L:\Common2\Central Excise\Aravinth\.IMS Manual 2025\.IMS Manual 2025\a. Tracking sheets\2025-26\14. Competency matrix for staffs"
"EMS - KPI","2025-26","7","L:\Common2\Central Excise\Aravinth\.IMS Manual 2025\.IMS Manual 2025\a. Tracking sheets\2025-26\EMS - KPI"
"QMS - KPI","2025-26","7","L:\Common2\Central Excise\Aravinth\.IMS Manual 2025\.IMS Manual 2025\a. Tracking sheets\2025-26\QMS - KPI"
"Back Data","EMS - KPI","8","L:\Common2\Central Excise\Aravinth\.IMS Manual 2025\.IMS Manual 2025\a. Tracking sheets\2025-26\EMS - KPI\Back Data"
"New folder","Back Data","9","L:\Common2\Central Excise\Aravinth\.IMS Manual 2025\.IMS Manual 2025\a. Tracking sheets\2025-26\EMS - KPI\Back Data\New folder"
"Old","Back Data","9","L:\Common2\Central Excise\Aravinth\.IMS Manual 2025\.IMS Manual 2025\a. Tracking sheets\2025-26\EMS - KPI\Back Data\Old"
"Back Data","QMS - KPI","8","L:\Common2\Central Excise\Aravinth\.IMS Manual 2025\.IMS Manual 2025\a. Tracking sheets\2025-26\QMS - KPI\Back Data"
"QMS KPI","QMS - KPI","8","L:\Common2\Central Excise\Aravinth\.IMS Manual 2025\.IMS Manual 2025\a. Tracking sheets\2025-26\QMS - KPI\QMS KPI"
"Back up data Apr-25","QMS KPI","9","L:\Common2\Central Excise\Aravinth\.IMS Manual 2025\.IMS Manual 2025\a. Tracking sheets\2025-26\QMS - KPI\QMS KPI\Back up data Apr-25"
"STR KPI 1","QMS KPI","9","L:\Common2\Central Excise\Aravinth\.IMS Manual 2025\.IMS Manual 2025\a. Tracking sheets\2025-26\QMS - KPI\QMS KPI\STR KPI 1"
"2024-2025","Audit Report","6","L:\Common2\Central Excise\Aravinth\.IMS Manual 2025\.IMS Manual 2025\Audit Report\2024-2025"
"2025-2026","Audit Report","6","L:\Common2\Central Excise\Aravinth\.IMS Manual 2025\.IMS Manual 2025\Audit Report\2025-2026"
"Internal Audit 1 - April 2024","2024-2025","7","L:\Common2\Central Excise\Aravinth\.IMS Manual 2025\.IMS Manual 2025\Audit Report\2024-2025\Internal Audit 1 - April 2024"
"Internal Audit 2 - Oct 2024","2024-2025","7","L:\Common2\Central Excise\Aravinth\.IMS Manual 2025\.IMS Manual 2025\Audit Report\2024-2025\Internal Audit 2 - Oct 2024"
"NC Closure","Internal Audit 2 - Oct 2024","8","L:\Common2\Central Excise\Aravinth\.IMS Manual 2025\.IMS Manual 2025\Audit Report\2024-2025\Internal Audit 2 - Oct 2024\NC Closure"
"Internal Audit 1 EMS Jan-25","2025-2026","7","L:\Common2\Central Excise\Aravinth\.IMS Manual 2025\.IMS Manual 2025\Audit Report\2025-2026\Internal Audit 1 EMS Jan-25"
"Internal audit Apr-25","2025-2026","7","L:\Common2\Central Excise\Aravinth\.IMS Manual 2025\.IMS Manual 2025\Audit Report\2025-2026\Internal audit Apr-25"
"Internal audit Sep-25","2025-2026","7","L:\Common2\Central Excise\Aravinth\.IMS Manual 2025\.IMS Manual 2025\Audit Report\2025-2026\Internal audit Sep-25"
"New folder","Internal Audit 1 EMS Jan-25","8","L:\Common2\Central Excise\Aravinth\.IMS Manual 2025\.IMS Manual 2025\Audit Report\2025-2026\Internal Audit 1 EMS Jan-25\New folder"
"Inventory monthly report","3.Inventory meeting","4","L:\Common2\Central Excise\Aravinth\3.Inventory meeting\Inventory monthly report"
"Inventroy Task for All Units","3.Inventory meeting","4","L:\Common2\Central Excise\Aravinth\3.Inventory meeting\Inventroy Task for All Units"
"Working Files","3.Inventory meeting","4","L:\Common2\Central Excise\Aravinth\3.Inventory meeting\Working Files"
"2026","Working Files","5","L:\Common2\Central Excise\Aravinth\3.Inventory meeting\Working Files\2026"
"HO","Working Files","5","L:\Common2\Central Excise\Aravinth\3.Inventory meeting\Working Files\HO"
"Polymers,Automation,Coil","Working Files","5","L:\Common2\Central Excise\Aravinth\3.Inventory meeting\Working Files\Polymers,Automation,Coil"
"Unit-7","Working Files","5","L:\Common2\Central Excise\Aravinth\3.Inventory meeting\Working Files\Unit-7"
"Copy of Documents","SCRAP, ,CONS STORE & TRANSPORTATION MANUAL","4","L:\Common2\Central Excise\Aravinth\SCRAP, ,CONS STORE & TRANSPORTATION MANUAL\Copy of Documents"
"Copy of Forms","SCRAP, ,CONS STORE & TRANSPORTATION MANUAL","4","L:\Common2\Central Excise\Aravinth\SCRAP, ,CONS STORE & TRANSPORTATION MANUAL\Copy of Forms"
"Copy of IOD AIR HIRA RMP","SCRAP, ,CONS STORE & TRANSPORTATION MANUAL","4","L:\Common2\Central Excise\Aravinth\SCRAP, ,CONS STORE & TRANSPORTATION MANUAL\Copy of IOD AIR HIRA RMP"
"KPI Tracking sheet","SCRAP, ,CONS STORE & TRANSPORTATION MANUAL","4","L:\Common2\Central Excise\Aravinth\SCRAP, ,CONS STORE & TRANSPORTATION MANUAL\KPI Tracking sheet"
"OCP","SCRAP, ,CONS STORE & TRANSPORTATION MANUAL","4","L:\Common2\Central Excise\Aravinth\SCRAP, ,CONS STORE & TRANSPORTATION MANUAL\OCP"
"24-25","KPI Tracking sheet","5","L:\Common2\Central Excise\Aravinth\SCRAP, ,CONS STORE & TRANSPORTATION MANUAL\KPI Tracking sheet\24-25"
"25-26","KPI Tracking sheet","5","L:\Common2\Central Excise\Aravinth\SCRAP, ,CONS STORE & TRANSPORTATION MANUAL\KPI Tracking sheet\25-26"
"BACK DATA","24-25","6","L:\Common2\Central Excise\Aravinth\SCRAP, ,CONS STORE & TRANSPORTATION MANUAL\KPI Tracking sheet\24-25\BACK DATA"
"New folder","AUDIT TEAM","3","L:\Common2\Central Excise\AUDIT TEAM\New folder"
"2025-26","BOE","3","L:\Common2\Central Excise\BOE\2025-26"
"2026-27","BOE","3","L:\Common2\Central Excise\BOE\2026-27"
"GLOBAL","2025-26","4","L:\Common2\Central Excise\BOE\2025-26\GLOBAL"
"JANCO SEAL","2025-26","4","L:\Common2\Central Excise\BOE\2025-26\JANCO SEAL"
"JIAPL","2025-26","4","L:\Common2\Central Excise\BOE\2025-26\JIAPL"
"JIPL","2025-26","4","L:\Common2\Central Excise\BOE\2025-26\JIPL"
"POLYMERS","2025-26","4","L:\Common2\Central Excise\BOE\2025-26\POLYMERS"
"SKYFAST","2025-26","4","L:\Common2\Central Excise\BOE\2025-26\SKYFAST"
"AUG","GLOBAL","5","L:\Common2\Central Excise\BOE\2025-26\GLOBAL\AUG"
"DEC","GLOBAL","5","L:\Common2\Central Excise\BOE\2025-26\GLOBAL\DEC"
"FEB","GLOBAL","5","L:\Common2\Central Excise\BOE\2025-26\GLOBAL\FEB"
"JAN","GLOBAL","5","L:\Common2\Central Excise\BOE\2025-26\GLOBAL\JAN"
"JUN","GLOBAL","5","L:\Common2\Central Excise\BOE\2025-26\GLOBAL\JUN"
"MAR","GLOBAL","5","L:\Common2\Central Excise\BOE\2025-26\GLOBAL\MAR"
"MAY","GLOBAL","5","L:\Common2\Central Excise\BOE\2025-26\GLOBAL\MAY"
"New folder","GLOBAL","5","L:\Common2\Central Excise\BOE\2025-26\GLOBAL\New folder"
"NOV","GLOBAL","5","L:\Common2\Central Excise\BOE\2025-26\GLOBAL\NOV"
"OCT","GLOBAL","5","L:\Common2\Central Excise\BOE\2025-26\GLOBAL\OCT"
"SEP","GLOBAL","5","L:\Common2\Central Excise\BOE\2025-26\GLOBAL\SEP"
"MAR","JANCO SEAL","5","L:\Common2\Central Excise\BOE\2025-26\JANCO SEAL\MAR"
"APR","JIAPL","5","L:\Common2\Central Excise\BOE\2025-26\JIAPL\APR"
"AUG","JIAPL","5","L:\Common2\Central Excise\BOE\2025-26\JIAPL\AUG"
"DEC","JIAPL","5","L:\Common2\Central Excise\BOE\2025-26\JIAPL\DEC"
"FEB","JIAPL","5","L:\Common2\Central Excise\BOE\2025-26\JIAPL\FEB"
"JAN","JIAPL","5","L:\Common2\Central Excise\BOE\2025-26\JIAPL\JAN"
"JUL","JIAPL","5","L:\Common2\Central Excise\BOE\2025-26\JIAPL\JUL"
"JUN","JIAPL","5","L:\Common2\Central Excise\BOE\2025-26\JIAPL\JUN"
"MAR","JIAPL","5","L:\Common2\Central Excise\BOE\2025-26\JIAPL\MAR"
"MAY","JIAPL","5","L:\Common2\Central Excise\BOE\2025-26\JIAPL\MAY"
"NOV","JIAPL","5","L:\Common2\Central Excise\BOE\2025-26\JIAPL\NOV"
"OCT","JIAPL","5","L:\Common2\Central Excise\BOE\2025-26\JIAPL\OCT"
"SEP","JIAPL","5","L:\Common2\Central Excise\BOE\2025-26\JIAPL\SEP"
"APR","JIPL","5","L:\Common2\Central Excise\BOE\2025-26\JIPL\APR"
"AUG","JIPL","5","L:\Common2\Central Excise\BOE\2025-26\JIPL\AUG"
"DEC","JIPL","5","L:\Common2\Central Excise\BOE\2025-26\JIPL\DEC"
"FEB","JIPL","5","L:\Common2\Central Excise\BOE\2025-26\JIPL\FEB"
"JAN","JIPL","5","L:\Common2\Central Excise\BOE\2025-26\JIPL\JAN"
"JUL","JIPL","5","L:\Common2\Central Excise\BOE\2025-26\JIPL\JUL"
"JUN","JIPL","5","L:\Common2\Central Excise\BOE\2025-26\JIPL\JUN"
"MAR","JIPL","5","L:\Common2\Central Excise\BOE\2025-26\JIPL\MAR"
"MAY","JIPL","5","L:\Common2\Central Excise\BOE\2025-26\JIPL\MAY"
"NOV","JIPL","5","L:\Common2\Central Excise\BOE\2025-26\JIPL\NOV"
"OCT","JIPL","5","L:\Common2\Central Excise\BOE\2025-26\JIPL\OCT"
"SEP","JIPL","5","L:\Common2\Central Excise\BOE\2025-26\JIPL\SEP"
"AUG","POLYMERS","5","L:\Common2\Central Excise\BOE\2025-26\POLYMERS\AUG"
"DEC","POLYMERS","5","L:\Common2\Central Excise\BOE\2025-26\POLYMERS\DEC"
"FEB","POLYMERS","5","L:\Common2\Central Excise\BOE\2025-26\POLYMERS\FEB"
"JAN","POLYMERS","5","L:\Common2\Central Excise\BOE\2025-26\POLYMERS\JAN"
"JUL","POLYMERS","5","L:\Common2\Central Excise\BOE\2025-26\POLYMERS\JUL"
"JUN","POLYMERS","5","L:\Common2\Central Excise\BOE\2025-26\POLYMERS\JUN"
"MAR","POLYMERS","5","L:\Common2\Central Excise\BOE\2025-26\POLYMERS\MAR"
"MAY","POLYMERS","5","L:\Common2\Central Excise\BOE\2025-26\POLYMERS\MAY"
"NOV","POLYMERS","5","L:\Common2\Central Excise\BOE\2025-26\POLYMERS\NOV"
"OCT","POLYMERS","5","L:\Common2\Central Excise\BOE\2025-26\POLYMERS\OCT"
"SEP","POLYMERS","5","L:\Common2\Central Excise\BOE\2025-26\POLYMERS\SEP"
"AUG","SKYFAST","5","L:\Common2\Central Excise\BOE\2025-26\SKYFAST\AUG"
"DEC","SKYFAST","5","L:\Common2\Central Excise\BOE\2025-26\SKYFAST\DEC"
"FEB","SKYFAST","5","L:\Common2\Central Excise\BOE\2025-26\SKYFAST\FEB"
"JAN","SKYFAST","5","L:\Common2\Central Excise\BOE\2025-26\SKYFAST\JAN"
"JUL","SKYFAST","5","L:\Common2\Central Excise\BOE\2025-26\SKYFAST\JUL"
"MAR","SKYFAST","5","L:\Common2\Central Excise\BOE\2025-26\SKYFAST\MAR"
"NOV","SKYFAST","5","L:\Common2\Central Excise\BOE\2025-26\SKYFAST\NOV"
"OCT","SKYFAST","5","L:\Common2\Central Excise\BOE\2025-26\SKYFAST\OCT"
"SEP","SKYFAST","5","L:\Common2\Central Excise\BOE\2025-26\SKYFAST\SEP"
"GLOBAL","2026-27","4","L:\Common2\Central Excise\BOE\2026-27\GLOBAL"
"JIAPL","2026-27","4","L:\Common2\Central Excise\BOE\2026-27\JIAPL"
"JIPL","2026-27","4","L:\Common2\Central Excise\BOE\2026-27\JIPL"
"POLYMERS","2026-27","4","L:\Common2\Central Excise\BOE\2026-27\POLYMERS"
"SKYFAST","2026-27","4","L:\Common2\Central Excise\BOE\2026-27\SKYFAST"
"APR","GLOBAL","5","L:\Common2\Central Excise\BOE\2026-27\GLOBAL\APR"
"MAY","GLOBAL","5","L:\Common2\Central Excise\BOE\2026-27\GLOBAL\MAY"
"APR","JIAPL","5","L:\Common2\Central Excise\BOE\2026-27\JIAPL\APR"
"APR","JIPL","5","L:\Common2\Central Excise\BOE\2026-27\JIPL\APR"
"MAY","JIPL","5","L:\Common2\Central Excise\BOE\2026-27\JIPL\MAY"
"APR","POLYMERS","5","L:\Common2\Central Excise\BOE\2026-27\POLYMERS\APR"
"APR","SKYFAST","5","L:\Common2\Central Excise\BOE\2026-27\SKYFAST\APR"
"MAY","SKYFAST","5","L:\Common2\Central Excise\BOE\2026-27\SKYFAST\MAY"
"New folder","Jagadees","3","L:\Common2\Central Excise\Jagadees\New folder"
"IMAGES","PRIYA","3","L:\Common2\Central Excise\PRIYA\IMAGES"
"28.1.2025 5S","RAMAKRISHNAN","3","L:\Common2\Central Excise\RAMAKRISHNAN\28.1.2025 5S"
"4m HO","RAMAKRISHNAN","3","L:\Common2\Central Excise\RAMAKRISHNAN\4m HO"
"5 S","RAMAKRISHNAN","3","L:\Common2\Central Excise\RAMAKRISHNAN\5 S"
"April -26","RAMAKRISHNAN","3","L:\Common2\Central Excise\RAMAKRISHNAN\April -26"
"GATE","RAMAKRISHNAN","3","L:\Common2\Central Excise\RAMAKRISHNAN\GATE"
"ION","RAMAKRISHNAN","3","L:\Common2\Central Excise\RAMAKRISHNAN\ION"
"march - 26","RAMAKRISHNAN","3","L:\Common2\Central Excise\RAMAKRISHNAN\march - 26"
"New folder","RAMAKRISHNAN","3","L:\Common2\Central Excise\RAMAKRISHNAN\New folder"
"week 18","RAMAKRISHNAN","3","L:\Common2\Central Excise\RAMAKRISHNAN\week 18"
"KAIZEN","4m HO","4","L:\Common2\Central Excise\RAMAKRISHNAN\4m HO\KAIZEN"
"WebForm4_files","KAIZEN","5","L:\Common2\Central Excise\RAMAKRISHNAN\4m HO\KAIZEN\WebForm4_files"
"5S BOARD","5 S","4","L:\Common2\Central Excise\RAMAKRISHNAN\5 S\5S BOARD"
"KAIZEN","5 S","4","L:\Common2\Central Excise\RAMAKRISHNAN\5 S\KAIZEN"
"5S POSTERS","5S BOARD","5","L:\Common2\Central Excise\RAMAKRISHNAN\5 S\5S BOARD\5S POSTERS"
"WebForm4_files","KAIZEN","5","L:\Common2\Central Excise\RAMAKRISHNAN\5 S\KAIZEN\WebForm4_files"
"NON MOVEING","GATE","4","L:\Common2\Central Excise\RAMAKRISHNAN\GATE\NON MOVEING"
"New folder","New folder","4","L:\Common2\Central Excise\RAMAKRISHNAN\New folder\New folder"
"JANATICS AUTOMATION","SATHISH","3","L:\Common2\Central Excise\SATHISH\JANATICS AUTOMATION"
"JST","SATHISH","3","L:\Common2\Central Excise\SATHISH\JST"
"Appraisal","VIGNESH","3","L:\Common2\Central Excise\VIGNESH\Appraisal"
"SCRAP, ,CONS STORE & TRANSPORTATION MANUAL","VIGNESH","3","L:\Common2\Central Excise\VIGNESH\SCRAP, ,CONS STORE & TRANSPORTATION MANUAL"
"new 25","Appraisal","4","L:\Common2\Central Excise\VIGNESH\Appraisal\new 25"
"old 24","Appraisal","4","L:\Common2\Central Excise\VIGNESH\Appraisal\old 24"
"files","new 25","5","L:\Common2\Central Excise\VIGNESH\Appraisal\new 25\files"
"files","old 24","5","L:\Common2\Central Excise\VIGNESH\Appraisal\old 24\files"
"Copy of Documents","SCRAP, ,CONS STORE & TRANSPORTATION MANUAL","4","L:\Common2\Central Excise\VIGNESH\SCRAP, ,CONS STORE & TRANSPORTATION MANUAL\Copy of Documents"
"Copy of Forms","SCRAP, ,CONS STORE & TRANSPORTATION MANUAL","4","L:\Common2\Central Excise\VIGNESH\SCRAP, ,CONS STORE & TRANSPORTATION MANUAL\Copy of Forms"
"Copy of IOD AIR HIRA RMP","SCRAP, ,CONS STORE & TRANSPORTATION MANUAL","4","L:\Common2\Central Excise\VIGNESH\SCRAP, ,CONS STORE & TRANSPORTATION MANUAL\Copy of IOD AIR HIRA RMP"
"KPI Tracking sheet","SCRAP, ,CONS STORE & TRANSPORTATION MANUAL","4","L:\Common2\Central Excise\VIGNESH\SCRAP, ,CONS STORE & TRANSPORTATION MANUAL\KPI Tracking sheet"
"OCP","SCRAP, ,CONS STORE & TRANSPORTATION MANUAL","4","L:\Common2\Central Excise\VIGNESH\SCRAP, ,CONS STORE & TRANSPORTATION MANUAL\OCP"
"24-25","KPI Tracking sheet","5","L:\Common2\Central Excise\VIGNESH\SCRAP, ,CONS STORE & TRANSPORTATION MANUAL\KPI Tracking sheet\24-25"
"25-26","KPI Tracking sheet","5","L:\Common2\Central Excise\VIGNESH\SCRAP, ,CONS STORE & TRANSPORTATION MANUAL\KPI Tracking sheet\25-26"
"BACK DATA","24-25","6","L:\Common2\Central Excise\VIGNESH\SCRAP, ,CONS STORE & TRANSPORTATION MANUAL\KPI Tracking sheet\24-25\BACK DATA"
"Appl","Costing","2","L:\Common2\Costing\Appl"
"Jeeva","Costing","2","L:\Common2\Costing\Jeeva"
"Murugavel","Costing","2","L:\Common2\Costing\Murugavel"
"Praveen Kumar","Costing","2","L:\Common2\Costing\Praveen Kumar"
"Siva(Costing)","Costing","2","L:\Common2\Costing\Siva(Costing)"
"5S PIC","Jeeva","3","L:\Common2\Costing\Jeeva\5S PIC"
"C50627","Murugavel","3","L:\Common2\Costing\Murugavel\C50627"
"M+L requirement for 2_2 NC Refrigerant Valve ELGI project","Praveen Kumar","3","L:\Common2\Costing\Praveen Kumar\M+L requirement for 2_2 NC Refrigerant Valve ELGI project"
"NPD1","Siva(Costing)","3","L:\Common2\Costing\Siva(Costing)\NPD1"
"NPD2","Siva(Costing)","3","L:\Common2\Costing\Siva(Costing)\NPD2"
"PDF","Siva(Costing)","3","L:\Common2\Costing\Siva(Costing)\PDF"
"Skanray - PDF","Siva(Costing)","3","L:\Common2\Costing\Siva(Costing)\Skanray - PDF"
"Target cost 24.03.26","Siva(Costing)","3","L:\Common2\Costing\Siva(Costing)\Target cost 24.03.26"
"C50549","NPD2","4","L:\Common2\Costing\Siva(Costing)\NPD2\C50549"
"C50597","NPD2","4","L:\Common2\Costing\Siva(Costing)\NPD2\C50597"
"C50598","NPD2","4","L:\Common2\Costing\Siva(Costing)\NPD2\C50598"
"C50599 (A117R040010-0-M-XL)","NPD2","4","L:\Common2\Costing\Siva(Costing)\NPD2\C50599 (A117R040010-0-M-XL)"
"Time sheet","Target cost 24.03.26","4","L:\Common2\Costing\Siva(Costing)\Target cost 24.03.26\Time sheet"
"1","EDP","2","L:\Common2\EDP\1"
"11feb26 scm","EDP","2","L:\Common2\EDP\11feb26 scm"
"2","EDP","2","L:\Common2\EDP\2"
"AARU","EDP","2","L:\Common2\EDP\AARU"
"AMR","EDP","2","L:\Common2\EDP\AMR"
"Ananthi","EDP","2","L:\Common2\EDP\Ananthi"
"Ananthi.K (OpenAI)","EDP","2","L:\Common2\EDP\Ananthi.K (OpenAI)"
"ASHLIN","EDP","2","L:\Common2\EDP\ASHLIN"
"AUTO E INVOICE","EDP","2","L:\Common2\EDP\AUTO E INVOICE"
"BALAMURUGAN","EDP","2","L:\Common2\EDP\BALAMURUGAN"
"Core dll","EDP","2","L:\Common2\EDP\Core dll"
"CostMasters_Presentation","EDP","2","L:\Common2\EDP\CostMasters_Presentation"
"Customer Training","EDP","2","L:\Common2\EDP\Customer Training"
"DQM","EDP","2","L:\Common2\EDP\DQM"
"E- invoice file","EDP","2","L:\Common2\EDP\E- invoice file"
"HCL","EDP","2","L:\Common2\EDP\HCL"
"inv","EDP","2","L:\Common2\EDP\inv"
"INVOICE FILE 2","EDP","2","L:\Common2\EDP\INVOICE FILE 2"
"Invoice Header","EDP","2","L:\Common2\EDP\Invoice Header"
"INVOICE WEBSERVICE","EDP","2","L:\Common2\EDP\INVOICE WEBSERVICE"
"Invoice_printing-main","EDP","2","L:\Common2\EDP\Invoice_printing-main"
"inv_print_pdf","EDP","2","L:\Common2\EDP\inv_print_pdf"
"JEPC AGENT","EDP","2","L:\Common2\EDP\JEPC AGENT"
"KAVIYA-DEALER","EDP","2","L:\Common2\EDP\KAVIYA-DEALER"
"Kumar","EDP","2","L:\Common2\EDP\Kumar"
"LOT_PRINT","EDP","2","L:\Common2\EDP\LOT_PRINT"
"MailKit-master","EDP","2","L:\Common2\EDP\MailKit-master"
"Maniraj","EDP","2","L:\Common2\EDP\Maniraj"
"New folder","EDP","2","L:\Common2\EDP\New folder"
"NEW VIDEOS","EDP","2","L:\Common2\EDP\NEW VIDEOS"
"Product Handing Over","EDP","2","L:\Common2\EDP\Product Handing Over"
"Rahul","EDP","2","L:\Common2\EDP\Rahul"
"ROHITH","EDP","2","L:\Common2\EDP\ROHITH"
"Safety","EDP","2","L:\Common2\EDP\Safety"
"SANGEETHA","EDP","2","L:\Common2\EDP\SANGEETHA"
"SARANYA","EDP","2","L:\Common2\EDP\SARANYA"
"SATHEESH KUMAR. C (SKC)","EDP","2","L:\Common2\EDP\SATHEESH KUMAR. C (SKC)"
"SATHISH","EDP","2","L:\Common2\EDP\SATHISH"
"scm_new","EDP","2","L:\Common2\EDP\scm_new"
"SCM_Update Project","EDP","2","L:\Common2\EDP\SCM_Update Project"
"SFDC REQUIREMENTS","EDP","2","L:\Common2\EDP\SFDC REQUIREMENTS"
"SINDHU CBE 2","EDP","2","L:\Common2\EDP\SINDHU CBE 2"
"Sivalingam","EDP","2","L:\Common2\EDP\Sivalingam"
"Sivan","EDP","2","L:\Common2\EDP\Sivan"
"sumathi","EDP","2","L:\Common2\EDP\sumathi"
"Surya","EDP","2","L:\Common2\EDP\Surya"
"To print A3","EDP","2","L:\Common2\EDP\To print A3"
"WeeklyPlan","EDP","2","L:\Common2\EDP\WeeklyPlan"
"SCM_Update Project","11feb26 scm","3","L:\Common2\EDP\11feb26 scm\SCM_Update Project"
"scm_new","SCM_Update Project","4","L:\Common2\EDP\11feb26 scm\SCM_Update Project\scm_new"
".vs","scm_new","5","L:\Common2\EDP\11feb26 scm\SCM_Update Project\scm_new\.vs"
"animated","scm_new","5","L:\Common2\EDP\11feb26 scm\SCM_Update Project\scm_new\animated"
"App_Code","scm_new","5","L:\Common2\EDP\11feb26 scm\SCM_Update Project\scm_new\App_Code"
"App_Data","scm_new","5","L:\Common2\EDP\11feb26 scm\SCM_Update Project\scm_new\App_Data"
"App_Themes","scm_new","5","L:\Common2\EDP\11feb26 scm\SCM_Update Project\scm_new\App_Themes"
"attach","scm_new","5","L:\Common2\EDP\11feb26 scm\SCM_Update Project\scm_new\attach"
"auto_comp","scm_new","5","L:\Common2\EDP\11feb26 scm\SCM_Update Project\scm_new\auto_comp"
"Bin","scm_new","5","L:\Common2\EDP\11feb26 scm\SCM_Update Project\scm_new\Bin"
"Bus_Project","scm_new","5","L:\Common2\EDP\11feb26 scm\SCM_Update Project\scm_new\Bus_Project"
"cal","scm_new","5","L:\Common2\EDP\11feb26 scm\SCM_Update Project\scm_new\cal"
"Calendar","scm_new","5","L:\Common2\EDP\11feb26 scm\SCM_Update Project\scm_new\Calendar"
"CSS","scm_new","5","L:\Common2\EDP\11feb26 scm\SCM_Update Project\scm_new\CSS"
"DGV_js","scm_new","5","L:\Common2\EDP\11feb26 scm\SCM_Update Project\scm_new\DGV_js"
"DGV_Scripts","scm_new","5","L:\Common2\EDP\11feb26 scm\SCM_Update Project\scm_new\DGV_Scripts"
"ff","scm_new","5","L:\Common2\EDP\11feb26 scm\SCM_Update Project\scm_new\ff"
"Files","scm_new","5","L:\Common2\EDP\11feb26 scm\SCM_Update Project\scm_new\Files"
"form162021k","scm_new","5","L:\Common2\EDP\11feb26 scm\SCM_Update Project\scm_new\form162021k"
"form162122k","scm_new","5","L:\Common2\EDP\11feb26 scm\SCM_Update Project\scm_new\form162122k"
"FusionCharts","scm_new","5","L:\Common2\EDP\11feb26 scm\SCM_Update Project\scm_new\FusionCharts"
"gg","scm_new","5","L:\Common2\EDP\11feb26 scm\SCM_Update Project\scm_new\gg"
"HtmlPage_files","scm_new","5","L:\Common2\EDP\11feb26 scm\SCM_Update Project\scm_new\HtmlPage_files"
"ie","scm_new","5","L:\Common2\EDP\11feb26 scm\SCM_Update Project\scm_new\ie"
"images","scm_new","5","L:\Common2\EDP\11feb26 scm\SCM_Update Project\scm_new\images"
"IMG","scm_new","5","L:\Common2\EDP\11feb26 scm\SCM_Update Project\scm_new\IMG"
"Import","scm_new","5","L:\Common2\EDP\11feb26 scm\SCM_Update Project\scm_new\Import"
"Info_Img","scm_new","5","L:\Common2\EDP\11feb26 scm\SCM_Update Project\scm_new\Info_Img"
"ipd","scm_new","5","L:\Common2\EDP\11feb26 scm\SCM_Update Project\scm_new\ipd"
"j26","scm_new","5","L:\Common2\EDP\11feb26 scm\SCM_Update Project\scm_new\j26"
"jigmenu","scm_new","5","L:\Common2\EDP\11feb26 scm\SCM_Update Project\scm_new\jigmenu"
"jq","scm_new","5","L:\Common2\EDP\11feb26 scm\SCM_Update Project\scm_new\jq"
"jqm4.1","scm_new","5","L:\Common2\EDP\11feb26 scm\SCM_Update Project\scm_new\jqm4.1"
"JS","scm_new","5","L:\Common2\EDP\11feb26 scm\SCM_Update Project\scm_new\JS"
"mobile","scm_new","5","L:\Common2\EDP\11feb26 scm\SCM_Update Project\scm_new\mobile"
"NY","scm_new","5","L:\Common2\EDP\11feb26 scm\SCM_Update Project\scm_new\NY"
"oth_img","scm_new","5","L:\Common2\EDP\11feb26 scm\SCM_Update Project\scm_new\oth_img"
"pdf","scm_new","5","L:\Common2\EDP\11feb26 scm\SCM_Update Project\scm_new\pdf"
"Popup","scm_new","5","L:\Common2\EDP\11feb26 scm\SCM_Update Project\scm_new\Popup"
"popupscript","scm_new","5","L:\Common2\EDP\11feb26 scm\SCM_Update Project\scm_new\popupscript"
"popup_script","scm_new","5","L:\Common2\EDP\11feb26 scm\SCM_Update Project\scm_new\popup_script"
"rd","scm_new","5","L:\Common2\EDP\11feb26 scm\SCM_Update Project\scm_new\rd"
"rpd","scm_new","5","L:\Common2\EDP\11feb26 scm\SCM_Update Project\scm_new\rpd"
"rpd2","scm_new","5","L:\Common2\EDP\11feb26 scm\SCM_Update Project\scm_new\rpd2"
"SCM_Mobile","scm_new","5","L:\Common2\EDP\11feb26 scm\SCM_Update Project\scm_new\SCM_Mobile"
"skyform162223k","scm_new","5","L:\Common2\EDP\11feb26 scm\SCM_Update Project\scm_new\skyform162223k"
"Table_Filter","scm_new","5","L:\Common2\EDP\11feb26 scm\SCM_Update Project\scm_new\Table_Filter"
"TabSupport","scm_new","5","L:\Common2\EDP\11feb26 scm\SCM_Update Project\scm_new\TabSupport"
"vvip","scm_new","5","L:\Common2\EDP\11feb26 scm\SCM_Update Project\scm_new\vvip"
"windowfiles","scm_new","5","L:\Common2\EDP\11feb26 scm\SCM_Update Project\scm_new\windowfiles"
"scm_new",".vs","6","L:\Common2\EDP\11feb26 scm\SCM_Update Project\scm_new\.vs\scm_new"
"config","scm_new","7","L:\Common2\EDP\11feb26 scm\SCM_Update Project\scm_new\.vs\scm_new\config"
"FileContentIndex","scm_new","7","L:\Common2\EDP\11feb26 scm\SCM_Update Project\scm_new\.vs\scm_new\FileContentIndex"
"v17","scm_new","7","L:\Common2\EDP\11feb26 scm\SCM_Update Project\scm_new\.vs\scm_new\v17"
"VBCode","App_Code","6","L:\Common2\EDP\11feb26 scm\SCM_Update Project\scm_new\App_Code\VBCode"
"PublishProfiles","App_Data","6","L:\Common2\EDP\11feb26 scm\SCM_Update Project\scm_new\App_Data\PublishProfiles"
"Jan_Common_Skin","App_Themes","6","L:\Common2\EDP\11feb26 scm\SCM_Update Project\scm_new\App_Themes\Jan_Common_Skin"
"Images","Bus_Project","6","L:\Common2\EDP\11feb26 scm\SCM_Update Project\scm_new\Bus_Project\Images"
"images","Calendar","6","L:\Common2\EDP\11feb26 scm\SCM_Update Project\scm_new\Calendar\images"
"images","CSS","6","L:\Common2\EDP\11feb26 scm\SCM_Update Project\scm_new\CSS\images"
"JS","DGV_js","6","L:\Common2\EDP\11feb26 scm\SCM_Update Project\scm_new\DGV_js\JS"
"extras","JS","7","L:\Common2\EDP\11feb26 scm\SCM_Update Project\scm_new\DGV_js\JS\extras"
"parsers","JS","7","L:\Common2\EDP\11feb26 scm\SCM_Update Project\scm_new\DGV_js\JS\parsers"
"widgets","JS","7","L:\Common2\EDP\11feb26 scm\SCM_Update Project\scm_new\DGV_js\JS\widgets"
"src","DGV_Scripts","6","L:\Common2\EDP\11feb26 scm\SCM_Update Project\scm_new\DGV_Scripts\src"
"tip_balloon","DGV_Scripts","6","L:\Common2\EDP\11feb26 scm\SCM_Update Project\scm_new\DGV_Scripts\tip_balloon"
"NEW","form162122k","6","L:\Common2\EDP\11feb26 scm\SCM_Update Project\scm_new\form162122k\NEW"
"css3menu1","HtmlPage_files","6","L:\Common2\EDP\11feb26 scm\SCM_Update Project\scm_new\HtmlPage_files\css3menu1"
"NewFolder1","images","6","L:\Common2\EDP\11feb26 scm\SCM_Update Project\scm_new\images\NewFolder1"
"cal","Import","6","L:\Common2\EDP\11feb26 scm\SCM_Update Project\scm_new\Import\cal"
"Calendar","Import","6","L:\Common2\EDP\11feb26 scm\SCM_Update Project\scm_new\Import\Calendar"
"css","Import","6","L:\Common2\EDP\11feb26 scm\SCM_Update Project\scm_new\Import\css"
"images","Import","6","L:\Common2\EDP\11feb26 scm\SCM_Update Project\scm_new\Import\images"
"Img","Import","6","L:\Common2\EDP\11feb26 scm\SCM_Update Project\scm_new\Import\Img"
"jan_cal","Import","6","L:\Common2\EDP\11feb26 scm\SCM_Update Project\scm_new\Import\jan_cal"
"jquery","Import","6","L:\Common2\EDP\11feb26 scm\SCM_Update Project\scm_new\Import\jquery"
"js","Import","6","L:\Common2\EDP\11feb26 scm\SCM_Update Project\scm_new\Import\js"
"tooltip","Import","6","L:\Common2\EDP\11feb26 scm\SCM_Update Project\scm_new\Import\tooltip"
"images","Calendar","7","L:\Common2\EDP\11feb26 scm\SCM_Update Project\scm_new\Import\Calendar\images"
"images","css","7","L:\Common2\EDP\11feb26 scm\SCM_Update Project\scm_new\Import\css\images"
"Img","css","7","L:\Common2\EDP\11feb26 scm\SCM_Update Project\scm_new\Import\css\Img"
"css","j26","6","L:\Common2\EDP\11feb26 scm\SCM_Update Project\scm_new\j26\css"
"img","j26","6","L:\Common2\EDP\11feb26 scm\SCM_Update Project\scm_new\j26\img"
"js","j26","6","L:\Common2\EDP\11feb26 scm\SCM_Update Project\scm_new\j26\js"
"slides","j26","6","L:\Common2\EDP\11feb26 scm\SCM_Update Project\scm_new\j26\slides"
"Song","j26","6","L:\Common2\EDP\11feb26 scm\SCM_Update Project\scm_new\j26\Song"
"images","jigmenu","6","L:\Common2\EDP\11feb26 scm\SCM_Update Project\scm_new\jigmenu\images"
"js","jigmenu","6","L:\Common2\EDP\11feb26 scm\SCM_Update Project\scm_new\jigmenu\js"
"images","jqm4.1","6","L:\Common2\EDP\11feb26 scm\SCM_Update Project\scm_new\jqm4.1\images"
"icons-png","images","7","L:\Common2\EDP\11feb26 scm\SCM_Update Project\scm_new\jqm4.1\images\icons-png"
"icons-svg","images","7","L:\Common2\EDP\11feb26 scm\SCM_Update Project\scm_new\jqm4.1\images\icons-svg"
"Images","mobile","6","L:\Common2\EDP\11feb26 scm\SCM_Update Project\scm_new\mobile\Images"
"images","Popup","6","L:\Common2\EDP\11feb26 scm\SCM_Update Project\scm_new\Popup\images"
"images","popupscript","6","L:\Common2\EDP\11feb26 scm\SCM_Update Project\scm_new\popupscript\images"
"CSS","SCM_Mobile","6","L:\Common2\EDP\11feb26 scm\SCM_Update Project\scm_new\SCM_Mobile\CSS"
"image","SCM_Mobile","6","L:\Common2\EDP\11feb26 scm\SCM_Update Project\scm_new\SCM_Mobile\image"
"images","SCM_Mobile","6","L:\Common2\EDP\11feb26 scm\SCM_Update Project\scm_new\SCM_Mobile\images"
"JS","SCM_Mobile","6","L:\Common2\EDP\11feb26 scm\SCM_Update Project\scm_new\SCM_Mobile\JS"
"oLD","SCM_Mobile","6","L:\Common2\EDP\11feb26 scm\SCM_Update Project\scm_new\SCM_Mobile\oLD"
"CSS","oLD","7","L:\Common2\EDP\11feb26 scm\SCM_Update Project\scm_new\SCM_Mobile\oLD\CSS"
"image","oLD","7","L:\Common2\EDP\11feb26 scm\SCM_Update Project\scm_new\SCM_Mobile\oLD\image"
"images","oLD","7","L:\Common2\EDP\11feb26 scm\SCM_Update Project\scm_new\SCM_Mobile\oLD\images"
"JS","oLD","7","L:\Common2\EDP\11feb26 scm\SCM_Update Project\scm_new\SCM_Mobile\oLD\JS"
"css","TabSupport","6","L:\Common2\EDP\11feb26 scm\SCM_Update Project\scm_new\TabSupport\css"
"images","TabSupport","6","L:\Common2\EDP\11feb26 scm\SCM_Update Project\scm_new\TabSupport\images"
"js","TabSupport","6","L:\Common2\EDP\11feb26 scm\SCM_Update Project\scm_new\TabSupport\js"
"BAM","AARU","3","L:\Common2\EDP\AARU\BAM"
"PRESENTATION","AARU","3","L:\Common2\EDP\AARU\PRESENTATION"
"Works","AARU","3","L:\Common2\EDP\AARU\Works"
"AARATHYA REPORTS","Works","4","L:\Common2\EDP\AARU\Works\AARATHYA REPORTS"
"amr roaming test2","AMR","3","L:\Common2\EDP\AMR\amr roaming test2"
"amr testing_5.4.26","AMR","3","L:\Common2\EDP\AMR\amr testing_5.4.26"
"archived","amr testing_5.4.26","4","L:\Common2\EDP\AMR\amr testing_5.4.26\archived"
"5s standartion","Ananthi","3","L:\Common2\EDP\Ananthi\5s standartion"
"inhouse-new","Ananthi","3","L:\Common2\EDP\Ananthi\inhouse-new"
"JCISA","Ananthi","3","L:\Common2\EDP\Ananthi\JCISA"
"assets","5s standartion","4","L:\Common2\EDP\Ananthi\5s standartion\assets"
"image","5s standartion","4","L:\Common2\EDP\Ananthi\5s standartion\image"
"obj","5s standartion","4","L:\Common2\EDP\Ananthi\5s standartion\obj"
"images","assets","5","L:\Common2\EDP\Ananthi\5s standartion\assets\images"
"Release","obj","5","L:\Common2\EDP\Ananthi\5s standartion\obj\Release"
"Package","Release","6","L:\Common2\EDP\Ananthi\5s standartion\obj\Release\Package"
"PackageTmp","Package","7","L:\Common2\EDP\Ananthi\5s standartion\obj\Release\Package\PackageTmp"
"assets","PackageTmp","8","L:\Common2\EDP\Ananthi\5s standartion\obj\Release\Package\PackageTmp\assets"
"image","PackageTmp","8","L:\Common2\EDP\Ananthi\5s standartion\obj\Release\Package\PackageTmp\image"
"obj","PackageTmp","8","L:\Common2\EDP\Ananthi\5s standartion\obj\Release\Package\PackageTmp\obj"
"images","assets","9","L:\Common2\EDP\Ananthi\5s standartion\obj\Release\Package\PackageTmp\assets\images"
"Release","obj","9","L:\Common2\EDP\Ananthi\5s standartion\obj\Release\Package\PackageTmp\obj\Release"
"Package","Release","10","L:\Common2\EDP\Ananthi\5s standartion\obj\Release\Package\PackageTmp\obj\Release\Package"
"PackageTmp","Package","11","L:\Common2\EDP\Ananthi\5s standartion\obj\Release\Package\PackageTmp\obj\Release\Package\PackageTmp"
"assets","PackageTmp","12","L:\Common2\EDP\Ananthi\5s standartion\obj\Release\Package\PackageTmp\obj\Release\Package\PackageTmp\assets"
"image","PackageTmp","12","L:\Common2\EDP\Ananthi\5s standartion\obj\Release\Package\PackageTmp\obj\Release\Package\PackageTmp\image"
"images","assets","13","L:\Common2\EDP\Ananthi\5s standartion\obj\Release\Package\PackageTmp\obj\Release\Package\PackageTmp\assets\images"
"Backup","inhouse-new","4","L:\Common2\EDP\Ananthi\inhouse-new\Backup"
"inhouse-new","inhouse-new","4","L:\Common2\EDP\Ananthi\inhouse-new\inhouse-new"
"inhouse-new","Backup","5","L:\Common2\EDP\Ananthi\inhouse-new\Backup\inhouse-new"
"images","inhouse-new","6","L:\Common2\EDP\Ananthi\inhouse-new\Backup\inhouse-new\images"
"resources","inhouse-new","6","L:\Common2\EDP\Ananthi\inhouse-new\Backup\inhouse-new\resources"
"images","inhouse-new","5","L:\Common2\EDP\Ananthi\inhouse-new\inhouse-new\images"
"resources","inhouse-new","5","L:\Common2\EDP\Ananthi\inhouse-new\inhouse-new\resources"
"backend","Ananthi.K (OpenAI)","3","L:\Common2\EDP\Ananthi.K (OpenAI)\backend"
"Dealer_Dubai_new","Ananthi.K (OpenAI)","3","L:\Common2\EDP\Ananthi.K (OpenAI)\Dealer_Dubai_new"
"dms-fullstack","Ananthi.K (OpenAI)","3","L:\Common2\EDP\Ananthi.K (OpenAI)\dms-fullstack"
"englishtoVita","Ananthi.K (OpenAI)","3","L:\Common2\EDP\Ananthi.K (OpenAI)\englishtoVita"
"English_to_Viet_New","Ananthi.K (OpenAI)","3","L:\Common2\EDP\Ananthi.K (OpenAI)\English_to_Viet_New"
"file_upload_sfdc","Ananthi.K (OpenAI)","3","L:\Common2\EDP\Ananthi.K (OpenAI)\file_upload_sfdc"
"new_offline_card","Ananthi.K (OpenAI)","3","L:\Common2\EDP\Ananthi.K (OpenAI)\new_offline_card"
"new_offline_cards","Ananthi.K (OpenAI)","3","L:\Common2\EDP\Ananthi.K (OpenAI)\new_offline_cards"
"New_offline_card_18.3","Ananthi.K (OpenAI)","3","L:\Common2\EDP\Ananthi.K (OpenAI)\New_offline_card_18.3"
"Order_Entry","Ananthi.K (OpenAI)","3","L:\Common2\EDP\Ananthi.K (OpenAI)\Order_Entry"
"VIETNAME OA","Ananthi.K (OpenAI)","3","L:\Common2\EDP\Ananthi.K (OpenAI)\VIETNAME OA"
"bin","backend","4","L:\Common2\EDP\Ananthi.K (OpenAI)\backend\bin"
"Controllers","backend","4","L:\Common2\EDP\Ananthi.K (OpenAI)\backend\Controllers"
"Data","backend","4","L:\Common2\EDP\Ananthi.K (OpenAI)\backend\Data"
"DTOs","backend","4","L:\Common2\EDP\Ananthi.K (OpenAI)\backend\DTOs"
"Middleware","backend","4","L:\Common2\EDP\Ananthi.K (OpenAI)\backend\Middleware"
"Models","backend","4","L:\Common2\EDP\Ananthi.K (OpenAI)\backend\Models"
"obj","backend","4","L:\Common2\EDP\Ananthi.K (OpenAI)\backend\obj"
"Properties","backend","4","L:\Common2\EDP\Ananthi.K (OpenAI)\backend\Properties"
"Services","backend","4","L:\Common2\EDP\Ananthi.K (OpenAI)\backend\Services"
"{Controllers,Models,Services,DTOs,Middleware,Data,Helpers}","backend","4","L:\Common2\EDP\Ananthi.K (OpenAI)\backend\{Controllers,Models,Services,DTOs,Middleware,Data,Helpers}"
"Debug","bin","5","L:\Common2\EDP\Ananthi.K (OpenAI)\backend\bin\Debug"
"net8.0","Debug","6","L:\Common2\EDP\Ananthi.K (OpenAI)\backend\bin\Debug\net8.0"
"cs","net8.0","7","L:\Common2\EDP\Ananthi.K (OpenAI)\backend\bin\Debug\net8.0\cs"
"de","net8.0","7","L:\Common2\EDP\Ananthi.K (OpenAI)\backend\bin\Debug\net8.0\de"
"es","net8.0","7","L:\Common2\EDP\Ananthi.K (OpenAI)\backend\bin\Debug\net8.0\es"
"fr","net8.0","7","L:\Common2\EDP\Ananthi.K (OpenAI)\backend\bin\Debug\net8.0\fr"
"it","net8.0","7","L:\Common2\EDP\Ananthi.K (OpenAI)\backend\bin\Debug\net8.0\it"
"ja","net8.0","7","L:\Common2\EDP\Ananthi.K (OpenAI)\backend\bin\Debug\net8.0\ja"
"ko","net8.0","7","L:\Common2\EDP\Ananthi.K (OpenAI)\backend\bin\Debug\net8.0\ko"
"pl","net8.0","7","L:\Common2\EDP\Ananthi.K (OpenAI)\backend\bin\Debug\net8.0\pl"
"pt-BR","net8.0","7","L:\Common2\EDP\Ananthi.K (OpenAI)\backend\bin\Debug\net8.0\pt-BR"
"ru","net8.0","7","L:\Common2\EDP\Ananthi.K (OpenAI)\backend\bin\Debug\net8.0\ru"
"runtimes","net8.0","7","L:\Common2\EDP\Ananthi.K (OpenAI)\backend\bin\Debug\net8.0\runtimes"
"tr","net8.0","7","L:\Common2\EDP\Ananthi.K (OpenAI)\backend\bin\Debug\net8.0\tr"
"zh-Hans","net8.0","7","L:\Common2\EDP\Ananthi.K (OpenAI)\backend\bin\Debug\net8.0\zh-Hans"
"zh-Hant","net8.0","7","L:\Common2\EDP\Ananthi.K (OpenAI)\backend\bin\Debug\net8.0\zh-Hant"
"unix","runtimes","8","L:\Common2\EDP\Ananthi.K (OpenAI)\backend\bin\Debug\net8.0\runtimes\unix"
"win","runtimes","8","L:\Common2\EDP\Ananthi.K (OpenAI)\backend\bin\Debug\net8.0\runtimes\win"
"win-arm","runtimes","8","L:\Common2\EDP\Ananthi.K (OpenAI)\backend\bin\Debug\net8.0\runtimes\win-arm"
"win-arm64","runtimes","8","L:\Common2\EDP\Ananthi.K (OpenAI)\backend\bin\Debug\net8.0\runtimes\win-arm64"
"win-x64","runtimes","8","L:\Common2\EDP\Ananthi.K (OpenAI)\backend\bin\Debug\net8.0\runtimes\win-x64"
"win-x86","runtimes","8","L:\Common2\EDP\Ananthi.K (OpenAI)\backend\bin\Debug\net8.0\runtimes\win-x86"
"lib","unix","9","L:\Common2\EDP\Ananthi.K (OpenAI)\backend\bin\Debug\net8.0\runtimes\unix\lib"
"net6.0","lib","10","L:\Common2\EDP\Ananthi.K (OpenAI)\backend\bin\Debug\net8.0\runtimes\unix\lib\net6.0"
"lib","win","9","L:\Common2\EDP\Ananthi.K (OpenAI)\backend\bin\Debug\net8.0\runtimes\win\lib"
"net6.0","lib","10","L:\Common2\EDP\Ananthi.K (OpenAI)\backend\bin\Debug\net8.0\runtimes\win\lib\net6.0"
"native","win-arm","9","L:\Common2\EDP\Ananthi.K (OpenAI)\backend\bin\Debug\net8.0\runtimes\win-arm\native"
"native","win-arm64","9","L:\Common2\EDP\Ananthi.K (OpenAI)\backend\bin\Debug\net8.0\runtimes\win-arm64\native"
"native","win-x64","9","L:\Common2\EDP\Ananthi.K (OpenAI)\backend\bin\Debug\net8.0\runtimes\win-x64\native"
"native","win-x86","9","L:\Common2\EDP\Ananthi.K (OpenAI)\backend\bin\Debug\net8.0\runtimes\win-x86\native"
"Debug","obj","5","L:\Common2\EDP\Ananthi.K (OpenAI)\backend\obj\Debug"
"net8.0","Debug","6","L:\Common2\EDP\Ananthi.K (OpenAI)\backend\obj\Debug\net8.0"
"EndpointInfo","net8.0","7","L:\Common2\EDP\Ananthi.K (OpenAI)\backend\obj\Debug\net8.0\EndpointInfo"
"ref","net8.0","7","L:\Common2\EDP\Ananthi.K (OpenAI)\backend\obj\Debug\net8.0\ref"
"refint","net8.0","7","L:\Common2\EDP\Ananthi.K (OpenAI)\backend\obj\Debug\net8.0\refint"
"staticwebassets","net8.0","7","L:\Common2\EDP\Ananthi.K (OpenAI)\backend\obj\Debug\net8.0\staticwebassets"
"Addons","Dealer_Dubai_new","4","L:\Common2\EDP\Ananthi.K (OpenAI)\Dealer_Dubai_new\Addons"
"App_Code","Dealer_Dubai_new","4","L:\Common2\EDP\Ananthi.K (OpenAI)\Dealer_Dubai_new\App_Code"
"App_Data","Dealer_Dubai_new","4","L:\Common2\EDP\Ananthi.K (OpenAI)\Dealer_Dubai_new\App_Data"
"App_LocalResources","Dealer_Dubai_new","4","L:\Common2\EDP\Ananthi.K (OpenAI)\Dealer_Dubai_new\App_LocalResources"
"App_Themes","Dealer_Dubai_new","4","L:\Common2\EDP\Ananthi.K (OpenAI)\Dealer_Dubai_new\App_Themes"
"ASRN","Dealer_Dubai_new","4","L:\Common2\EDP\Ananthi.K (OpenAI)\Dealer_Dubai_new\ASRN"
"assets","Dealer_Dubai_new","4","L:\Common2\EDP\Ananthi.K (OpenAI)\Dealer_Dubai_new\assets"
"auto_comp","Dealer_Dubai_new","4","L:\Common2\EDP\Ananthi.K (OpenAI)\Dealer_Dubai_new\auto_comp"
"Bin","Dealer_Dubai_new","4","L:\Common2\EDP\Ananthi.K (OpenAI)\Dealer_Dubai_new\Bin"
"Branches","Dealer_Dubai_new","4","L:\Common2\EDP\Ananthi.K (OpenAI)\Dealer_Dubai_new\Branches"
"cal","Dealer_Dubai_new","4","L:\Common2\EDP\Ananthi.K (OpenAI)\Dealer_Dubai_new\cal"
"calendar","Dealer_Dubai_new","4","L:\Common2\EDP\Ananthi.K (OpenAI)\Dealer_Dubai_new\calendar"
"ChartData","Dealer_Dubai_new","4","L:\Common2\EDP\Ananthi.K (OpenAI)\Dealer_Dubai_new\ChartData"
"Charts","Dealer_Dubai_new","4","L:\Common2\EDP\Ananthi.K (OpenAI)\Dealer_Dubai_new\Charts"
"css","Dealer_Dubai_new","4","L:\Common2\EDP\Ananthi.K (OpenAI)\Dealer_Dubai_new\css"
"css2","Dealer_Dubai_new","4","L:\Common2\EDP\Ananthi.K (OpenAI)\Dealer_Dubai_new\css2"
"Customer","Dealer_Dubai_new","4","L:\Common2\EDP\Ananthi.K (OpenAI)\Dealer_Dubai_new\Customer"
"Diwali","Dealer_Dubai_new","4","L:\Common2\EDP\Ananthi.K (OpenAI)\Dealer_Dubai_new\Diwali"
"edi_excel","Dealer_Dubai_new","4","L:\Common2\EDP\Ananthi.K (OpenAI)\Dealer_Dubai_new\edi_excel"
"edi_stock_files","Dealer_Dubai_new","4","L:\Common2\EDP\Ananthi.K (OpenAI)\Dealer_Dubai_new\edi_stock_files"
"Export","Dealer_Dubai_new","4","L:\Common2\EDP\Ananthi.K (OpenAI)\Dealer_Dubai_new\Export"
"Export_Invoices","Dealer_Dubai_new","4","L:\Common2\EDP\Ananthi.K (OpenAI)\Dealer_Dubai_new\Export_Invoices"
"ff","Dealer_Dubai_new","4","L:\Common2\EDP\Ananthi.K (OpenAI)\Dealer_Dubai_new\ff"
"gg","Dealer_Dubai_new","4","L:\Common2\EDP\Ananthi.K (OpenAI)\Dealer_Dubai_new\gg"
"greet","Dealer_Dubai_new","4","L:\Common2\EDP\Ananthi.K (OpenAI)\Dealer_Dubai_new\greet"
"GREET2","Dealer_Dubai_new","4","L:\Common2\EDP\Ananthi.K (OpenAI)\Dealer_Dubai_new\GREET2"
"HO","Dealer_Dubai_new","4","L:\Common2\EDP\Ananthi.K (OpenAI)\Dealer_Dubai_new\HO"
"ie","Dealer_Dubai_new","4","L:\Common2\EDP\Ananthi.K (OpenAI)\Dealer_Dubai_new\ie"
"images","Dealer_Dubai_new","4","L:\Common2\EDP\Ananthi.K (OpenAI)\Dealer_Dubai_new\images"
"img","Dealer_Dubai_new","4","L:\Common2\EDP\Ananthi.K (OpenAI)\Dealer_Dubai_new\img"
"ImgNew","Dealer_Dubai_new","4","L:\Common2\EDP\Ananthi.K (OpenAI)\Dealer_Dubai_new\ImgNew"
"Info","Dealer_Dubai_new","4","L:\Common2\EDP\Ananthi.K (OpenAI)\Dealer_Dubai_new\Info"
"ipd2","Dealer_Dubai_new","4","L:\Common2\EDP\Ananthi.K (OpenAI)\Dealer_Dubai_new\ipd2"
"jan_Cal","Dealer_Dubai_new","4","L:\Common2\EDP\Ananthi.K (OpenAI)\Dealer_Dubai_new\jan_Cal"
"js","Dealer_Dubai_new","4","L:\Common2\EDP\Ananthi.K (OpenAI)\Dealer_Dubai_new\js"
"Jvideos","Dealer_Dubai_new","4","L:\Common2\EDP\Ananthi.K (OpenAI)\Dealer_Dubai_new\Jvideos"
"Manual","Dealer_Dubai_new","4","L:\Common2\EDP\Ananthi.K (OpenAI)\Dealer_Dubai_new\Manual"
"menu","Dealer_Dubai_new","4","L:\Common2\EDP\Ananthi.K (OpenAI)\Dealer_Dubai_new\menu"
"Menu2","Dealer_Dubai_new","4","L:\Common2\EDP\Ananthi.K (OpenAI)\Dealer_Dubai_new\Menu2"
"Menus","Dealer_Dubai_new","4","L:\Common2\EDP\Ananthi.K (OpenAI)\Dealer_Dubai_new\Menus"
"Modal","Dealer_Dubai_new","4","L:\Common2\EDP\Ananthi.K (OpenAI)\Dealer_Dubai_new\Modal"
"Movies","Dealer_Dubai_new","4","L:\Common2\EDP\Ananthi.K (OpenAI)\Dealer_Dubai_new\Movies"
"New folder","Dealer_Dubai_new","4","L:\Common2\EDP\Ananthi.K (OpenAI)\Dealer_Dubai_new\New folder"
"New_CSS","Dealer_Dubai_new","4","L:\Common2\EDP\Ananthi.K (OpenAI)\Dealer_Dubai_new\New_CSS"
"New_Export_Order","Dealer_Dubai_new","4","L:\Common2\EDP\Ananthi.K (OpenAI)\Dealer_Dubai_new\New_Export_Order"
"New_Prod","Dealer_Dubai_new","4","L:\Common2\EDP\Ananthi.K (OpenAI)\Dealer_Dubai_new\New_Prod"
"ny","Dealer_Dubai_new","4","L:\Common2\EDP\Ananthi.K (OpenAI)\Dealer_Dubai_new\ny"
"nyimg","Dealer_Dubai_new","4","L:\Common2\EDP\Ananthi.K (OpenAI)\Dealer_Dubai_new\nyimg"
"PDFs","Dealer_Dubai_new","4","L:\Common2\EDP\Ananthi.K (OpenAI)\Dealer_Dubai_new\PDFs"
"POPUP","Dealer_Dubai_new","4","L:\Common2\EDP\Ananthi.K (OpenAI)\Dealer_Dubai_new\POPUP"
"Products","Dealer_Dubai_new","4","L:\Common2\EDP\Ananthi.K (OpenAI)\Dealer_Dubai_new\Products"
"Quotation","Dealer_Dubai_new","4","L:\Common2\EDP\Ananthi.K (OpenAI)\Dealer_Dubai_new\Quotation"
"REF","Dealer_Dubai_new","4","L:\Common2\EDP\Ananthi.K (OpenAI)\Dealer_Dubai_new\REF"
"rpd","Dealer_Dubai_new","4","L:\Common2\EDP\Ananthi.K (OpenAI)\Dealer_Dubai_new\rpd"
"rpdold","Dealer_Dubai_new","4","L:\Common2\EDP\Ananthi.K (OpenAI)\Dealer_Dubai_new\rpdold"
"ScreenShots","Dealer_Dubai_new","4","L:\Common2\EDP\Ananthi.K (OpenAI)\Dealer_Dubai_new\ScreenShots"
"services","Dealer_Dubai_new","4","L:\Common2\EDP\Ananthi.K (OpenAI)\Dealer_Dubai_new\services"
"Stock","Dealer_Dubai_new","4","L:\Common2\EDP\Ananthi.K (OpenAI)\Dealer_Dubai_new\Stock"
"Toast","Dealer_Dubai_new","4","L:\Common2\EDP\Ananthi.K (OpenAI)\Dealer_Dubai_new\Toast"
"tod","Dealer_Dubai_new","4","L:\Common2\EDP\Ananthi.K (OpenAI)\Dealer_Dubai_new\tod"
"Tutorial","Dealer_Dubai_new","4","L:\Common2\EDP\Ananthi.K (OpenAI)\Dealer_Dubai_new\Tutorial"
"Tutorial2","Dealer_Dubai_new","4","L:\Common2\EDP\Ananthi.K (OpenAI)\Dealer_Dubai_new\Tutorial2"
"WebCharts","Dealer_Dubai_new","4","L:\Common2\EDP\Ananthi.K (OpenAI)\Dealer_Dubai_new\WebCharts"
"windowfiles","Dealer_Dubai_new","4","L:\Common2\EDP\Ananthi.K (OpenAI)\Dealer_Dubai_new\windowfiles"
"xml","Dealer_Dubai_new","4","L:\Common2\EDP\Ananthi.K (OpenAI)\Dealer_Dubai_new\xml"
"BIP-PART A COMMON_files","Addons","5","L:\Common2\EDP\Ananthi.K (OpenAI)\Dealer_Dubai_new\Addons\BIP-PART A COMMON_files"
"Oracle","App_Code","5","L:\Common2\EDP\Ananthi.K (OpenAI)\Dealer_Dubai_new\App_Code\Oracle"
"PublishProfiles","App_Data","5","L:\Common2\EDP\Ananthi.K (OpenAI)\Dealer_Dubai_new\App_Data\PublishProfiles"
"Janatics_CRM_Controls","App_Themes","5","L:\Common2\EDP\Ananthi.K (OpenAI)\Dealer_Dubai_new\App_Themes\Janatics_CRM_Controls"
"SkinFile","App_Themes","5","L:\Common2\EDP\Ananthi.K (OpenAI)\Dealer_Dubai_new\App_Themes\SkinFile"
"ar","Bin","5","L:\Common2\EDP\Ananthi.K (OpenAI)\Dealer_Dubai_new\Bin\ar"
"cs","Bin","5","L:\Common2\EDP\Ananthi.K (OpenAI)\Dealer_Dubai_new\Bin\cs"
"de","Bin","5","L:\Common2\EDP\Ananthi.K (OpenAI)\Dealer_Dubai_new\Bin\de"
"es","Bin","5","L:\Common2\EDP\Ananthi.K (OpenAI)\Dealer_Dubai_new\Bin\es"
"fr","Bin","5","L:\Common2\EDP\Ananthi.K (OpenAI)\Dealer_Dubai_new\Bin\fr"
"he","Bin","5","L:\Common2\EDP\Ananthi.K (OpenAI)\Dealer_Dubai_new\Bin\he"
"hi","Bin","5","L:\Common2\EDP\Ananthi.K (OpenAI)\Dealer_Dubai_new\Bin\hi"
"it","Bin","5","L:\Common2\EDP\Ananthi.K (OpenAI)\Dealer_Dubai_new\Bin\it"
"ja","Bin","5","L:\Common2\EDP\Ananthi.K (OpenAI)\Dealer_Dubai_new\Bin\ja"
"ko","Bin","5","L:\Common2\EDP\Ananthi.K (OpenAI)\Dealer_Dubai_new\Bin\ko"
"nl","Bin","5","L:\Common2\EDP\Ananthi.K (OpenAI)\Dealer_Dubai_new\Bin\nl"
"pt","Bin","5","L:\Common2\EDP\Ananthi.K (OpenAI)\Dealer_Dubai_new\Bin\pt"
"ru","Bin","5","L:\Common2\EDP\Ananthi.K (OpenAI)\Dealer_Dubai_new\Bin\ru"
"tr-TR","Bin","5","L:\Common2\EDP\Ananthi.K (OpenAI)\Dealer_Dubai_new\Bin\tr-TR"
"zh-CHS","Bin","5","L:\Common2\EDP\Ananthi.K (OpenAI)\Dealer_Dubai_new\Bin\zh-CHS"
"zh-CHT","Bin","5","L:\Common2\EDP\Ananthi.K (OpenAI)\Dealer_Dubai_new\Bin\zh-CHT"
"images","css","5","L:\Common2\EDP\Ananthi.K (OpenAI)\Dealer_Dubai_new\css\images"
"fonts","css2","5","L:\Common2\EDP\Ananthi.K (OpenAI)\Dealer_Dubai_new\css2\fonts"
"ipd","css2","5","L:\Common2\EDP\Ananthi.K (OpenAI)\Dealer_Dubai_new\css2\ipd"
"images","Customer","5","L:\Common2\EDP\Ananthi.K (OpenAI)\Dealer_Dubai_new\Customer\images"
"windowfiles","Customer","5","L:\Common2\EDP\Ananthi.K (OpenAI)\Dealer_Dubai_new\Customer\windowfiles"
"2016","Diwali","5","L:\Common2\EDP\Ananthi.K (OpenAI)\Dealer_Dubai_new\Diwali\2016"
"2017","Diwali","5","L:\Common2\EDP\Ananthi.K (OpenAI)\Dealer_Dubai_new\Diwali\2017"
"auto_comp","Export","5","L:\Common2\EDP\Ananthi.K (OpenAI)\Dealer_Dubai_new\Export\auto_comp"
"cal","Export","5","L:\Common2\EDP\Ananthi.K (OpenAI)\Dealer_Dubai_new\Export\cal"
"Cal2","Export","5","L:\Common2\EDP\Ananthi.K (OpenAI)\Dealer_Dubai_new\Export\Cal2"
"css","Export","5","L:\Common2\EDP\Ananthi.K (OpenAI)\Dealer_Dubai_new\Export\css"
"images","Export","5","L:\Common2\EDP\Ananthi.K (OpenAI)\Dealer_Dubai_new\Export\images"
"js","Export","5","L:\Common2\EDP\Ananthi.K (OpenAI)\Dealer_Dubai_new\Export\js"
"Jvideos","Export","5","L:\Common2\EDP\Ananthi.K (OpenAI)\Dealer_Dubai_new\Export\Jvideos"
"Popup","Export","5","L:\Common2\EDP\Ananthi.K (OpenAI)\Dealer_Dubai_new\Export\Popup"
"Popup2","Export","5","L:\Common2\EDP\Ananthi.K (OpenAI)\Dealer_Dubai_new\Export\Popup2"
"qp_ref_docs","Export","5","L:\Common2\EDP\Ananthi.K (OpenAI)\Dealer_Dubai_new\Export\qp_ref_docs"
"images","Cal2","6","L:\Common2\EDP\Ananthi.K (OpenAI)\Dealer_Dubai_new\Export\Cal2\images"
"images","css","6","L:\Common2\EDP\Ananthi.K (OpenAI)\Dealer_Dubai_new\Export\css\images"
"img","css","6","L:\Common2\EDP\Ananthi.K (OpenAI)\Dealer_Dubai_new\Export\css\img"
"images","Popup","6","L:\Common2\EDP\Ananthi.K (OpenAI)\Dealer_Dubai_new\Export\Popup\images"
"images","images","5","L:\Common2\EDP\Ananthi.K (OpenAI)\Dealer_Dubai_new\images\images"
"css","Info","5","L:\Common2\EDP\Ananthi.K (OpenAI)\Dealer_Dubai_new\Info\css"
"images","Info","5","L:\Common2\EDP\Ananthi.K (OpenAI)\Dealer_Dubai_new\Info\images"
"js","Info","5","L:\Common2\EDP\Ananthi.K (OpenAI)\Dealer_Dubai_new\Info\js"
"images","New_CSS","5","L:\Common2\EDP\Ananthi.K (OpenAI)\Dealer_Dubai_new\New_CSS\images"
"asset_css","New_Export_Order","5","L:\Common2\EDP\Ananthi.K (OpenAI)\Dealer_Dubai_new\New_Export_Order\asset_css"
"css","asset_css","6","L:\Common2\EDP\Ananthi.K (OpenAI)\Dealer_Dubai_new\New_Export_Order\asset_css\css"
"fonts","asset_css","6","L:\Common2\EDP\Ananthi.K (OpenAI)\Dealer_Dubai_new\New_Export_Order\asset_css\fonts"
"images","asset_css","6","L:\Common2\EDP\Ananthi.K (OpenAI)\Dealer_Dubai_new\New_Export_Order\asset_css\images"
"js","asset_css","6","L:\Common2\EDP\Ananthi.K (OpenAI)\Dealer_Dubai_new\New_Export_Order\asset_css\js"
"portfolio","images","7","L:\Common2\EDP\Ananthi.K (OpenAI)\Dealer_Dubai_new\New_Export_Order\asset_css\images\portfolio"
"slides","images","7","L:\Common2\EDP\Ananthi.K (OpenAI)\Dealer_Dubai_new\New_Export_Order\asset_css\images\slides"
"thumbs","slides","8","L:\Common2\EDP\Ananthi.K (OpenAI)\Dealer_Dubai_new\New_Export_Order\asset_css\images\slides\thumbs"
"_notes","slides","8","L:\Common2\EDP\Ananthi.K (OpenAI)\Dealer_Dubai_new\New_Export_Order\asset_css\images\slides\_notes"
"_notes","thumbs","9","L:\Common2\EDP\Ananthi.K (OpenAI)\Dealer_Dubai_new\New_Export_Order\asset_css\images\slides\thumbs\_notes"
"fancybox","js","7","L:\Common2\EDP\Ananthi.K (OpenAI)\Dealer_Dubai_new\New_Export_Order\asset_css\js\fancybox"
"1MBF90rpC9U366fKN9iCvJ0tADmN7le@EGsaKDMypkk=","PDFs","5","L:\Common2\EDP\Ananthi.K (OpenAI)\Dealer_Dubai_new\PDFs\1MBF90rpC9U366fKN9iCvJ0tADmN7le@EGsaKDMypkk="
"1MBF90rpC9U67JLnzxFwCiMQbIym0REVcsxBQlpnWk=","PDFs","5","L:\Common2\EDP\Ananthi.K (OpenAI)\Dealer_Dubai_new\PDFs\1MBF90rpC9U67JLnzxFwCiMQbIym0REVcsxBQlpnWk="
"1MBF90rpC9UCRii1wg2IrRhoJWSDhhvrAmZ1pIKKtPA=","PDFs","5","L:\Common2\EDP\Ananthi.K (OpenAI)\Dealer_Dubai_new\PDFs\1MBF90rpC9UCRii1wg2IrRhoJWSDhhvrAmZ1pIKKtPA="
"1MBF90rpC9Ue7VjWhgCSCi4rXKnVpjp@p@9c@yqX3aA=","PDFs","5","L:\Common2\EDP\Ananthi.K (OpenAI)\Dealer_Dubai_new\PDFs\1MBF90rpC9Ue7VjWhgCSCi4rXKnVpjp@p@9c@yqX3aA="
"1MBF90rpC9Ugg0RPUFbhVeKKfH24KERP6CRO@bjugQ=","PDFs","5","L:\Common2\EDP\Ananthi.K (OpenAI)\Dealer_Dubai_new\PDFs\1MBF90rpC9Ugg0RPUFbhVeKKfH24KERP6CRO@bjugQ="
"1MBF90rpC9UgMMjhLAAoLv8Uji@Ow216kl5Zbu0Q6bQ=","PDFs","5","L:\Common2\EDP\Ananthi.K (OpenAI)\Dealer_Dubai_new\PDFs\1MBF90rpC9UgMMjhLAAoLv8Uji@Ow216kl5Zbu0Q6bQ="
"1MBF90rpC9VAA2P9c1BM1qhRXZPwNSRKJY43HZLWo5k=","PDFs","5","L:\Common2\EDP\Ananthi.K (OpenAI)\Dealer_Dubai_new\PDFs\1MBF90rpC9VAA2P9c1BM1qhRXZPwNSRKJY43HZLWo5k="
"1MBF90rpC9ViRGMuvyLsF7RBtydrZzd99UaTjmn2FI=","PDFs","5","L:\Common2\EDP\Ananthi.K (OpenAI)\Dealer_Dubai_new\PDFs\1MBF90rpC9ViRGMuvyLsF7RBtydrZzd99UaTjmn2FI="
"1MBF90rpC9VReYkCsWZwCO5AIqXzG9v5raRZdJK7TP4=","PDFs","5","L:\Common2\EDP\Ananthi.K (OpenAI)\Dealer_Dubai_new\PDFs\1MBF90rpC9VReYkCsWZwCO5AIqXzG9v5raRZdJK7TP4="
"1MBF90rpC9Vxwgx5wjQwapl@HQ8NUf68qJbavd0z@A=","PDFs","5","L:\Common2\EDP\Ananthi.K (OpenAI)\Dealer_Dubai_new\PDFs\1MBF90rpC9Vxwgx5wjQwapl@HQ8NUf68qJbavd0z@A="
"1MBF90rpC9W8cUq3kk1adWkinONzAH6oq1lCeoqN6Y=","PDFs","5","L:\Common2\EDP\Ananthi.K (OpenAI)\Dealer_Dubai_new\PDFs\1MBF90rpC9W8cUq3kk1adWkinONzAH6oq1lCeoqN6Y="
"1MBF90rpC9WHv4w7bUfhW2as6no1fmvElcji9WAi7IQ=","PDFs","5","L:\Common2\EDP\Ananthi.K (OpenAI)\Dealer_Dubai_new\PDFs\1MBF90rpC9WHv4w7bUfhW2as6no1fmvElcji9WAi7IQ="
"1MBF90rpC9WLRrtgsSM8o0i8TW7m7LHw19jz7hh@hX8=","PDFs","5","L:\Common2\EDP\Ananthi.K (OpenAI)\Dealer_Dubai_new\PDFs\1MBF90rpC9WLRrtgsSM8o0i8TW7m7LHw19jz7hh@hX8="
"1MBF90rpC9WScQIYiCurcDb13p5NBfTVinhTX5ilg=","PDFs","5","L:\Common2\EDP\Ananthi.K (OpenAI)\Dealer_Dubai_new\PDFs\1MBF90rpC9WScQIYiCurcDb13p5NBfTVinhTX5ilg="
"1MBF90rpC9X2ZgrqWX9IGipUyE3h8sLUMS5Qm4QLwU=","PDFs","5","L:\Common2\EDP\Ananthi.K (OpenAI)\Dealer_Dubai_new\PDFs\1MBF90rpC9X2ZgrqWX9IGipUyE3h8sLUMS5Qm4QLwU="
"1MBF90rpC9X7Y3QIJhJqtb@mbyg2ntWZjq@UoFaDhA=","PDFs","5","L:\Common2\EDP\Ananthi.K (OpenAI)\Dealer_Dubai_new\PDFs\1MBF90rpC9X7Y3QIJhJqtb@mbyg2ntWZjq@UoFaDhA="
"1MBF90rpC9Xdxie2fR4s2IpYkD5XBsvSAtIS1ivmSo=","PDFs","5","L:\Common2\EDP\Ananthi.K (OpenAI)\Dealer_Dubai_new\PDFs\1MBF90rpC9Xdxie2fR4s2IpYkD5XBsvSAtIS1ivmSo="
"1MBF90rpC9XStwfPuKm2cllYQu6aKAuJh7Ot97Kx3g=","PDFs","5","L:\Common2\EDP\Ananthi.K (OpenAI)\Dealer_Dubai_new\PDFs\1MBF90rpC9XStwfPuKm2cllYQu6aKAuJh7Ot97Kx3g="
"1MBF90rpC9XugwDoZdOLMTvfwmUkoUH8V5HWuiP5IlA=","PDFs","5","L:\Common2\EDP\Ananthi.K (OpenAI)\Dealer_Dubai_new\PDFs\1MBF90rpC9XugwDoZdOLMTvfwmUkoUH8V5HWuiP5IlA="
"2fon@QNw2pGYMQ64UTNXAYJ16b4GTnk3fSn2FWpPv4=","PDFs","5","L:\Common2\EDP\Ananthi.K (OpenAI)\Dealer_Dubai_new\PDFs\2fon@QNw2pGYMQ64UTNXAYJ16b4GTnk3fSn2FWpPv4="
"2fon@QNw2pQdJm6Qzon4FcVKaKKBgvRrKvm7I7ncg4=","PDFs","5","L:\Common2\EDP\Ananthi.K (OpenAI)\Dealer_Dubai_new\PDFs\2fon@QNw2pQdJm6Qzon4FcVKaKKBgvRrKvm7I7ncg4="
"2fon@QNw2pT8X9vrexhWqwnlNNm7nSwo9RkjgS25I=","PDFs","5","L:\Common2\EDP\Ananthi.K (OpenAI)\Dealer_Dubai_new\PDFs\2fon@QNw2pT8X9vrexhWqwnlNNm7nSwo9RkjgS25I="
"2fon@QNw2r1V1d0KcL5pt@zpjBQX2W9jJ@JCpnmo8=","PDFs","5","L:\Common2\EDP\Ananthi.K (OpenAI)\Dealer_Dubai_new\PDFs\2fon@QNw2r1V1d0KcL5pt@zpjBQX2W9jJ@JCpnmo8="
"ewSwA@@HzHA6Yi3@tG7o1U80xrJAaHAFnnN3b1KAem0=","PDFs","5","L:\Common2\EDP\Ananthi.K (OpenAI)\Dealer_Dubai_new\PDFs\ewSwA@@HzHA6Yi3@tG7o1U80xrJAaHAFnnN3b1KAem0="
"ewSwA@@HzHADJCZbl2S7geX3TI9ApeHeLCTDSQxyL0=","PDFs","5","L:\Common2\EDP\Ananthi.K (OpenAI)\Dealer_Dubai_new\PDFs\ewSwA@@HzHADJCZbl2S7geX3TI9ApeHeLCTDSQxyL0="
"ewSwA@@HzHAgci1Gg70O5EcfnHOTIbYdxp8T8wbkiY=","PDFs","5","L:\Common2\EDP\Ananthi.K (OpenAI)\Dealer_Dubai_new\PDFs\ewSwA@@HzHAgci1Gg70O5EcfnHOTIbYdxp8T8wbkiY="
"ewSwA@@HzHAHBa@Vrp3B@KhIe1ItTszaIV1g314cdW0=","PDFs","5","L:\Common2\EDP\Ananthi.K (OpenAI)\Dealer_Dubai_new\PDFs\ewSwA@@HzHAHBa@Vrp3B@KhIe1ItTszaIV1g314cdW0="
"ewSwA@@HzHAJkuTXhK@cJYVCzbHRUdtli2ynfvma5E=","PDFs","5","L:\Common2\EDP\Ananthi.K (OpenAI)\Dealer_Dubai_new\PDFs\ewSwA@@HzHAJkuTXhK@cJYVCzbHRUdtli2ynfvma5E="
"ewSwA@@HzHAMKnmfbTpv2N0UCXSzsxv6DCuVEhKjWcU=","PDFs","5","L:\Common2\EDP\Ananthi.K (OpenAI)\Dealer_Dubai_new\PDFs\ewSwA@@HzHAMKnmfbTpv2N0UCXSzsxv6DCuVEhKjWcU="
"ewSwA@@HzHAnQkVkRAUDFpn@Ow7oDHhvZD2pf2enE=","PDFs","5","L:\Common2\EDP\Ananthi.K (OpenAI)\Dealer_Dubai_new\PDFs\ewSwA@@HzHAnQkVkRAUDFpn@Ow7oDHhvZD2pf2enE="
"ewSwA@@HzHAtGTUMMOm@7Hcr6J02KmkcMLKhPlUkec=","PDFs","5","L:\Common2\EDP\Ananthi.K (OpenAI)\Dealer_Dubai_new\PDFs\ewSwA@@HzHAtGTUMMOm@7Hcr6J02KmkcMLKhPlUkec="
"ewSwA@@HzHATPijnoYRVLImw68bhp1mmfbf0aG5@64o=","PDFs","5","L:\Common2\EDP\Ananthi.K (OpenAI)\Dealer_Dubai_new\PDFs\ewSwA@@HzHATPijnoYRVLImw68bhp1mmfbf0aG5@64o="
"ewSwA@@HzHAwOnxkPBJmSTGSfSC5j63uJxhshaJdAxo=","PDFs","5","L:\Common2\EDP\Ananthi.K (OpenAI)\Dealer_Dubai_new\PDFs\ewSwA@@HzHAwOnxkPBJmSTGSfSC5j63uJxhshaJdAxo="
"ewSwA@@HzHAxLxrJjgmhHoAarmQJ3WStVY08tS5lvC4=","PDFs","5","L:\Common2\EDP\Ananthi.K (OpenAI)\Dealer_Dubai_new\PDFs\ewSwA@@HzHAxLxrJjgmhHoAarmQJ3WStVY08tS5lvC4="
"ewSwA@@HzHAXQzavnR1ZitmjSNB6gkCyQ989GA8A04=","PDFs","5","L:\Common2\EDP\Ananthi.K (OpenAI)\Dealer_Dubai_new\PDFs\ewSwA@@HzHAXQzavnR1ZitmjSNB6gkCyQ989GA8A04="
"ewSwA@@HzHB2fA3AAm7FBJrAEIo0@u0pXCaVdgYmk4c=","PDFs","5","L:\Common2\EDP\Ananthi.K (OpenAI)\Dealer_Dubai_new\PDFs\ewSwA@@HzHB2fA3AAm7FBJrAEIo0@u0pXCaVdgYmk4c="
"ewSwA@@HzHB9CuBI0RKDtM72B3YmOLUzZbsKomfmfk=","PDFs","5","L:\Common2\EDP\Ananthi.K (OpenAI)\Dealer_Dubai_new\PDFs\ewSwA@@HzHB9CuBI0RKDtM72B3YmOLUzZbsKomfmfk="
"ewSwA@@HzHB@rdEc27XsrQf3Vvjo44zX10tqrvF5dQ=","PDFs","5","L:\Common2\EDP\Ananthi.K (OpenAI)\Dealer_Dubai_new\PDFs\ewSwA@@HzHB@rdEc27XsrQf3Vvjo44zX10tqrvF5dQ="
"ewSwA@@HzHBfDIhFrklQh1EbfN45b6bBxXLAzwQWzI=","PDFs","5","L:\Common2\EDP\Ananthi.K (OpenAI)\Dealer_Dubai_new\PDFs\ewSwA@@HzHBfDIhFrklQh1EbfN45b6bBxXLAzwQWzI="
"ewSwA@@HzHBgm9v6wJUW6BWgyjYKRMbLXLgglqLiGeM=","PDFs","5","L:\Common2\EDP\Ananthi.K (OpenAI)\Dealer_Dubai_new\PDFs\ewSwA@@HzHBgm9v6wJUW6BWgyjYKRMbLXLgglqLiGeM="
"ewSwA@@HzHBJoDoemXviEqLZJY3BwOQvg3G@wn@BDIo=","PDFs","5","L:\Common2\EDP\Ananthi.K (OpenAI)\Dealer_Dubai_new\PDFs\ewSwA@@HzHBJoDoemXviEqLZJY3BwOQvg3G@wn@BDIo="
"ewSwA@@HzHBLbuz@cIbPWuCykmioqUHP9ROHKSHNBHQ=","PDFs","5","L:\Common2\EDP\Ananthi.K (OpenAI)\Dealer_Dubai_new\PDFs\ewSwA@@HzHBLbuz@cIbPWuCykmioqUHP9ROHKSHNBHQ="
"ewSwA@@HzHBLEdwsotunjlJE1i7Zr7gay3oAvmRIO5o=","PDFs","5","L:\Common2\EDP\Ananthi.K (OpenAI)\Dealer_Dubai_new\PDFs\ewSwA@@HzHBLEdwsotunjlJE1i7Zr7gay3oAvmRIO5o="
"ewSwA@@HzHBmH@XFZl5dSEZMY1Ht8KVLl70KoNi7Ms=","PDFs","5","L:\Common2\EDP\Ananthi.K (OpenAI)\Dealer_Dubai_new\PDFs\ewSwA@@HzHBmH@XFZl5dSEZMY1Ht8KVLl70KoNi7Ms="
"ewSwA@@HzHBoQQV5li8C7OHm5w4Tn8fFDEd6Q6z8@bw=","PDFs","5","L:\Common2\EDP\Ananthi.K (OpenAI)\Dealer_Dubai_new\PDFs\ewSwA@@HzHBoQQV5li8C7OHm5w4Tn8fFDEd6Q6z8@bw="
"ewSwA@@HzHBOtwyKnnSYotlUXy@i@pj8bG9QYP6IPsw=","PDFs","5","L:\Common2\EDP\Ananthi.K (OpenAI)\Dealer_Dubai_new\PDFs\ewSwA@@HzHBOtwyKnnSYotlUXy@i@pj8bG9QYP6IPsw="
"ewSwA@@HzHBRO5MpGOk3sXMXmoffR5m@96ZhxbFHdkQ=","PDFs","5","L:\Common2\EDP\Ananthi.K (OpenAI)\Dealer_Dubai_new\PDFs\ewSwA@@HzHBRO5MpGOk3sXMXmoffR5m@96ZhxbFHdkQ="
"ewSwA@@HzHBsdzyO5vO4jblZzbu5uH3M9Ut9PxiEtw=","PDFs","5","L:\Common2\EDP\Ananthi.K (OpenAI)\Dealer_Dubai_new\PDFs\ewSwA@@HzHBsdzyO5vO4jblZzbu5uH3M9Ut9PxiEtw="
"ewSwA@@HzHBUhUDrh8G0FzOjlB@AXUR9ak3nJHiZ8Jc=","PDFs","5","L:\Common2\EDP\Ananthi.K (OpenAI)\Dealer_Dubai_new\PDFs\ewSwA@@HzHBUhUDrh8G0FzOjlB@AXUR9ak3nJHiZ8Jc="
"ewSwA@@HzHBVJxfr@WXuQrerfFv5@xNjERH@Vjtz05o=","PDFs","5","L:\Common2\EDP\Ananthi.K (OpenAI)\Dealer_Dubai_new\PDFs\ewSwA@@HzHBVJxfr@WXuQrerfFv5@xNjERH@Vjtz05o="
"ewSwA@@HzHByis9dxygx4@yigdXcoevjkVjArG@adjs=","PDFs","5","L:\Common2\EDP\Ananthi.K (OpenAI)\Dealer_Dubai_new\PDFs\ewSwA@@HzHByis9dxygx4@yigdXcoevjkVjArG@adjs="
"ewSwA@@HzHBZFRl8ExW5QZtAm1Z@oOpXrtnx63BjpL4=","PDFs","5","L:\Common2\EDP\Ananthi.K (OpenAI)\Dealer_Dubai_new\PDFs\ewSwA@@HzHBZFRl8ExW5QZtAm1Z@oOpXrtnx63BjpL4="
"ewSwA@@HzHBzKSdbBd7GlEAn5zt1XYXoSHKR1eq2ovs=","PDFs","5","L:\Common2\EDP\Ananthi.K (OpenAI)\Dealer_Dubai_new\PDFs\ewSwA@@HzHBzKSdbBd7GlEAn5zt1XYXoSHKR1eq2ovs="
"ewSwA@@HzHC92VpWn4LEdkNZv48fDv9bSGi8EuboY=","PDFs","5","L:\Common2\EDP\Ananthi.K (OpenAI)\Dealer_Dubai_new\PDFs\ewSwA@@HzHC92VpWn4LEdkNZv48fDv9bSGi8EuboY="
"ewSwA@@HzHC@fm1jqTe8hBvVNdgTxWF0KGqMVHsC5cs=","PDFs","5","L:\Common2\EDP\Ananthi.K (OpenAI)\Dealer_Dubai_new\PDFs\ewSwA@@HzHC@fm1jqTe8hBvVNdgTxWF0KGqMVHsC5cs="
"ewSwA@@HzHCb1JXC9lRxFm7ZiD3S3ZFwWS1GyjMuE=","PDFs","5","L:\Common2\EDP\Ananthi.K (OpenAI)\Dealer_Dubai_new\PDFs\ewSwA@@HzHCb1JXC9lRxFm7ZiD3S3ZFwWS1GyjMuE="
"ewSwA@@HzHCdB0UvQnsad0WToeCVWP3UneUyVVa5XwE=","PDFs","5","L:\Common2\EDP\Ananthi.K (OpenAI)\Dealer_Dubai_new\PDFs\ewSwA@@HzHCdB0UvQnsad0WToeCVWP3UneUyVVa5XwE="
"ewSwA@@HzHCIhqL7wPhCTj1@bqJzkxcaRLkbsauMHL4=","PDFs","5","L:\Common2\EDP\Ananthi.K (OpenAI)\Dealer_Dubai_new\PDFs\ewSwA@@HzHCIhqL7wPhCTj1@bqJzkxcaRLkbsauMHL4="
"ewSwA@@HzHCN9tjBz3PZPFeo0ZEPo@KnWp9vv4wYGpg=","PDFs","5","L:\Common2\EDP\Ananthi.K (OpenAI)\Dealer_Dubai_new\PDFs\ewSwA@@HzHCN9tjBz3PZPFeo0ZEPo@KnWp9vv4wYGpg="
"ewSwA@@HzHCOFrONAhHfuJr3nHCWez@JlvW8zhzI6k8=","PDFs","5","L:\Common2\EDP\Ananthi.K (OpenAI)\Dealer_Dubai_new\PDFs\ewSwA@@HzHCOFrONAhHfuJr3nHCWez@JlvW8zhzI6k8="
"ewSwA@@HzHCOSJB8MNqdvEwiwZS6nL49@BvXGuVnEkU=","PDFs","5","L:\Common2\EDP\Ananthi.K (OpenAI)\Dealer_Dubai_new\PDFs\ewSwA@@HzHCOSJB8MNqdvEwiwZS6nL49@BvXGuVnEkU="
"ewSwA@@HzHCOWkjr4QmJkDvLBSRJffonzwfMpuz8sA=","PDFs","5","L:\Common2\EDP\Ananthi.K (OpenAI)\Dealer_Dubai_new\PDFs\ewSwA@@HzHCOWkjr4QmJkDvLBSRJffonzwfMpuz8sA="
"ewSwA@@HzHCQZaLq@e4gW1tfmcuPv2rB8rK3V1Yar8=","PDFs","5","L:\Common2\EDP\Ananthi.K (OpenAI)\Dealer_Dubai_new\PDFs\ewSwA@@HzHCQZaLq@e4gW1tfmcuPv2rB8rK3V1Yar8="
"ewSwA@@HzHCsuM59IDDUtR9uVa2dcbULTBGvddbVUAk=","PDFs","5","L:\Common2\EDP\Ananthi.K (OpenAI)\Dealer_Dubai_new\PDFs\ewSwA@@HzHCsuM59IDDUtR9uVa2dcbULTBGvddbVUAk="
"ewSwA@@HzHCU8VkBKEMIN5arOwKJHfoS5rSYPBEg0p8=","PDFs","5","L:\Common2\EDP\Ananthi.K (OpenAI)\Dealer_Dubai_new\PDFs\ewSwA@@HzHCU8VkBKEMIN5arOwKJHfoS5rSYPBEg0p8="
"ewSwA@@HzHD347KjAsMe2uViw0f1Q6S3wkAgTnXa6F0=","PDFs","5","L:\Common2\EDP\Ananthi.K (OpenAI)\Dealer_Dubai_new\PDFs\ewSwA@@HzHD347KjAsMe2uViw0f1Q6S3wkAgTnXa6F0="
"ewSwA@@HzHD4f1VarekZJR7kQbiJMuorEyFvi6kw5s4=","PDFs","5","L:\Common2\EDP\Ananthi.K (OpenAI)\Dealer_Dubai_new\PDFs\ewSwA@@HzHD4f1VarekZJR7kQbiJMuorEyFvi6kw5s4="
"ewSwA@@HzHD5wUWAZDa4X2P9ZUeF6y8XQFw2kjLpUA=","PDFs","5","L:\Common2\EDP\Ananthi.K (OpenAI)\Dealer_Dubai_new\PDFs\ewSwA@@HzHD5wUWAZDa4X2P9ZUeF6y8XQFw2kjLpUA="
"ewSwA@@HzHDBHGS5@AKLcqhv4ZztxkCbVhzo2LIdg=","PDFs","5","L:\Common2\EDP\Ananthi.K (OpenAI)\Dealer_Dubai_new\PDFs\ewSwA@@HzHDBHGS5@AKLcqhv4ZztxkCbVhzo2LIdg="
"ewSwA@@HzHDgtkx1OnED5zl7@ccctEbHwZMAPlx0d@A=","PDFs","5","L:\Common2\EDP\Ananthi.K (OpenAI)\Dealer_Dubai_new\PDFs\ewSwA@@HzHDgtkx1OnED5zl7@ccctEbHwZMAPlx0d@A="
"ewSwA@@HzHDnZOF9m6wGWpbMcH9VJNhr4Nogkw1kXfc=","PDFs","5","L:\Common2\EDP\Ananthi.K (OpenAI)\Dealer_Dubai_new\PDFs\ewSwA@@HzHDnZOF9m6wGWpbMcH9VJNhr4Nogkw1kXfc="
"ewSwA@@HzHDPaamf8j7BNPD1ZsCzkpsLQs8Va4ajH4=","PDFs","5","L:\Common2\EDP\Ananthi.K (OpenAI)\Dealer_Dubai_new\PDFs\ewSwA@@HzHDPaamf8j7BNPD1ZsCzkpsLQs8Va4ajH4="
"ewSwA@@HzHDQn6bNfqaeZi7NoNcaICU0g1UGri5PIc=","PDFs","5","L:\Common2\EDP\Ananthi.K (OpenAI)\Dealer_Dubai_new\PDFs\ewSwA@@HzHDQn6bNfqaeZi7NoNcaICU0g1UGri5PIc="
"ewSwA@@HzHDu3ehlR0PYkkXh9slDpxbNURHxtUiYYw=","PDFs","5","L:\Common2\EDP\Ananthi.K (OpenAI)\Dealer_Dubai_new\PDFs\ewSwA@@HzHDu3ehlR0PYkkXh9slDpxbNURHxtUiYYw="
"ewSwA@@HzHDu@TNnQH8Vo6Mx0Kc@A0qqXZHJmbhyrY=","PDFs","5","L:\Common2\EDP\Ananthi.K (OpenAI)\Dealer_Dubai_new\PDFs\ewSwA@@HzHDu@TNnQH8Vo6Mx0Kc@A0qqXZHJmbhyrY="
"ewSwA@@HzHDv4IENxhgVYmj27WJXuXaY60UrRPq9bN8=","PDFs","5","L:\Common2\EDP\Ananthi.K (OpenAI)\Dealer_Dubai_new\PDFs\ewSwA@@HzHDv4IENxhgVYmj27WJXuXaY60UrRPq9bN8="
"ewSwA@@HzHDvS5MBjwJZzKBdOJBjj3qqXcm67F0Zsa0=","PDFs","5","L:\Common2\EDP\Ananthi.K (OpenAI)\Dealer_Dubai_new\PDFs\ewSwA@@HzHDvS5MBjwJZzKBdOJBjj3qqXcm67F0Zsa0="
"ewSwA@@HzHDYJcR@bqbtu@HVhR@1K1OwDKELz0asWoc=","PDFs","5","L:\Common2\EDP\Ananthi.K (OpenAI)\Dealer_Dubai_new\PDFs\ewSwA@@HzHDYJcR@bqbtu@HVhR@1K1OwDKELz0asWoc="
"iXKHOK3KvoE8kOf9MetODPz0Hjd9W3gLsRZbchAtaY=","PDFs","5","L:\Common2\EDP\Ananthi.K (OpenAI)\Dealer_Dubai_new\PDFs\iXKHOK3KvoE8kOf9MetODPz0Hjd9W3gLsRZbchAtaY="
"iXKHOK3KvoFjldVJ@OlgN0GmX@MqGK3xiJS5gA46t8=","PDFs","5","L:\Common2\EDP\Ananthi.K (OpenAI)\Dealer_Dubai_new\PDFs\iXKHOK3KvoFjldVJ@OlgN0GmX@MqGK3xiJS5gA46t8="
"iXKHOK3KvoFLL4FLeCH@0mPT6f3JE24zE6YRzAU4Lc=","PDFs","5","L:\Common2\EDP\Ananthi.K (OpenAI)\Dealer_Dubai_new\PDFs\iXKHOK3KvoFLL4FLeCH@0mPT6f3JE24zE6YRzAU4Lc="
"iXKHOK3KvoFZljC8K5vEWe1BXgZfj3wfn5B9RVDBQU=","PDFs","5","L:\Common2\EDP\Ananthi.K (OpenAI)\Dealer_Dubai_new\PDFs\iXKHOK3KvoFZljC8K5vEWe1BXgZfj3wfn5B9RVDBQU="
"iXKHOK3KvoG2laPH5hziQam04jE5pcig@Qz@5cNK8rk=","PDFs","5","L:\Common2\EDP\Ananthi.K (OpenAI)\Dealer_Dubai_new\PDFs\iXKHOK3KvoG2laPH5hziQam04jE5pcig@Qz@5cNK8rk="
"iXKHOK3KvoG7MGN9y3j3AS2FAJWbUroOgc9cPc7q2w=","PDFs","5","L:\Common2\EDP\Ananthi.K (OpenAI)\Dealer_Dubai_new\PDFs\iXKHOK3KvoG7MGN9y3j3AS2FAJWbUroOgc9cPc7q2w="
"iXKHOK3KvoGEweO3WpR19lRSKRUZMPH9qOAMLNfKZO8=","PDFs","5","L:\Common2\EDP\Ananthi.K (OpenAI)\Dealer_Dubai_new\PDFs\iXKHOK3KvoGEweO3WpR19lRSKRUZMPH9qOAMLNfKZO8="
"iXKHOK3KvoGsOUSmEiLzKEgRZR5Fn3t6SHYf3Q2OcY=","PDFs","5","L:\Common2\EDP\Ananthi.K (OpenAI)\Dealer_Dubai_new\PDFs\iXKHOK3KvoGsOUSmEiLzKEgRZR5Fn3t6SHYf3Q2OcY="
"iXKHOK3KvoGvfdql7G9IhJnIRnc5cyqPsv@aX5jWsEA=","PDFs","5","L:\Common2\EDP\Ananthi.K (OpenAI)\Dealer_Dubai_new\PDFs\iXKHOK3KvoGvfdql7G9IhJnIRnc5cyqPsv@aX5jWsEA="
"iXKHOK3KvoHD29xWpoJKB@suiMI8dhFUF6a2TFk6G4=","PDFs","5","L:\Common2\EDP\Ananthi.K (OpenAI)\Dealer_Dubai_new\PDFs\iXKHOK3KvoHD29xWpoJKB@suiMI8dhFUF6a2TFk6G4="
"iXKHOK3KvoHezPqF9q0zCZyStAUNMHIMZWVW91PPUqc=","PDFs","5","L:\Common2\EDP\Ananthi.K (OpenAI)\Dealer_Dubai_new\PDFs\iXKHOK3KvoHezPqF9q0zCZyStAUNMHIMZWVW91PPUqc="
"iXKHOK3KvoHT@HfQB51wKNUuKE93qz6LzFt42RUFDOM=","PDFs","5","L:\Common2\EDP\Ananthi.K (OpenAI)\Dealer_Dubai_new\PDFs\iXKHOK3KvoHT@HfQB51wKNUuKE93qz6LzFt42RUFDOM="
"kFylMR2uiJID7hhqoMC5QSBJH2Q4pU3xKDtPO1R@TQ=","PDFs","5","L:\Common2\EDP\Ananthi.K (OpenAI)\Dealer_Dubai_new\PDFs\kFylMR2uiJID7hhqoMC5QSBJH2Q4pU3xKDtPO1R@TQ="
"kFylMR2uiJJ3fUt2AoTwAelwpIN7RbcGHKuLy3hyC28=","PDFs","5","L:\Common2\EDP\Ananthi.K (OpenAI)\Dealer_Dubai_new\PDFs\kFylMR2uiJJ3fUt2AoTwAelwpIN7RbcGHKuLy3hyC28="
"kFylMR2uiJJAgOKskvFTI0LwrCbFRMIuRJqskMzx@yM=","PDFs","5","L:\Common2\EDP\Ananthi.K (OpenAI)\Dealer_Dubai_new\PDFs\kFylMR2uiJJAgOKskvFTI0LwrCbFRMIuRJqskMzx@yM="
"kFylMR2uiJKGcqXk066@OOydS1bEwdAKtbr9RxVU0=","PDFs","5","L:\Common2\EDP\Ananthi.K (OpenAI)\Dealer_Dubai_new\PDFs\kFylMR2uiJKGcqXk066@OOydS1bEwdAKtbr9RxVU0="
"PMN5LuRBGSk1CFzIke6PZXO8nDbvkWeLRYcqD6Ruk8=","PDFs","5","L:\Common2\EDP\Ananthi.K (OpenAI)\Dealer_Dubai_new\PDFs\PMN5LuRBGSk1CFzIke6PZXO8nDbvkWeLRYcqD6Ruk8="
"PMN5LuRBGSk3DuIcTYzNqgKTTNa9CTgK9SL86j6Z8U=","PDFs","5","L:\Common2\EDP\Ananthi.K (OpenAI)\Dealer_Dubai_new\PDFs\PMN5LuRBGSk3DuIcTYzNqgKTTNa9CTgK9SL86j6Z8U="
"PMN5LuRBGSk7tcmFyy4caApJoyK3fYaSU5ZjcV6puI=","PDFs","5","L:\Common2\EDP\Ananthi.K (OpenAI)\Dealer_Dubai_new\PDFs\PMN5LuRBGSk7tcmFyy4caApJoyK3fYaSU5ZjcV6puI="
"PMN5LuRBGSkdwxYXzJb7w9tlMi@MY9HF3b7vTCGbZo=","PDFs","5","L:\Common2\EDP\Ananthi.K (OpenAI)\Dealer_Dubai_new\PDFs\PMN5LuRBGSkdwxYXzJb7w9tlMi@MY9HF3b7vTCGbZo="
"PMN5LuRBGSkKTxTojR7wtG5ukK@AQVlgGFy2EFhWGOE=","PDFs","5","L:\Common2\EDP\Ananthi.K (OpenAI)\Dealer_Dubai_new\PDFs\PMN5LuRBGSkKTxTojR7wtG5ukK@AQVlgGFy2EFhWGOE="
"PMN5LuRBGSkTGGZ5kosJ38LBw9xKlQTXkLNa1utx0No=","PDFs","5","L:\Common2\EDP\Ananthi.K (OpenAI)\Dealer_Dubai_new\PDFs\PMN5LuRBGSkTGGZ5kosJ38LBw9xKlQTXkLNa1utx0No="
"PMN5LuRBGSl4nN@@haK1Ihb44RbbfH4bXIU1n8oTa8I=","PDFs","5","L:\Common2\EDP\Ananthi.K (OpenAI)\Dealer_Dubai_new\PDFs\PMN5LuRBGSl4nN@@haK1Ihb44RbbfH4bXIU1n8oTa8I="
"PMN5LuRBGSl6OxsfBv3P6HlEp5lvtEsNkZ2KKZ3GpCA=","PDFs","5","L:\Common2\EDP\Ananthi.K (OpenAI)\Dealer_Dubai_new\PDFs\PMN5LuRBGSl6OxsfBv3P6HlEp5lvtEsNkZ2KKZ3GpCA="
"PMN5LuRBGSl8yNYdlcrqyUboHFM22rXlM8zzozoGZg=","PDFs","5","L:\Common2\EDP\Ananthi.K (OpenAI)\Dealer_Dubai_new\PDFs\PMN5LuRBGSl8yNYdlcrqyUboHFM22rXlM8zzozoGZg="
"PMN5LuRBGSlfIiU0nMGjd8a@sMQaf@64frsNKzQWQ0I=","PDFs","5","L:\Common2\EDP\Ananthi.K (OpenAI)\Dealer_Dubai_new\PDFs\PMN5LuRBGSlfIiU0nMGjd8a@sMQaf@64frsNKzQWQ0I="
"PMN5LuRBGSlh8iuqO2g468n7ZEL283Bck1vZOqesbak=","PDFs","5","L:\Common2\EDP\Ananthi.K (OpenAI)\Dealer_Dubai_new\PDFs\PMN5LuRBGSlh8iuqO2g468n7ZEL283Bck1vZOqesbak="
"PMN5LuRBGSllRe5JD@2qZZxHMWMTHQZEYheafLUiyRo=","PDFs","5","L:\Common2\EDP\Ananthi.K (OpenAI)\Dealer_Dubai_new\PDFs\PMN5LuRBGSllRe5JD@2qZZxHMWMTHQZEYheafLUiyRo="
"PMN5LuRBGSlm1wjWd6aulaONdUyf5jaC@@nElqjYoE=","PDFs","5","L:\Common2\EDP\Ananthi.K (OpenAI)\Dealer_Dubai_new\PDFs\PMN5LuRBGSlm1wjWd6aulaONdUyf5jaC@@nElqjYoE="
"PMN5LuRBGSlNCZAhQQcZXIU9lKJUSOvi7yHs15sog=","PDFs","5","L:\Common2\EDP\Ananthi.K (OpenAI)\Dealer_Dubai_new\PDFs\PMN5LuRBGSlNCZAhQQcZXIU9lKJUSOvi7yHs15sog="
"PMN5LuRBGSlreVwa2poLpEswcY4LH86DP1vmH@Wf@g=","PDFs","5","L:\Common2\EDP\Ananthi.K (OpenAI)\Dealer_Dubai_new\PDFs\PMN5LuRBGSlreVwa2poLpEswcY4LH86DP1vmH@Wf@g="
"PMN5LuRBGSlvAchUqQ5OSCFvx2DvAbsDXeRPOXe5jE=","PDFs","5","L:\Common2\EDP\Ananthi.K (OpenAI)\Dealer_Dubai_new\PDFs\PMN5LuRBGSlvAchUqQ5OSCFvx2DvAbsDXeRPOXe5jE="
"PMN5LuRBGSly3svUGjpgHx6YzIfFCj5jdrsijA@HKgA=","PDFs","5","L:\Common2\EDP\Ananthi.K (OpenAI)\Dealer_Dubai_new\PDFs\PMN5LuRBGSly3svUGjpgHx6YzIfFCj5jdrsijA@HKgA="
"PMN5LuRBGSm9trx3WdNVSO42P9Zgm@ibVjqDrFBtwaQ=","PDFs","5","L:\Common2\EDP\Ananthi.K (OpenAI)\Dealer_Dubai_new\PDFs\PMN5LuRBGSm9trx3WdNVSO42P9Zgm@ibVjqDrFBtwaQ="
"PMN5LuRBGSmBvAnKcB7QXj6JOppgtNgRTvVy@bcx5E=","PDFs","5","L:\Common2\EDP\Ananthi.K (OpenAI)\Dealer_Dubai_new\PDFs\PMN5LuRBGSmBvAnKcB7QXj6JOppgtNgRTvVy@bcx5E="
"PMN5LuRBGSmNbwO2JoLPEZAcYe@xzffltsNL9ANXKpM=","PDFs","5","L:\Common2\EDP\Ananthi.K (OpenAI)\Dealer_Dubai_new\PDFs\PMN5LuRBGSmNbwO2JoLPEZAcYe@xzffltsNL9ANXKpM="
"PMN5LuRBGSmq@oCpRCESsdWXBMd9hDcGMh4eL8B10kg=","PDFs","5","L:\Common2\EDP\Ananthi.K (OpenAI)\Dealer_Dubai_new\PDFs\PMN5LuRBGSmq@oCpRCESsdWXBMd9hDcGMh4eL8B10kg="
"PMN5LuRBGSmsce7bA@ppd@cilWrq3u8n@iX0jQ1LO8=","PDFs","5","L:\Common2\EDP\Ananthi.K (OpenAI)\Dealer_Dubai_new\PDFs\PMN5LuRBGSmsce7bA@ppd@cilWrq3u8n@iX0jQ1LO8="
"PMN5LuRBGSmWJ7QPaGZJs9Oxgl7A9G63rbrfBVQnIls=","PDFs","5","L:\Common2\EDP\Ananthi.K (OpenAI)\Dealer_Dubai_new\PDFs\PMN5LuRBGSmWJ7QPaGZJs9Oxgl7A9G63rbrfBVQnIls="
"PMN5LuRBGSmXISe7zyePfXIwSudQvLNAT8cqTqAYZc=","PDFs","5","L:\Common2\EDP\Ananthi.K (OpenAI)\Dealer_Dubai_new\PDFs\PMN5LuRBGSmXISe7zyePfXIwSudQvLNAT8cqTqAYZc="
"PMN5LuRBGSmYkzGhmxe6gbNH3wgZk@QYoFEHDw1Xo0=","PDFs","5","L:\Common2\EDP\Ananthi.K (OpenAI)\Dealer_Dubai_new\PDFs\PMN5LuRBGSmYkzGhmxe6gbNH3wgZk@QYoFEHDw1Xo0="
"PMN5LuRBGSn3DlB6Y0Setpp0KcBdWb5j76Xm3JzKF0=","PDFs","5","L:\Common2\EDP\Ananthi.K (OpenAI)\Dealer_Dubai_new\PDFs\PMN5LuRBGSn3DlB6Y0Setpp0KcBdWb5j76Xm3JzKF0="
"PMN5LuRBGSn5rt52IpXj9uqVV285syGiQ0LUedjNug=","PDFs","5","L:\Common2\EDP\Ananthi.K (OpenAI)\Dealer_Dubai_new\PDFs\PMN5LuRBGSn5rt52IpXj9uqVV285syGiQ0LUedjNug="
"PMN5LuRBGSnAyLYxBV@2AF@lIo7IDj4VPI1mRW6se08=","PDFs","5","L:\Common2\EDP\Ananthi.K (OpenAI)\Dealer_Dubai_new\PDFs\PMN5LuRBGSnAyLYxBV@2AF@lIo7IDj4VPI1mRW6se08="
"ScEyYOX4CZ1rZ@deXGYgUqRBMbeHaNHDXNc@Blu4ymtaklTkMGi5tA==","PDFs","5","L:\Common2\EDP\Ananthi.K (OpenAI)\Dealer_Dubai_new\PDFs\ScEyYOX4CZ1rZ@deXGYgUqRBMbeHaNHDXNc@Blu4ymtaklTkMGi5tA=="
"tFUXkxLd9OIapBTMnXgSDWt20oHaX5OSretmPTtHz3xs6z4nVHEFBg==","PDFs","5","L:\Common2\EDP\Ananthi.K (OpenAI)\Dealer_Dubai_new\PDFs\tFUXkxLd9OIapBTMnXgSDWt20oHaX5OSretmPTtHz3xs6z4nVHEFBg=="
"tFUXkxLd9OL3ijMwKBSIg06Bv3sSKZjt01Y4T12q2ofyGRwn5W04Q==","PDFs","5","L:\Common2\EDP\Ananthi.K (OpenAI)\Dealer_Dubai_new\PDFs\tFUXkxLd9OL3ijMwKBSIg06Bv3sSKZjt01Y4T12q2ofyGRwn5W04Q=="
"XdPIWEebbpmdVEqrbGh97yk9afKDE9aQbSJF9s0D@hlWKtGnUxg==","PDFs","5","L:\Common2\EDP\Ananthi.K (OpenAI)\Dealer_Dubai_new\PDFs\XdPIWEebbpmdVEqrbGh97yk9afKDE9aQbSJF9s0D@hlWKtGnUxg=="
"XgpH3f3wTFCDTAJt7IYNZWP5vpDyNYrt4C9DM@S8FEt9en@PMj3bQ==","PDFs","5","L:\Common2\EDP\Ananthi.K (OpenAI)\Dealer_Dubai_new\PDFs\XgpH3f3wTFCDTAJt7IYNZWP5vpDyNYrt4C9DM@S8FEt9en@PMj3bQ=="
"images","POPUP","5","L:\Common2\EDP\Ananthi.K (OpenAI)\Dealer_Dubai_new\POPUP\images"
"img","POPUP","5","L:\Common2\EDP\Ananthi.K (OpenAI)\Dealer_Dubai_new\POPUP\img"
"images","Quotation","5","L:\Common2\EDP\Ananthi.K (OpenAI)\Dealer_Dubai_new\Quotation\images"
"smooth","Quotation","5","L:\Common2\EDP\Ananthi.K (OpenAI)\Dealer_Dubai_new\Quotation\smooth"
"images","smooth","6","L:\Common2\EDP\Ananthi.K (OpenAI)\Dealer_Dubai_new\Quotation\smooth\images"
"bootstrap","Stock","5","L:\Common2\EDP\Ananthi.K (OpenAI)\Dealer_Dubai_new\Stock\bootstrap"
"bs4","Stock","5","L:\Common2\EDP\Ananthi.K (OpenAI)\Dealer_Dubai_new\Stock\bs4"
"cal","Stock","5","L:\Common2\EDP\Ananthi.K (OpenAI)\Dealer_Dubai_new\Stock\cal"
"edi_stock_files","Stock","5","L:\Common2\EDP\Ananthi.K (OpenAI)\Dealer_Dubai_new\Stock\edi_stock_files"
"images","Stock","5","L:\Common2\EDP\Ananthi.K (OpenAI)\Dealer_Dubai_new\Stock\images"
"img","Stock","5","L:\Common2\EDP\Ananthi.K (OpenAI)\Dealer_Dubai_new\Stock\img"
"listview_design","Stock","5","L:\Common2\EDP\Ananthi.K (OpenAI)\Dealer_Dubai_new\Stock\listview_design"
"popup","Stock","5","L:\Common2\EDP\Ananthi.K (OpenAI)\Dealer_Dubai_new\Stock\popup"
"qp_ref_docs","Stock","5","L:\Common2\EDP\Ananthi.K (OpenAI)\Dealer_Dubai_new\Stock\qp_ref_docs"
"css","bootstrap","6","L:\Common2\EDP\Ananthi.K (OpenAI)\Dealer_Dubai_new\Stock\bootstrap\css"
"fonts","bootstrap","6","L:\Common2\EDP\Ananthi.K (OpenAI)\Dealer_Dubai_new\Stock\bootstrap\fonts"
"js","bootstrap","6","L:\Common2\EDP\Ananthi.K (OpenAI)\Dealer_Dubai_new\Stock\bootstrap\js"
"images","popup","6","L:\Common2\EDP\Ananthi.K (OpenAI)\Dealer_Dubai_new\Stock\popup\images"
"backend","dms-fullstack","4","L:\Common2\EDP\Ananthi.K (OpenAI)\dms-fullstack\backend"
"frontend","dms-fullstack","4","L:\Common2\EDP\Ananthi.K (OpenAI)\dms-fullstack\frontend"
"bin","backend","5","L:\Common2\EDP\Ananthi.K (OpenAI)\dms-fullstack\backend\bin"
"Controllers","backend","5","L:\Common2\EDP\Ananthi.K (OpenAI)\dms-fullstack\backend\Controllers"
"Data","backend","5","L:\Common2\EDP\Ananthi.K (OpenAI)\dms-fullstack\backend\Data"
"DTOs","backend","5","L:\Common2\EDP\Ananthi.K (OpenAI)\dms-fullstack\backend\DTOs"
"Middleware","backend","5","L:\Common2\EDP\Ananthi.K (OpenAI)\dms-fullstack\backend\Middleware"
"Models","backend","5","L:\Common2\EDP\Ananthi.K (OpenAI)\dms-fullstack\backend\Models"
"obj","backend","5","L:\Common2\EDP\Ananthi.K (OpenAI)\dms-fullstack\backend\obj"
"Properties","backend","5","L:\Common2\EDP\Ananthi.K (OpenAI)\dms-fullstack\backend\Properties"
"Services","backend","5","L:\Common2\EDP\Ananthi.K (OpenAI)\dms-fullstack\backend\Services"
"{Controllers,Models,Services,DTOs,Middleware,Data,Helpers}","backend","5","L:\Common2\EDP\Ananthi.K (OpenAI)\dms-fullstack\backend\{Controllers,Models,Services,DTOs,Middleware,Data,Helpers}"
"Debug","bin","6","L:\Common2\EDP\Ananthi.K (OpenAI)\dms-fullstack\backend\bin\Debug"
"net8.0","Debug","7","L:\Common2\EDP\Ananthi.K (OpenAI)\dms-fullstack\backend\bin\Debug\net8.0"
"cs","net8.0","8","L:\Common2\EDP\Ananthi.K (OpenAI)\dms-fullstack\backend\bin\Debug\net8.0\cs"
"de","net8.0","8","L:\Common2\EDP\Ananthi.K (OpenAI)\dms-fullstack\backend\bin\Debug\net8.0\de"
"es","net8.0","8","L:\Common2\EDP\Ananthi.K (OpenAI)\dms-fullstack\backend\bin\Debug\net8.0\es"
"fr","net8.0","8","L:\Common2\EDP\Ananthi.K (OpenAI)\dms-fullstack\backend\bin\Debug\net8.0\fr"
"it","net8.0","8","L:\Common2\EDP\Ananthi.K (OpenAI)\dms-fullstack\backend\bin\Debug\net8.0\it"
"ja","net8.0","8","L:\Common2\EDP\Ananthi.K (OpenAI)\dms-fullstack\backend\bin\Debug\net8.0\ja"
"ko","net8.0","8","L:\Common2\EDP\Ananthi.K (OpenAI)\dms-fullstack\backend\bin\Debug\net8.0\ko"
"pl","net8.0","8","L:\Common2\EDP\Ananthi.K (OpenAI)\dms-fullstack\backend\bin\Debug\net8.0\pl"
"pt-BR","net8.0","8","L:\Common2\EDP\Ananthi.K (OpenAI)\dms-fullstack\backend\bin\Debug\net8.0\pt-BR"
"ru","net8.0","8","L:\Common2\EDP\Ananthi.K (OpenAI)\dms-fullstack\backend\bin\Debug\net8.0\ru"
"runtimes","net8.0","8","L:\Common2\EDP\Ananthi.K (OpenAI)\dms-fullstack\backend\bin\Debug\net8.0\runtimes"
"tr","net8.0","8","L:\Common2\EDP\Ananthi.K (OpenAI)\dms-fullstack\backend\bin\Debug\net8.0\tr"
"zh-Hans","net8.0","8","L:\Common2\EDP\Ananthi.K (OpenAI)\dms-fullstack\backend\bin\Debug\net8.0\zh-Hans"
"zh-Hant","net8.0","8","L:\Common2\EDP\Ananthi.K (OpenAI)\dms-fullstack\backend\bin\Debug\net8.0\zh-Hant"
"unix","runtimes","9","L:\Common2\EDP\Ananthi.K (OpenAI)\dms-fullstack\backend\bin\Debug\net8.0\runtimes\unix"
"win","runtimes","9","L:\Common2\EDP\Ananthi.K (OpenAI)\dms-fullstack\backend\bin\Debug\net8.0\runtimes\win"
"win-arm","runtimes","9","L:\Common2\EDP\Ananthi.K (OpenAI)\dms-fullstack\backend\bin\Debug\net8.0\runtimes\win-arm"
"win-arm64","runtimes","9","L:\Common2\EDP\Ananthi.K (OpenAI)\dms-fullstack\backend\bin\Debug\net8.0\runtimes\win-arm64"
"win-x64","runtimes","9","L:\Common2\EDP\Ananthi.K (OpenAI)\dms-fullstack\backend\bin\Debug\net8.0\runtimes\win-x64"
"win-x86","runtimes","9","L:\Common2\EDP\Ananthi.K (OpenAI)\dms-fullstack\backend\bin\Debug\net8.0\runtimes\win-x86"
"lib","unix","10","L:\Common2\EDP\Ananthi.K (OpenAI)\dms-fullstack\backend\bin\Debug\net8.0\runtimes\unix\lib"
"net6.0","lib","11","L:\Common2\EDP\Ananthi.K (OpenAI)\dms-fullstack\backend\bin\Debug\net8.0\runtimes\unix\lib\net6.0"
"lib","win","10","L:\Common2\EDP\Ananthi.K (OpenAI)\dms-fullstack\backend\bin\Debug\net8.0\runtimes\win\lib"
"net6.0","lib","11","L:\Common2\EDP\Ananthi.K (OpenAI)\dms-fullstack\backend\bin\Debug\net8.0\runtimes\win\lib\net6.0"
"native","win-arm","10","L:\Common2\EDP\Ananthi.K (OpenAI)\dms-fullstack\backend\bin\Debug\net8.0\runtimes\win-arm\native"
"native","win-arm64","10","L:\Common2\EDP\Ananthi.K (OpenAI)\dms-fullstack\backend\bin\Debug\net8.0\runtimes\win-arm64\native"
"native","win-x64","10","L:\Common2\EDP\Ananthi.K (OpenAI)\dms-fullstack\backend\bin\Debug\net8.0\runtimes\win-x64\native"
"native","win-x86","10","L:\Common2\EDP\Ananthi.K (OpenAI)\dms-fullstack\backend\bin\Debug\net8.0\runtimes\win-x86\native"
"Debug","obj","6","L:\Common2\EDP\Ananthi.K (OpenAI)\dms-fullstack\backend\obj\Debug"
"net8.0","Debug","7","L:\Common2\EDP\Ananthi.K (OpenAI)\dms-fullstack\backend\obj\Debug\net8.0"
"ref","net8.0","8","L:\Common2\EDP\Ananthi.K (OpenAI)\dms-fullstack\backend\obj\Debug\net8.0\ref"
"refint","net8.0","8","L:\Common2\EDP\Ananthi.K (OpenAI)\dms-fullstack\backend\obj\Debug\net8.0\refint"
"staticwebassets","net8.0","8","L:\Common2\EDP\Ananthi.K (OpenAI)\dms-fullstack\backend\obj\Debug\net8.0\staticwebassets"
"src","frontend","5","L:\Common2\EDP\Ananthi.K (OpenAI)\dms-fullstack\frontend\src"
"api","src","6","L:\Common2\EDP\Ananthi.K (OpenAI)\dms-fullstack\frontend\src\api"
"components","src","6","L:\Common2\EDP\Ananthi.K (OpenAI)\dms-fullstack\frontend\src\components"
"context","src","6","L:\Common2\EDP\Ananthi.K (OpenAI)\dms-fullstack\frontend\src\context"
"pages","src","6","L:\Common2\EDP\Ananthi.K (OpenAI)\dms-fullstack\frontend\src\pages"
"types","src","6","L:\Common2\EDP\Ananthi.K (OpenAI)\dms-fullstack\frontend\src\types"
"{api,components","src","6","L:\Common2\EDP\Ananthi.K (OpenAI)\dms-fullstack\frontend\src\{api,components"
"auth","components","7","L:\Common2\EDP\Ananthi.K (OpenAI)\dms-fullstack\frontend\src\components\auth"
"{auth,layout,ui},pages,context,hooks,types,utils}","{api,components","7","L:\Common2\EDP\Ananthi.K (OpenAI)\dms-fullstack\frontend\src\{api,components\{auth,layout,ui},pages,context,hooks,types,utils}"
"static","englishtoVita","4","L:\Common2\EDP\Ananthi.K (OpenAI)\englishtoVita\static"
"templates","englishtoVita","4","L:\Common2\EDP\Ananthi.K (OpenAI)\englishtoVita\templates"
"static","English_to_Viet_New","4","L:\Common2\EDP\Ananthi.K (OpenAI)\English_to_Viet_New\static"
"templates","English_to_Viet_New","4","L:\Common2\EDP\Ananthi.K (OpenAI)\English_to_Viet_New\templates"
"Areas","file_upload_sfdc","4","L:\Common2\EDP\Ananthi.K (OpenAI)\file_upload_sfdc\Areas"
"bin","file_upload_sfdc","4","L:\Common2\EDP\Ananthi.K (OpenAI)\file_upload_sfdc\bin"
"Content","file_upload_sfdc","4","L:\Common2\EDP\Ananthi.K (OpenAI)\file_upload_sfdc\Content"
"Scripts","file_upload_sfdc","4","L:\Common2\EDP\Ananthi.K (OpenAI)\file_upload_sfdc\Scripts"
"Views","file_upload_sfdc","4","L:\Common2\EDP\Ananthi.K (OpenAI)\file_upload_sfdc\Views"
"HelpPage","Areas","5","L:\Common2\EDP\Ananthi.K (OpenAI)\file_upload_sfdc\Areas\HelpPage"
"Views","HelpPage","6","L:\Common2\EDP\Ananthi.K (OpenAI)\file_upload_sfdc\Areas\HelpPage\Views"
"Help","Views","7","L:\Common2\EDP\Ananthi.K (OpenAI)\file_upload_sfdc\Areas\HelpPage\Views\Help"
"Shared","Views","7","L:\Common2\EDP\Ananthi.K (OpenAI)\file_upload_sfdc\Areas\HelpPage\Views\Shared"
"DisplayTemplates","Help","8","L:\Common2\EDP\Ananthi.K (OpenAI)\file_upload_sfdc\Areas\HelpPage\Views\Help\DisplayTemplates"
"roslyn","bin","5","L:\Common2\EDP\Ananthi.K (OpenAI)\file_upload_sfdc\bin\roslyn"
"Home","Views","5","L:\Common2\EDP\Ananthi.K (OpenAI)\file_upload_sfdc\Views\Home"
"Shared","Views","5","L:\Common2\EDP\Ananthi.K (OpenAI)\file_upload_sfdc\Views\Shared"
"runtimes","new_offline_cards","4","L:\Common2\EDP\Ananthi.K (OpenAI)\new_offline_cards\runtimes"
"linux","runtimes","5","L:\Common2\EDP\Ananthi.K (OpenAI)\new_offline_cards\runtimes\linux"
"osx","runtimes","5","L:\Common2\EDP\Ananthi.K (OpenAI)\new_offline_cards\runtimes\osx"
"unix","runtimes","5","L:\Common2\EDP\Ananthi.K (OpenAI)\new_offline_cards\runtimes\unix"
"win","runtimes","5","L:\Common2\EDP\Ananthi.K (OpenAI)\new_offline_cards\runtimes\win"
"win-arm","runtimes","5","L:\Common2\EDP\Ananthi.K (OpenAI)\new_offline_cards\runtimes\win-arm"
"win-arm64","runtimes","5","L:\Common2\EDP\Ananthi.K (OpenAI)\new_offline_cards\runtimes\win-arm64"
"win-x64","runtimes","5","L:\Common2\EDP\Ananthi.K (OpenAI)\new_offline_cards\runtimes\win-x64"
"win-x86","runtimes","5","L:\Common2\EDP\Ananthi.K (OpenAI)\new_offline_cards\runtimes\win-x86"
"lib","linux","6","L:\Common2\EDP\Ananthi.K (OpenAI)\new_offline_cards\runtimes\linux\lib"
"net6.0","lib","7","L:\Common2\EDP\Ananthi.K (OpenAI)\new_offline_cards\runtimes\linux\lib\net6.0"
"lib","osx","6","L:\Common2\EDP\Ananthi.K (OpenAI)\new_offline_cards\runtimes\osx\lib"
"net6.0","lib","7","L:\Common2\EDP\Ananthi.K (OpenAI)\new_offline_cards\runtimes\osx\lib\net6.0"
"lib","unix","6","L:\Common2\EDP\Ananthi.K (OpenAI)\new_offline_cards\runtimes\unix\lib"
"net6.0","lib","7","L:\Common2\EDP\Ananthi.K (OpenAI)\new_offline_cards\runtimes\unix\lib\net6.0"
"lib","win","6","L:\Common2\EDP\Ananthi.K (OpenAI)\new_offline_cards\runtimes\win\lib"
"net6.0","lib","7","L:\Common2\EDP\Ananthi.K (OpenAI)\new_offline_cards\runtimes\win\lib\net6.0"
"net8.0","lib","7","L:\Common2\EDP\Ananthi.K (OpenAI)\new_offline_cards\runtimes\win\lib\net8.0"
"native","win-arm","6","L:\Common2\EDP\Ananthi.K (OpenAI)\new_offline_cards\runtimes\win-arm\native"
"native","win-arm64","6","L:\Common2\EDP\Ananthi.K (OpenAI)\new_offline_cards\runtimes\win-arm64\native"
"native","win-x64","6","L:\Common2\EDP\Ananthi.K (OpenAI)\new_offline_cards\runtimes\win-x64\native"
"native","win-x86","6","L:\Common2\EDP\Ananthi.K (OpenAI)\new_offline_cards\runtimes\win-x86\native"
"runtimes","New_offline_card_18.3","4","L:\Common2\EDP\Ananthi.K (OpenAI)\New_offline_card_18.3\runtimes"
"linux","runtimes","5","L:\Common2\EDP\Ananthi.K (OpenAI)\New_offline_card_18.3\runtimes\linux"
"osx","runtimes","5","L:\Common2\EDP\Ananthi.K (OpenAI)\New_offline_card_18.3\runtimes\osx"
"unix","runtimes","5","L:\Common2\EDP\Ananthi.K (OpenAI)\New_offline_card_18.3\runtimes\unix"
"win","runtimes","5","L:\Common2\EDP\Ananthi.K (OpenAI)\New_offline_card_18.3\runtimes\win"
"win-arm","runtimes","5","L:\Common2\EDP\Ananthi.K (OpenAI)\New_offline_card_18.3\runtimes\win-arm"
"win-arm64","runtimes","5","L:\Common2\EDP\Ananthi.K (OpenAI)\New_offline_card_18.3\runtimes\win-arm64"
"win-x64","runtimes","5","L:\Common2\EDP\Ananthi.K (OpenAI)\New_offline_card_18.3\runtimes\win-x64"
"win-x86","runtimes","5","L:\Common2\EDP\Ananthi.K (OpenAI)\New_offline_card_18.3\runtimes\win-x86"
"lib","linux","6","L:\Common2\EDP\Ananthi.K (OpenAI)\New_offline_card_18.3\runtimes\linux\lib"
"net6.0","lib","7","L:\Common2\EDP\Ananthi.K (OpenAI)\New_offline_card_18.3\runtimes\linux\lib\net6.0"
"lib","osx","6","L:\Common2\EDP\Ananthi.K (OpenAI)\New_offline_card_18.3\runtimes\osx\lib"
"net6.0","lib","7","L:\Common2\EDP\Ananthi.K (OpenAI)\New_offline_card_18.3\runtimes\osx\lib\net6.0"
"lib","unix","6","L:\Common2\EDP\Ananthi.K (OpenAI)\New_offline_card_18.3\runtimes\unix\lib"
"net6.0","lib","7","L:\Common2\EDP\Ananthi.K (OpenAI)\New_offline_card_18.3\runtimes\unix\lib\net6.0"
"lib","win","6","L:\Common2\EDP\Ananthi.K (OpenAI)\New_offline_card_18.3\runtimes\win\lib"
"net6.0","lib","7","L:\Common2\EDP\Ananthi.K (OpenAI)\New_offline_card_18.3\runtimes\win\lib\net6.0"
"net8.0","lib","7","L:\Common2\EDP\Ananthi.K (OpenAI)\New_offline_card_18.3\runtimes\win\lib\net8.0"
"native","win-arm","6","L:\Common2\EDP\Ananthi.K (OpenAI)\New_offline_card_18.3\runtimes\win-arm\native"
"native","win-arm64","6","L:\Common2\EDP\Ananthi.K (OpenAI)\New_offline_card_18.3\runtimes\win-arm64\native"
"native","win-x64","6","L:\Common2\EDP\Ananthi.K (OpenAI)\New_offline_card_18.3\runtimes\win-x64\native"
"native","win-x86","6","L:\Common2\EDP\Ananthi.K (OpenAI)\New_offline_card_18.3\runtimes\win-x86\native"
"App_Code","Order_Entry","4","L:\Common2\EDP\Ananthi.K (OpenAI)\Order_Entry\App_Code"
"App_Data","Order_Entry","4","L:\Common2\EDP\Ananthi.K (OpenAI)\Order_Entry\App_Data"
"Bin","Order_Entry","4","L:\Common2\EDP\Ananthi.K (OpenAI)\Order_Entry\Bin"
"css","Order_Entry","4","L:\Common2\EDP\Ananthi.K (OpenAI)\Order_Entry\css"
"images","Order_Entry","4","L:\Common2\EDP\Ananthi.K (OpenAI)\Order_Entry\images"
"js","Order_Entry","4","L:\Common2\EDP\Ananthi.K (OpenAI)\Order_Entry\js"
"PublishProfiles","App_Data","5","L:\Common2\EDP\Ananthi.K (OpenAI)\Order_Entry\App_Data\PublishProfiles"
".vs","VIETNAME OA","4","L:\Common2\EDP\Ananthi.K (OpenAI)\VIETNAME OA\.vs"
"VIETNAME OA",".vs","5","L:\Common2\EDP\Ananthi.K (OpenAI)\VIETNAME OA\.vs\VIETNAME OA"
"config","VIETNAME OA","6","L:\Common2\EDP\Ananthi.K (OpenAI)\VIETNAME OA\.vs\VIETNAME OA\config"
"FileContentIndex","VIETNAME OA","6","L:\Common2\EDP\Ananthi.K (OpenAI)\VIETNAME OA\.vs\VIETNAME OA\FileContentIndex"
"v17","VIETNAME OA","6","L:\Common2\EDP\Ananthi.K (OpenAI)\VIETNAME OA\.vs\VIETNAME OA\v17"
